studie;gruppe;absatz;satz;ueberschrift;woerter;primaer;sekundaer;zg;deutung;p;stat;es;ki;prozent;msd;klasse;sig;objekt;beleg;wir;null;zahlen;statwert;konnektor;objekt_subjekt;objekt_ort;objekt_klammer;praesens_objekt;text
Lloyd2016;Kern;1;1.1;;43;X1;"B4;B2";S+J;0;0;0;0;0;0;0;2;1;1;0;0;0;3;0;;0;1;0;1;Mean changes in sprint and jump performances, including effect sizes, are displayed in Table 4 for pre- and post-PHV groups, respectively, and where significant, changes in sprint and jump performances in both pre-PHV and post-PHV groups ranged from small (<0.20) to large (>0.90).
Lloyd2016;Kern;1;1.2;;19;B4;B2;X;0;0;0;0;0;0;0;0;1;0;0;0;1;1;0;Irrespective;0;0;0;0;Irrespective of maturation, none of the control groups made any significant changes in performance over the 6-week training period.
Lloyd2016;Kern;1;1.3;;51;O2;V2;;0;0;0;0;0;7;0;0;0;0;0;0;0;7;1;;0;0;0;0;Attendance rates for pre-PHV (plyometric training = 91%, traditional strength training = 89%, and combined training = 90%) and post-PHV (plyometric training = 83%, traditional strength training = 88%, and combined training = 87%) experimental groups and both control groups (>82%) were above the predetermined attendance threshold across the intervention period.
Lloyd2016;Kern;2;2.1;;15;B2;B3;S;0;0;0;0;0;0;0;0;0;0;0;0;0;0;0;;0;0;0;0;Significant main effects in acceleration and maximal running velocity were reported for time and maturity.
Lloyd2016;Kern;2;2.2;;15;B3;;S;0;0;0;0;0;0;0;0;0;0;0;0;0;0;0;For both;0;0;0;0;For both indices of sprinting, post-PHV boys demonstrated faster performances after the training intervention period.
Lloyd2016;Kern;2;2.3;;21;B1;B3;S;0;0;0;0;0;0;0;0;1;0;0;0;0;0;0;For acceleration;0;0;0;0;For acceleration, significant interactions were found for time × maturity, time × training group, and time × maturity × training group.
Lloyd2016;Kern;2;2.4;;25;B2;;S;0;0;0;0;0;0;0;0;1;0;0;0;0;1;0;;0;0;0;0;Acceleration significantly improved in all 3 training groups from within the pre-PHV cohort and in the resistance and combined training groups within the post-PHV cohort.
Lloyd2016;Kern;2;2.5;;15;B1;;S;0;0;0;0;0;0;0;0;1;0;0;0;0;0;0;;0;0;0;0;Analysis of maximal running velocity data revealed a significant interaction for time × training group.
Lloyd2016;Kern;2;2.6;;18;B2;;S;0;0;0;0;0;0;0;0;1;0;0;0;0;0;0;;0;0;0;0;Maximal running velocity significantly increased in the plyometric and combined training groups of both pre- and post-PHV cohorts.
Lloyd2016;Kern;3;3.1;;17;B2;B3;J;0;0;0;0;0;0;0;0;0;0;0;0;0;0;0;;0;0;0;0;Analysis of squat jump and reactive strength index data showed main effects for both time and maturity.
Lloyd2016;Kern;3;3.2;;14;B3;;J;0;0;0;0;0;0;0;0;0;0;0;0;0;0;0;For both;0;0;0;0;For both jumping variables, post-PHV youth demonstrated greater performances after the training intervention period.
Lloyd2016;Kern;3;3.3;;21;B1;B3;J;0;0;0;0;0;0;0;0;0;0;0;0;0;0;0;;0;0;0;0;Significant interactions were found for time × maturity and time × training groups for both squat jump and reactive strength index.
Lloyd2016;Kern;3;3.4;;16;B3;B1;J;0;0;0;0;0;0;0;0;1;0;0;0;0;0;0;Additionally;0;0;0;0;Additionally, there was a significant time × maturity × training group interaction for squat jump performance.
Lloyd2016;Kern;3;3.5;;17;B2;;J;0;0;0;0;0;0;0;0;0;0;0;0;0;0;0;;0;0;0;0;Significant improvements in squat jump height and reactive strength index were seen in all pre-PHV training groups.
Lloyd2016;Kern;3;3.6;;29;B2;;J;0;0;0;0;0;0;0;0;2;0;0;0;0;0;0;In the;0;0;0;0;In the post-PHV cohort, squat jump height increased significantly in the resistance and combined training groups, whereas reactive strength index improved significantly in the plyometric and combined training groups.
Lloyd2016;Kern;4;4.1;;37;B4;"B3;B2";X;0;0;0;0;0;0;0;0;2;0;0;0;0;0;0;Although;0;0;0;0;Although within-group analysis showed that all training groups improved some aspect of neuromuscular performance in response to their specific training interventions, significance testing failed to determine any significant differences in training response between pre- and post-PHV groups.
Lloyd2016;Kern;4;4.2;;26;B4;B3;X;0;0;0;0;0;0;0;1;1;0;0;0;1;0;0;;0;0;0;0;Nearly all the differences in training responses between pre- and post-PHV cohorts were not significant and “trivial” for traditional strength training, combined training, and control groups.
Lloyd2016;Kern;4;4.3;;34;B3;;S+J;0;0;0;0;0;0;0;0;0;1;0;0;0;1;0;However;0;0;1;0;However, pre-PHV children who completed the plyometric training intervention showed changes in acceleration and squat jump height that were “very likely greater” than post-PHV youth who also followed the plyometric training intervention (Figure 1).
Hammami2016;Kern;1;1.1;;21;B4;"B2;O4";X;0;0;0;0;0;0;0;0;1;0;0;0;1;1;0;;0;0;0;0;The control group did not show any significant differences in anthropometric measures, sprint, agility, RSSA, RCOD or over the 8-week trial.
Hammami2016;Kern;1;1.2;;25;B2;;S;1;1;0;0;0;0;0;0;1;1;0;0;0;5;1;However;0;0;1;0;However, the plyometric training program induced significant increases in sprint times for the experimental group over distances of 5m, 10m and 20m (p≤0.05) (Table 4).
Hammami2016;Kern;1;1.3;;32;B2;;C;0;1;0;0;0;0;0;0;1;1;0;0;1;8;1;;0;0;1;0;None of the 3 agility tests showed any significant gains for the experimental group (S180°, SBF and S 4 X 5 had respective p values of 0.08, 0.06 and 0.142) (Table 4).
Hammami2016;Kern;1;1.4;;27;B2;;W;0;2;0;0;0;0;0;0;1;1;0;0;1;4;1;;0;0;1;0;"Two of the 3 RCOD scores (RCODbest ; RCODtotal) improved significantly for the experimental subjects (p<0.01 and p<0.05 respectively), whereas the RCOD decrement remained unchanged (Table 5)."
Hammami2016;Kern;1;1.5;;10;B2;;W;0;0;0;0;0;0;0;0;1;1;0;0;1;1;0;;0;0;1;0;No significant changes of RSSA performance were seen (Table 5).
Beato2018;Kern;1;1.1;;54;O4;;;0;0;0;0;0;2;9;0;0;0;0;0;0;16;1;;0;0;0;0;"CODJ-G and COD-G had the following characteristics: mean ± SDs; age 17 ± 0.8 years, weight 69.2 ± 6.1 kg, height 175.2 ± 5.9 cm, fat mass = 10 ± 3%, and age 17 ± 1.0 years, weight 71.3 ± 6.8 kg, height 178.6 ± 6.5 cm, fat mass = 10 ± 4%, respectfully."
Beato2018;Kern;2;2.1;;19;O2;;;0;0;0;0;0;2;0;0;0;0;0;0;0;2;1;;0;0;0;0;A compliance of 93% and 96% for CODJ-G and COD-G, respectively, was reported at the end of this study.
Beato2018;Kern;2;2.2;;16;O3;;;0;0;0;0;0;0;2;0;0;0;0;0;0;4;1;;0;0;0;0;The average RPE was 5.5 ± 0.99 and 5.50 ± 1 for CODJ-G and COD-G, respectively.
Beato2018;Kern;3;3.1;;14;X2;;X;0;0;0;0;0;0;0;0;0;0;0;0;0;1;0;;0;0;0;0;Exercise-induced changes in performance for both COD-G and CODJ-G after 6 weeks of training.
Beato2018;Kern;3;3.2;;14;X1;;X;0;0;0;0;0;0;0;0;0;1;0;0;0;2;0;;0;1;0;1;Within-group changes for CODJ-G and COD-G are reported in Tables 1 and 2, respectively.
Beato2018;Kern;4;4.1;;31;B1;;J;0;0;0;1;1;2;0;2;1;0;0;0;0;8;1;After;0;0;0;0;"After 6 weeks of training, CODJ-G reported substantially better results in long jump test (ES = 0.32 (small), [CL90% -0.05;0.69], with chances for beneficial, trivial, detrimental performance of 71/27/2%) than COD-G."
Beato2018;Kern;4;4.2;;15;B4;B1;X;0;0;0;0;0;0;0;0;1;0;0;0;1;0;0;;0;0;0;0;All the other tests did not report any substantial variation between groups after the protocol.
Beato2018;Kern;4;4.3;;11;X1;;X;0;0;0;0;0;0;0;0;0;1;0;0;0;1;0;;0;1;0;1;Forest plot with between-groups standardized changes is reported in figure 2.
Negra2019;Kern;1;1.1;;7;O1;;;0;0;0;0;0;0;0;0;0;0;0;0;0;0;0;;0;0;0;0;All subjects received treatment conditions as allocated.
Negra2019;Kern;1;1.2;;24;O1;;;0;0;0;0;0;0;0;0;0;0;0;0;0;0;0;;0;0;0;0;Three participants from the LPJT group withdrew from attending the youth soccer training center for personal reasons and were, therefore, excluded from the study.
Negra2019;Kern;1;1.3;;10;O2;;;0;0;0;0;0;1;0;0;0;0;0;0;0;1;1;;0;0;0;0;The training compliance rate was 95% for the two groups.
Negra2019;Kern;1;1.4;;16;X1;;X;0;0;0;0;0;0;0;0;0;1;0;0;0;1;0;;1;0;0;1;Table 3 displays test data for all components of physical fitness assessed at baseline and follow-up.
Negra2019;Kern;1;1.5;;23;O4;;;0;0;0;0;0;0;0;0;1;1;0;0;1;1;0;;0;0;1;0;There were no statistically significant baseline differences between the groups in chronological age, body height, body mass, APHV or soccer experience (Table 1).
Negra2019;Kern;1;1.6;;16;O4;;X;0;0;0;0;0;0;0;0;0;1;0;0;1;1;0;Additionally;0;0;1;0;Additionally, no between-group differences were recorded at baseline for any test of physical fitness (Table 3).
Negra2019;Kern;2;2.1;;26;B2;;X;0;0;0;0;0;0;0;1;0;1;0;0;0;3;0;;0;0;1;0;Within-group analyses for the UPJT group showed small positive effect sizes for the ICoD, modified 505 CoD, 20-m sprint-time, CMJ, SLJ, and MKD tests (Table 3).
Negra2019;Kern;2;2.2;;16;B2;;S;0;0;0;0;0;0;0;1;0;0;0;0;0;2;0;In the same group;0;0;0;0;In the same group, moderate performance improvements were shown for the 5-m and 10-m sprint-time tests.
Negra2019;Kern;2;2.3;;22;B2;;S+C;0;0;0;0;0;0;0;2;0;0;0;0;0;2;0;Regarding;0;0;0;0;Regarding the LPJT group, large and very large effect sizes were shown for the 10-m sprint-time and modified 505 CoD tests, respectively.
Negra2019;Kern;2;2.4;;16;B2;;X;0;0;0;0;0;0;0;1;0;0;0;0;0;2;0;For the;0;0;0;0;For the ICoD, 5- and 20-m sprint-time, CMJ, and MKD, moderate positive effect sizes were recorded.
Negra2019;Kern;2;2.5;;9;B2;;J;0;0;0;0;0;0;0;1;0;0;0;0;0;0;0;;0;0;0;0;The performance improvement for the SLJ test was small.
Negra2019;Kern;2;2.6;;26;B1;;X;0;0;0;0;0;0;0;2;0;1;0;0;0;2;0;;0;0;1;0;Outcomes of the between-group analyses favored the LPJT group for the modified 505 CoD, SLJ, and MKD tests with small to moderate effect sizes (Table 4).
Negra2019;Kern;2;2.7;;14;B1;;S;0;0;0;0;0;0;0;0;0;0;0;0;0;1;0;However;0;0;0;0;However, there were greater performance improvements in the 5-m sprint for the UPJT group.
Negra2019;Kern;2;2.8;;16;B4;B1;X;0;0;0;0;0;0;0;1;0;1;0;0;0;3;0;For the;0;0;1;0;For the remaining tests (ICoD, 10-m, 20-m, and CMJ), trivial between-group differences were demonstrated (Table 4).
Negra2020;Kern;1;1.1;3.1. Effects of 12 weeks of RT vs. PT on measures of muscle strength and explosive actions;54;O4;;;1;0;0;0;0;0;0;0;1;1;0;0;1;3;0;;0;0;1;0;No significant differences were found between PTG and RTG in regard to chronological age, height, weight, body mass, stages of puberty development according to Tanner, age at peak height velocity, and soccer experience, suggesting that (1) boys were all in prepubertal period and (2) both groups had similar age and anthropometric characteristics (Table 1).
Negra2020;Kern;1;1.2;3.1. Effects of 12 weeks of RT vs. PT on measures of muscle strength and explosive actions;7;O1;O2;;0;0;0;0;0;0;0;0;0;0;0;0;0;0;0;;0;0;0;0;All participants completed the aforementioned training programs.
Negra2020;Kern;1;1.3;3.1. Effects of 12 weeks of RT vs. PT on measures of muscle strength and explosive actions;13;X1;;X;0;0;0;0;0;0;0;0;0;1;0;0;0;1;0;;0;1;0;1;The baseline and post-intervention values for all variables are presented in Table 2.
Negra2020;Kern;1;1.4;3.1. Effects of 12 weeks of RT vs. PT on measures of muscle strength and explosive actions;39;B4;B2;X;0;3;0;0;0;0;0;0;2;0;0;0;0;4;1;After;0;0;0;0;"After training, the RTG showed significant improvements in all tests (p < 0.05); the PTG showed significant improvements in all tests (p < 0.05) except for the 1RM half-squat test (p > 0.05), and the CG showed no changes."
Negra2020;Kern;1;1.5;3.1. Effects of 12 weeks of RT vs. PT on measures of muscle strength and explosive actions;32;B4;B1;X;0;1;0;0;0;0;0;0;0;0;0;0;1;2;1;;0;0;0;0;No differences were found in the improvements between experimental groups except in the 1RM half-squat test (p < 0.001), for which greater changes were demonstrated in the RTG than in the PTG.
Negra2020;Kern;2;2.1;3.2. Time course of improvements;22;X1;;X;0;0;0;0;0;0;0;0;0;1;0;0;0;4;0;;0;1;0;1;The test values for the RTG and PTG at baseline, 4 weeks, 8 weeks, and 12 weeks are presented in Table 2.
Negra2020;Kern;3;3.1;3.2. Time course of improvements;16;X1;;X;0;0;0;0;0;0;0;0;0;1;0;0;0;1;0;;0;1;0;1;Results in time of course improvements in all the outcome measures are shown in Table 3.
Aloui2022;Kern;1;1.1;;6;X1;O5;X;0;0;0;0;0;0;0;0;0;1;0;0;0;1;0;;0;1;0;1;Reliability is summarized in Table 3.
Aloui2022;Kern;1;1.2;;12;O5;;X;0;0;0;0;1;1;0;0;0;0;0;0;0;1;1;;0;0;0;0;ICC and CV, including 95% CI, show acceptable reliability for all variables.
Aloui2022;Kern;1;1.3;;7;O4;;X;0;0;0;0;0;0;0;0;0;0;0;0;1;0;0;;0;0;0;0;No parameter showed between-group differences at baseline.
Aloui2022;Kern;2;2.1;Training Effects on Jump Performance;53;B1;B2;J;0;3;0;3;0;3;0;0;0;1;0;0;0;10;1;;0;0;1;0;"There were interaction effects (group × time) for vertical and horizontal jump performances, with the EG outperforming the CG in terms of improvement from pre- to post-intervention (SJ: Δ19%, p < 0.01, d = 0.71; CMJA: Δ20%, p < 0.05, d = 0.86; FJT: Δ15%, p < 0.05, d = 0.74; Table 4)."
Aloui2022;Kern;3;3.1;Training Effects on Sprint Performance;40;B1;B2;S;0;2;0;2;0;2;0;0;0;1;0;0;0;9;1;;0;0;1;0;"There was a training effect (group × time) on sprint performance, with the EG improving more than CG (10 m sprint: Δ−11%, p < 0.01, d = 0.71; 30 m sprint: Δ−9%, p < 0.05, d = 0.64; Table 4)."
Aloui2022;Kern;4;4.1;Training Effects on Change-of-Direction Ability;34;B1;B2;C;0;2;0;2;0;2;0;0;0;1;0;0;0;9;1;;0;0;1;0;"There was a training effect for S90◦ and SBF with the EG improving more than CG (S90◦: Δ−9%, p < 0.01, d = 0.76; SBF: Δ−8%, p < 0.05, d = 0.66; Table 4)."
Aloui2022;Kern;5;5.1;Training Effects on Repeated Shuttle Sprint Ability;46;B1;B2;W;0;2;0;2;0;2;0;0;0;1;0;0;0;7;1;For the;0;0;1;0;"For the ability to perform RSS, the RSSA test also showed group × time interactions for most of its parameters (RSSA best and RSSA mean), with time decreases of Δ−8% (p < 0.01, d = 0.72) and Δ−8% (p < 0.01, d = 0.71; Table 5)."
Aloui2022;Kern;6;6.1;Training Effects on Balance Performance;49;B1;B2;Ba;0;3;0;3;0;3;0;0;0;0;0;0;0;9;1;;0;0;0;0;"There was a training effect on Y balance test performance with the EG improving more for balance measured on both legs (anterior: Δ11%, p = 0.05, d = 0.50; posteromedial: Δ10%, p < 0.05, d = 0.59; posterolateral: Δ16%, p < 0.05, d = 0.54 for right support leg)."
Aloui2022;Kern;6;6.2;Training Effects on Balance Performance;35;B1;B2;Ba;0;3;0;3;0;3;0;0;0;1;0;1;0;10;1;For the;0;0;1;0;"For the left support leg, we found similar results (anterior: Δ11%, p < 0.05, d = 0.53; posteromedial: Δ10%, p < 0.05, d = 0.66; posterolateral: Δ15%, p < 0.05, d = 0.54; Table 5)."
Liu2024;Kern;1;1.1;;24;O4;;X;0;3;3;3;0;0;0;0;1;0;0;0;1;10;1;;0;0;0;0;"Baseline comparisons revealed no significant differences between groups on CMJ (F=0.979; p=0.410; ηp²=0.052), YYIRT (F=0.087; p=0.967; ηp²=0.005) and 30-m sprint time (F=0.140; p=0.935; ηp²=0.008)."
Liu2024;Kern;1;1.2;;15;X1;;X;0;0;0;0;0;0;0;0;0;1;0;0;0;1;0;;0;1;0;1;Descriptive statistics of physical fitness outcomes pre and post-intervention can be observed in Table 3.
Liu2024;Kern;2;2.1;;19;B2;;J;0;1;1;1;0;0;0;0;1;0;0;0;1;3;1;;0;0;0;0;"There was not a significant main effect of time on CMJ (F=0.457; p=0.502; ηp²=0.008) excluding the interaction with groups."
Liu2024;Kern;2;2.2;;14;B1;;J;0;1;1;1;0;0;0;0;1;0;0;0;0;3;1;However;0;0;0;0;"However, significant interactions between time and groups were found in CMJ (F=18.968; p<0.001; ηp²=0.513)."
Liu2024;Kern;2;2.3;;28;B1;;J;0;3;0;0;0;0;0;0;1;0;0;0;0;6;1;;0;0;0;0;"Group*time interaction revealed that the control group was significantly different from HIIT (mean difference: 2.133cm; p<0.001), PJT (mean difference: 2.390 cm; p<0.001), and HIIT+PJT (mean difference: 2.533cm; p<0.001)."
Liu2024;Kern;2;2.4;;38;B2;;J;0;4;0;0;0;0;0;0;3;0;0;0;1;6;1;Considering;0;0;0;0;"Considering the within-group differences, HIIT and HIIT+PJT did not significantly vary from pre to post (p>0.999 and p>0.080, respectively), while PJT significantly improved (mean difference: +0.786cm; p=0.002) and control group significantly declined his performance (mean difference: 1.533cm; p<0.001)."
Liu2024;Kern;2;2.5;;14;X1;Z1;X;0;0;0;0;0;0;0;0;0;1;0;0;0;1;0;;1;0;0;1;Figure 2 shows the individual percentage of difference (post-pre) for the three main outcomes.
Liu2024;Kern;3;3.1;;19;B2;;E;0;1;1;1;0;0;0;0;1;0;0;0;0;3;1;;0;0;0;0;"There was a significant main effect of time on YYIRT (F=56.727; p<0.001; ηp² =0.512) excluding the interaction with groups."
Liu2024;Kern;3;3.2;;14;B1;;E;0;1;1;1;0;0;0;0;1;0;0;0;0;3;1;However;0;0;0;0;"However, significant interactions between time and groups were found in YYIRT (F=17.570; p<0.001; ηp²=0.494)."
Liu2024;Kern;3;3.3;;23;B1;;E;0;2;0;0;0;0;0;0;2;0;0;0;0;3;1;;0;0;0;0;"Group*time interaction revealed that control group was significantly different from HIIT (mean difference: 270.67m; p=0.037), although no other significant differences were found (p>0.05)."
Liu2024;Kern;3;3.4;;38;B2;;E;0;4;0;0;0;0;0;0;2;0;0;0;1;7;1;Considering;0;0;0;0;"Considering the within group differences, HIIT did not significantly varied from pre to post (p=0.474), while PJT significantly declined (mean difference: 110.0m; p<0.001), as well as PJT+HIIT (mean difference: 64.3m; p=0.020) and control group (mean difference: 241.3m; p<0.001)."
Liu2024;Kern;4;4.1;;19;B2;;S;0;1;1;1;0;0;0;0;1;0;0;0;0;4;1;;0;0;0;0;"There was a significant main effect of time on 30-m sprint (F=173.052; p<0.001; ηp²=0.762) excluding the interaction with groups."
Liu2024;Kern;4;4.2;;15;B1;;S;0;1;1;1;0;0;0;0;1;0;0;0;0;4;1;However;0;0;0;0;"However, significant interactions between time and groups were found in 30-m sprint (F=19.012; p<0.001; ηp²=0.514)."
Liu2024;Kern;4;4.3;;26;B1;;S;0;3;0;0;0;0;0;0;1;0;0;0;0;6;1;;0;0;0;0;"Group*time interaction revealed that control group was significantly different from HIIT (mean difference: 0.031s; p=0.024), PJT (mean difference: 0.045s; p<0.001) and HIIT+PJT (mean difference: 0.033s; p=0.021)."
Liu2024;Kern;4;4.4;;36;B2;;S;0;4;0;0;0;0;0;0;1;0;0;0;0;8;1;Considering;0;0;0;0;"Considering the within group differences, HIIT significantly declined from pre to post (mean difference: 0.023s; p<0.001), as well as PJT (mean difference: 0.014s; p=0.002), PJT+HIIT (mean difference: 0.019s; p<0.001) and control group (mean difference: 0.054s; p<0.001)."
Moran2024;Kern;1;1.1;;17;X1;Z1;S+C;0;0;0;0;0;0;0;0;0;1;0;0;0;1;0;;1;0;0;1;Fig 1 shows pre- and post-training measures for each participant for the three sprint tests (separate rows).
Moran2024;Kern;1;1.2;;26;X1;Z1;S+C;0;0;0;0;0;0;0;0;0;1;0;0;0;1;0;;1;0;0;1;The rightmost panels in Fig 1 illustrates the improvement, pre minus post, for each individual participant (circles) and the median improvement in each training group (squares).
Moran2024;Kern;1;1.3;;24;X1;Z1;J;0;0;0;0;0;0;0;0;0;1;0;0;0;1;0;;1;0;0;1;Fig 2 shows pre- and post-training measures for the two jumping tests (separate rows) and the rightmost panels illustrate the improvement, post minus pre.
Moran2024;Kern;1;1.4;;9;X1;;X;0;0;0;0;0;0;0;0;0;1;0;0;0;1;0;;0;1;0;0;The mean improvements are also listed in Table 2.
Moran2024;Kern;1;1.5;;16;B2;;S;0;0;0;0;0;0;0;1;0;1;0;0;0;3;0;;0;0;1;0;Effect sizes (Tables 2 and 3) for the 10 m sprint were trivial in every group.
Moran2024;Kern;1;1.6;;28;B2;;S;0;0;0;0;0;0;0;2;0;0;0;0;0;1;0;;0;0;0;0;A trivial effect size was also observed in the V+HPT group for the 40 m sprint while small effect sizes were observed in the VPT and HPT groups.
Moran2024;Kern;1;1.7;;26;B2;B1;C;0;0;0;0;0;0;0;1;0;0;0;0;0;1;0;;0;0;0;0;Moderate effects of varying size were seen for the 505 COD test with the largest in the V+HPT group and the smallest in the VPT group.
Moran2024;Kern;1;1.8;;23;B2;B1;J;0;0;0;0;0;0;0;1;0;0;0;0;0;0;0;;0;0;0;0;Largely equivalent small effects were observed for the SLJ test while the V+HPT group achieved the largest effect size for the vertical jump.
Moran2024;Kern;1;1.9;;13;B2;;J;0;0;0;0;0;0;0;1;0;0;0;0;0;0;0;;0;0;0;0;The V and H groups demonstrated moderate changes for the vertical jump test.
Sammoud2024;Kern;1;1.1;;21;O2;"O1;V2";;0;0;0;0;0;1;0;0;0;0;0;0;0;1;1;;0;0;0;0;All the players successfully completed more than 85% of the training sessions and were consequently fully included in the final analyses.
Sammoud2024;Kern;1;1.2;;11;X1;;X;0;0;0;0;0;0;0;0;0;1;0;0;0;1;0;;0;1;0;1;The results presented in this section are included in Table 3.
Sammoud2024;Kern;1;1.3;;16;O4;;;0;0;0;0;0;0;0;0;0;0;0;0;0;0;0;;0;0;0;0;Significant between groups differences were detected for the chronological age, height, body mass, and maturity offset.
Sammoud2024;Kern;1;1.4;;14;O4;;;1;0;0;0;0;0;0;0;0;1;0;0;0;1;0;Nevertheless;0;0;1;0;Nevertheless, the maturity offset method indicated that all the participants were prepubertal (Table 1).
Sammoud2024;Kern;1;1.5;;26;O4;;X;0;2;0;0;0;0;0;0;1;0;0;0;1;2;1;In terms of;0;0;0;0;In terms of physical fitness measures, no significant baseline differences between groups were observed (p > 0.05), except for the inter-limb asymmetry score (p < 0.05).
Sammoud2024;Kern;2;2.1;;49;B1;;X;0;5;0;5;0;0;0;1;1;0;0;0;0;11;1;;0;0;0;0;"A significant large between-group difference at post-test was observed for CMJ height (p < 0.001; d = 2.00), SLJ (p < 0.01; d = 1.36), SHTD-D (p < 0.001; d = 1.40), SHTD-D (p < 0.001; d = 1.93), and 505 CoD (p < 0.01; d = 1.30) tests."
Sammoud2024;Kern;2;2.2;;41;B2;;X;0;0;0;5;0;5;0;1;1;0;0;0;0;11;1;More specifically;0;0;0;0;"More specifically, the PJT group achieved significant large pre-to-post training improvements in CMJ height (∆16.85%; d = 3.47), SLJ (∆9.77%; d = 1.15), SHTD-D (∆10.87%; d = 1.44), SHTD-ND (∆6.83%; d = 1.20), and 505 CoD (∆-6.53%, d = 1.06) tests."
Sammoud2024;Kern;2;2.3;;37;B2;;X;0;0;0;5;0;5;0;0;1;0;0;0;1;11;1;However;0;0;0;0;"However, for the CG, no significant pre-to-post changes were found for CMJ height (∆0.76%; d = 0.07), SLJ (∆0.98%d = 0.24), SHTD-D (∆0.67%d = 0.08), SHTD-ND (∆0.35%d = 0.12), and 505 CoD (∆-0.21%, d = 0.08) tests."
Sammoud2024;Kern;3;3.1;;21;B1;;A;0;1;0;1;0;0;0;1;1;0;0;0;0;2;1;Regarding;0;0;0;0;Regarding the asymmetry scores, the ANCOVA analysis indicated a significant large between-group difference at post-test (p = 0.05, d = 0.84).
Sammoud2024;Kern;3;3.2;;28;B2;;A;0;0;0;2;0;3;0;1;1;0;0;0;1;4;1;;0;0;0;0;A significant small pre-to-post reduction was found for the PJT group (change = -4.75%%, d = 0.43) but not for the CG (change = 1.96%, d = 0.33).
Bouafif2026;Kern;1;1.1;;36;B4;B2;X;0;2;2;2;0;0;0;0;1;0;0;0;1;8;1;;0;0;0;0;All performances were significantly enhanced from pre- to post test (F ≥ 4.3, p ≤ 0.045, η2 ≥ 0.10) except not for the CoD with right foot (F = 0.21, p = 0.65, η2 < 0.01).
Bouafif2026;Kern;1;1.2;;53;B4;"B1;B3";X;0;2;2;2;0;0;0;0;2;0;0;0;0;8;1;Also;0;0;0;0;Also, a significant time × training group interaction effect was found for all tests (F ≥ 7.2, p ≤ 0.010, η2 ≥ 0.16) together with significant age group effect for all jump tests and for the balance and CoD test with the right foot (F ≥ 4.2, p ≤ 0.048, η2 ≥ 0.10).
Bouafif2026;Kern;1;1.3;;59;B3;B1;X;0;1;1;1;0;0;0;0;2;0;0;0;0;4;1;Only;0;0;0;0;Only balance with the right foot showed a significant training group and time × age interaction effect (F ≥ 8.1, p ≤ 0.007, η2 ≥ 0.17), while only a significant training group × age group interaction effect for jumps with right foot and a time × training group × age group interaction effect for the CoD with right foot.
Bouafif2026;Kern;1;1.4;;36;B2;B3;Ba;0;0;0;0;0;0;0;0;0;0;0;0;0;0;0;;0;0;0;0;Post hoc comparison revealed that balance left and right increased for all groups from pre- to post, but for the right foot the post-PHV group at the post-test reached better balance results than the pre-PHV groups.
Bouafif2026;Kern;1;1.5;;31;B1;B3;Ba;1;0;0;0;0;0;0;0;1;1;0;0;0;1;0;;0;0;1;0;This was especially the result of better results in the plyometrics post-PHV groups, which have significantly better balance in both feet than the control post-PHV group at the posttest (Fig 2).
Bouafif2026;Kern;2;2.1;;14;B3;;J;0;0;0;0;0;0;0;0;0;0;0;0;0;0;0;;0;0;0;0;Jump performance was always better for the post-PHV group compared to the pre-PHV group.
Bouafif2026;Kern;2;2.2;;25;B2;B1;J;0;0;0;0;0;0;0;0;1;1;0;0;0;1;0;Furthermore;0;0;1;0;Furthermore, did both plyometric groups increased jump performance significantly over time, resulting in longer jumps at the posttest compared to the control groups (Fig 2).
Bouafif2026;Kern;2;2.3;;44;B3;B1;C;0;0;0;0;0;0;0;0;1;1;0;0;0;1;0;Also;0;0;1;0;Also, in the CoD times the times (left and right foot) were always better for the post -PHV group compared with the pre-PHV group, but at the post-test the post-PHV plyometrics group had ran significantly faster than their equally aged control group (Fig 2).
Bouafif2026;Kern;3;3.1;;80;B3;B2;A;0;5;5;5;0;0;0;0;1;0;0;0;1;20;1;About;0;0;0;0;About asymmetry, balance asymmetry was effected by training age (F = 15.0, p < 0.001, η2 = 0.29), test time (F = 35.5, p < 0.001, η2 = 0.45) together with test time × training age interaction (F = 40.9, p < 0.001, η2 = 0.51) and test time × training age × training group interaction (F = 7.2, p = 0.011, η2 = 0.16), while the rest was not significant (F ≤ 2.5, p ≥ 0.119, η2 ≤ 0.06).
Bouafif2026;Kern;3;3.2;;50;B3;;A;0;3;3;3;0;0;0;0;3;0;0;0;0;12;1;;0;0;0;0;Jumping asymmetry was only significantly affected by training group (F = 6.5, p = 0.015, η2 = 0.14), while training age almost reached significance level (F = 3.96, p = 0.054, η2 = 0.09), and no other effects reached significance level (F ≤ 1.85, p ≥ 0.18, η2 ≤ 0.045).
Bouafif2026;Kern;3;3.3;;23;B2;"B1;B3";A;0;1;1;1;0;0;0;0;1;0;0;0;1;4;1;;0;0;0;0;No significant effects were found for change of direction over time, training and age (F ≤ 3.1, p ≥ 0.086, η2 ≤ 0.07).
Bouafif2026;Kern;4;4.1;;58;B2;B3;A;0;0;0;0;0;0;0;0;3;1;0;0;1;1;0;;0;0;1;0;Post hoc comparison revealed that for balance post hoc comparison revealed that asymmetry increased significantly in both training groups of the post -PHV youth soccer players from pre to post testing, while no significant changes were observed in the pre-PHV group, resulting in significantly higher asymmetry in posttest between the post-PHV groups with the pre-PHV groups (Fig 3).
Bouafif2026;Kern;4;4.2;;30;B3;B1;A;0;0;0;0;0;0;0;0;1;1;0;0;0;1;0;;0;0;1;0;Asymmetry in jump performance was significantly different between the plyometrics training group of the pre-PHV group at pre and post with the control group of the post-PHV group (Fig 3).
Hilska2021;RCT_Praevention;1;1.1;Player Characteristics and Response Rate;14;X1;O4;;0;0;0;0;0;0;0;0;0;1;0;0;0;1;0;;0;1;0;1;The player characteristics for the intervention and study groups are provided in Table 1.
Hilska2021;RCT_Praevention;1;1.2;Player Characteristics and Response Rate;22;O3;;;0;0;0;0;0;0;0;0;0;1;0;0;0;3;0;;0;0;1;0;Mean weekly exposure hours in practice and games were 5.44 in the intervention group and 4.45 in the control group (Table 1).
Hilska2021;RCT_Praevention;2;2.1;Player Characteristics and Response Rate;23;O2;;;0;0;0;0;0;3;0;0;0;0;0;0;0;4;1;;0;0;0;0;The average response rate for the 20 short message service messages was 95% (96% and 95% in the intervention and control groups, respectively).
Hilska2021;RCT_Praevention;2;2.2;Player Characteristics and Response Rate;19;O2;;;0;0;0;0;0;2;0;0;0;0;0;1;0;3;1;;0;0;0;0;"We received responses from 73% of the players’ parents or guardians each week; 95% responded 15 times or more."
Hilska2021;RCT_Praevention;3;3.1;Injury Incidence;16;B5;;V;0;0;0;0;0;0;0;0;0;0;0;1;0;2;0;;0;0;0;0;During the study period, we recorded a total of 794 acute injuries for 541 individual players.
Hilska2021;RCT_Praevention;3;3.2;Injury Incidence;18;B5;;V;0;0;0;0;0;0;0;0;0;0;0;0;0;4;0;Of these;0;0;0;0;"Of these, 17 injuries involved the head/neck; 62, the upper extremities; 59, the trunk; and 656, the LEs."
Hilska2021;RCT_Praevention;3;3.3;Injury Incidence;38;B1;;V;0;0;0;2;2;2;0;0;0;1;0;0;0;12;1;;0;0;1;0;"The incidence per 1000 hours of exposure of all acute LE injuries was 4.4 in the intervention group and 5.5 in the control group (unadjusted IRR, 0.81 [95% CI, 0.63-1.03]; adjusted IRR, 0.82 [95% CI, 0.64-1.04]) (Table 2)."
Hilska2021;RCT_Praevention;4;4.1;Noncontact Injuries;43;B1;;V;0;0;0;2;2;2;0;0;0;0;0;0;0;11;1;;0;0;0;0;"Significantly fewer acute noncontact LE injuries occurred in the intervention group: the injury incidence rates were 1.8 and 2.7 per 1000 hours of exposure in the intervention and control groups, respectively (unadjusted IRR, 0.67 [95% CI, 0.48-0.93]; adjusted IRR, 0.68 [95% CI, 0.51-0.93])."
Hilska2021;RCT_Praevention;4;4.2;Noncontact Injuries;37;B1;Z1;V;0;0;0;0;0;2;0;0;0;1;0;0;0;3;1;;0;0;1;0;Significant reductions in the incidence rates were also seen in the subanalyses of acute noncontact injuries, and the margins were greatest in joint/ligament injuries (by 38% in the unadjusted model) and in ankle injuries (41%) (Table 2).
Hilska2021;RCT_Praevention;4;4.3;Noncontact Injuries;16;B1;;V;0;0;0;0;0;0;0;0;0;1;0;0;1;0;0;;0;0;1;0;There were no differences in the incidence of contact LE injuries between groups (Appendix Table A1).
Hilska2021;RCT_Praevention;5;5.1;Noncontact Injuries;34;B3;B1;V;0;0;0;0;0;0;0;0;1;0;0;0;0;0;0;In the;0;0;0;0;In the sex subgroup analyses, significant differences in the incidence rate reduction for boys were seen for the intervention group in all acute noncontact LE injuries as well as in ankle and joint/ligament injuries.
Hilska2021;RCT_Praevention;5;5.2;Noncontact Injuries;13;B3;B1;V;0;0;0;0;0;0;0;0;0;1;0;0;1;1;0;;0;0;1;0;No differences in the incidence rates were seen in the girls (Table 2).
Hilska2021;RCT_Praevention;6;6.1;Injury Severity;13;V2;V1;V;0;0;0;0;0;0;0;1;0;0;0;0;0;0;0;;0;0;0;0;The number of injuries was too small for analyzing each severity group separately.
Hilska2021;RCT_Praevention;6;6.2;Injury Severity;33;B5;B1;V;0;0;0;0;0;1;0;0;0;0;0;0;1;4;1;;0;0;0;0;"Most acute LE injuries resulted in a time loss of between 0 and 7 days from soccer (n = 478; 73%), and the patterns of injury severity did not differ between the groups."
Hilska2021;RCT_Praevention;6;6.3;Injury Severity;20;B5;;V;0;0;0;0;0;1;0;0;0;0;0;0;0;4;1;Of the;0;0;0;0;Of the acute noncontact injuries, a total of 199 (66%) caused a time loss of between 0 and 7 days.
Hilska2021;RCT_Praevention;6;6.4;Injury Severity;37;B1;;V;0;0;0;2;2;2;0;0;0;0;0;0;0;9;1;;0;0;0;0;"The incidence of acute noncontact LE injuries resulting in ≥7 days of time loss was smaller in the intervention group compared with the control group (unadjusted IRR, 0.66 [95% CI, 0.45-0.97]; adjusted IRR, 0.67 [95% CI, 0.47-0.96])."
Hilska2021;RCT_Praevention;7;7.1;Team Adherence;16;O2;;;0;0;0;0;0;0;0;0;0;0;0;0;0;1;0;;0;0;0;0;The average number of NMT warm-up sessions was 1.7 per week in a team throughout follow-up.
Hilska2021;RCT_Praevention;7;7.2;Team Adherence;18;O2;;;0;0;0;0;0;1;0;0;0;1;0;0;0;2;1;;0;0;1;0;On an average follow-up week, 63% of the teams conducted the NMT warm-up at least twice (Table 3).
Hilska2021;RCT_Praevention;7;7.3;Team Adherence;15;O2;;;0;0;0;0;0;0;0;0;0;0;0;0;0;0;0;;0;0;0;0;Adherence to the NMT warm-up was higher in January than late in the study period.
Hilska2021;RCT_Praevention;7;7.4;Team Adherence;18;O2;;;0;0;0;0;0;2;0;0;0;0;0;0;0;3;1;;0;0;0;0;Almost all (95%) of the teams conducted 1 or more sessions during more than 75% of the weeks.
Hilska2021;RCT_Praevention;7;7.5;Team Adherence;10;O2;;;0;0;0;0;0;0;0;0;0;0;0;0;0;3;0;;0;0;0;0;The mean session length was 25 minutes (range, 10-70 minutes).
Hilska2021;RCT_Praevention;8;8.1;Team Adherence;24;O3;O2;;0;0;0;0;0;1;0;0;0;0;0;0;0;3;1;;0;0;0;0;A total of 34 of 48 teams (71%) in the control group responded to the questionnaire considering injury preventive measures during the study period.
Hilska2021;RCT_Praevention;8;8.2;Team Adherence;30;O3;;;0;0;0;0;0;1;0;0;0;0;0;0;0;2;1;;0;0;0;0;A total of 25 teams (74% out of all answers) reported having conducted some sort of weekly injury prevention strategy bearing similarity to the NMT warm-up examined in this study.
Hilska2021;RCT_Praevention;8;8.3;Team Adherence;33;O3;;;0;0;0;0;0;4;0;0;0;0;0;0;0;4;1;;0;0;0;0;In their weekly training, most control teams included planks (94% of the teams who answered), single-leg squats and/or lunges (82%), and single-leg jumps (82%), while hip muscle strength training was less popular (41%).
Klusemann2012;Setting;1;1.1;;20;O1;Z2;;0;0;0;0;0;0;0;0;0;0;0;0;0;0;0;;0;0;0;0;One control subject was unable to complete the posttesting because of a basketball-related injury and was excluded from the analysis.
Klusemann2012;Setting;1;1.2;;20;O2;;;0;0;0;0;0;2;0;0;0;0;0;0;0;2;1;;0;0;0;0;Training logs from the online diary revealed 96% compliance from the supervised group and 77% compliance from the video group.
Klusemann2012;Setting;1;1.3;;18;O2;Z2;;0;0;0;0;0;0;0;0;0;0;0;0;0;4;0;In the;0;0;0;0;In the supervised group, 3 subjects missed 1 session and 1 subject missed 3 sessions because of illness.
Klusemann2012;Setting;1;1.4;;16;O2;;;0;0;0;0;0;0;0;0;0;0;0;0;1;0;0;;0;0;0;0;The training logs did not reveal all causes for the lower compliance in the video group.
Klusemann2012;Setting;1;1.5;;24;O2;"O1;V2";;0;0;0;0;0;1;0;0;0;0;0;0;0;4;1;Only;0;0;0;0;Only 5 subjects from the video group completed all 12 sessions, whereas 2 subjects were excluded from the final analysis for low compliance (<75%).
Klusemann2012;Setting;1;1.6;;7;O2;Z2;;0;0;0;0;0;0;0;0;0;0;0;0;0;0;0;;0;0;0;0;Illness was anecdotally reported in some cases.
Klusemann2012;Setting;1;1.7;;22;O1;;;0;0;0;0;0;0;0;0;0;0;0;0;0;4;0;;0;0;0;0;"Final data analysis included a total number of 36 subjects (SG, n = 13; VG, n = 11; CG, n = 12)."
Klusemann2012;Setting;2;2.1;Physical Testing Results;13;B4;B2;X;0;0;0;0;0;0;0;0;0;1;0;0;0;1;0;;0;0;1;0;Substantial changes in physical performance can be seen for all groups (Table 1).
Klusemann2012;Setting;2;2.2;Physical Testing Results;30;B4;B2;X;0;0;0;0;1;2;2;1;0;0;0;0;1;3;1;;0;0;0;0;"The control group’s performance deteriorated or remained similar to baseline in all physical tests except for the agility test (−1.5 ± 1.6%, mean ± 90% confidence limits; small, qualitative inference)."
Klusemann2012;Setting;2;2.3;Physical Testing Results;29;B2;;J+C;0;0;0;0;0;4;4;1;0;0;0;0;0;8;1;;0;0;0;0;The supervised and video groups made small improvements in vertical jump height (5.4 ± 2.4% and 4.3 ± 2.7%, respectively) and agility (−2.2 ± 2.2% and −3.8 ± 1.1%).
Klusemann2012;Setting;2;2.4;Physical Testing Results;16;B2;;E;0;0;0;0;0;1;1;2;0;0;0;0;0;2;1;;0;0;0;0;"The supervised group additionally had a small increase in Yo-Yo IRL1 scores (35 ± 28%; small)."
Klusemann2012;Setting;2;2.5;Physical Testing Results;33;B2;;S+W;0;0;0;0;0;4;4;2;0;0;0;0;0;9;1;;0;0;0;0;Trivial or unclear changes occurred in 20-m sprint time (−0.5 ± 1.0% and −1.6 ± 2.0%) and line drill performance (0.5 ± 2.1% and −0.9 ± 1.4%) for the supervised and video groups.
Klusemann2012;Setting;2;2.6;Physical Testing Results;28;B2;;F;0;0;0;0;0;3;3;1;0;0;0;0;1;6;1;;0;0;0;0;Sit and reach distance remained trivial for the supervised group (−1.2 ± 1.1%) but declined for the video group (−1.6 ± 1.7%) and control group (−1.9 ± 1.3%).
Klusemann2012;Setting;2;2.7;Physical Testing Results;21;B1;;X;0;0;0;0;0;0;0;2;0;0;0;0;0;1;0;;0;0;0;0;Differences between the supervised and video groups were trivial or unclear in vertical jump, sit and reach, and 20-m sprint performance.
Klusemann2012;Setting;2;2.8;Physical Testing Results;24;B1;;C+W;0;0;0;0;0;2;2;2;0;0;0;0;0;4;1;;0;0;0;0;"The video group had greater improvements in agility (−1.7 ± 2.4%; small) and line drill (−1.4 ± 2.5%; small) performance than the supervised group."
Klusemann2012;Setting;2;2.9;Physical Testing Results;16;B1;;E;0;0;0;0;0;1;1;1;0;0;0;0;0;2;1;;0;0;0;0;"The supervised group showed better Yo-Yo IRL1 performance (−18 ± 31%; small) than the video group."
Klusemann2012;Setting;3;3.1;Strength Test Results;28;B2;;J;0;0;0;0;0;2;2;2;2;0;0;0;0;4;1;;0;0;0;0;"There was a substantial increase in the CMJ in the supervised group (5.0 ± 4.2%; small) and a substantial decrease in the control group (−4.6 ± 6.2%; small)."
Klusemann2012;Setting;3;3.2;Strength Test Results;8;B2;;J;0;0;0;0;0;0;0;1;0;0;0;0;0;0;0;;0;0;0;0;The change in the video group was unclear.
Klusemann2012;Setting;3;3.3;Strength Test Results;33;B1;;J;0;0;0;0;0;2;2;2;1;0;0;0;0;4;1;;0;0;0;0;"The supervised group had a substantially larger mean change in CMJ height than the control group (−9.2 ± 7.3%; moderate) but with little difference compared with the video group (−4.2 ± 8.0%; unclear)."
Klusemann2012;Setting;4;4.1;Strength Test Results;22;B2;;K;0;0;0;0;0;2;2;1;0;0;0;0;0;4;1;Both;0;0;0;0;Both the supervised and video groups had small increases in the number of push-ups performed (20 ± 13% and 23 ± 15%).
Klusemann2012;Setting;4;4.2;Strength Test Results;13;B2;;K;0;0;0;0;0;1;1;1;1;0;0;0;0;2;1;;0;0;0;0;"The control group had a substantial decrease in push-ups (−13 ± 17%; small)."
Klusemann2012;Setting;4;4.3;Strength Test Results;29;B1;;K;0;0;0;0;0;0;0;1;1;1;0;0;0;1;0;Although;0;0;1;0;Although the experimental groups had substantial differences in the mean changes to the control group, differences between the supervised and video groups in push-up strength were unclear (Table 2).
Klusemann2012;Setting;4;4.4;Strength Test Results;36;B2;;K;0;0;0;0;0;3;3;1;0;0;0;0;1;6;1;;0;0;0;0;"No clear changes were found in the pull-up test for the supervised group (1 ± 13%) and video group (1 ± 21%); however, the control group had a trivial decrease in pull-up strength (−6 ± 18%)."
Klusemann2012;Setting;4;4.5;Strength Test Results;24;B2;B1;M;0;0;0;0;0;0;0;2;0;1;0;0;0;1;0;;0;0;1;0;Supervised training almost certainly improved FMS scores, and moderate-to-large differences were evident between the supervised group and the video and control groups (Table 2).
Klusemann2012;Setting;4;4.6;Strength Test Results;16;O5;;M;0;0;0;0;0;1;0;0;0;0;0;0;0;2;1;;0;0;0;0;The typical error for FMS intratest reliability was 4.5% with an intraclass correlation coefficient of 0.82.
Veith2021;Setting;1;1.1;;7;V1;;X;0;0;0;0;0;0;0;0;0;0;0;0;0;0;0;;0;0;0;0;All data except age were normally distributed.
Veith2021;Setting;1;1.2;;12;O4;;;0;0;0;0;0;0;0;0;0;0;0;0;1;0;0;;0;0;0;0;No between-group differences were observed in age, height and mass at baseline.
Veith2021;Setting;1;1.3;;31;O4;;;0;2;0;0;0;0;0;0;0;1;0;0;1;3;1;;0;0;1;0;Height (p < 0.001) and body mass (p < 0.001) increased in both groups over the season with no difference in ROG or ROB between groups at any time (Table 1).
Veith2021;Setting;2;2.1;;58;B2;;J;0;4;0;0;4;0;0;0;0;1;0;0;0;20;1;;0;0;1;0;"CMJ-H improvements were observed relative to baseline at test 3 (HG 3.5 cm, CI 2.2 to 4.7, p < 0.001; TG 3.2 cm, CI 2.2 to 4.3, p < 0.001) and between test 2 and 3 (HG 3.1 cm, CI 1.8 to 4.3, p < 0.001; TG 2.3 cm, CI 1.3 to 3.4, p = 0.001) (Figure 3)."
Veith2021;Setting;2;2.2;;5;B1;;J;0;0;0;0;0;0;0;0;0;0;0;0;1;0;0;;0;0;0;0;No between-group differences were observed.
Veith2021;Setting;2;2.3;;21;V2;V1;K;0;1;0;0;0;0;0;0;0;0;0;0;0;1;1;;0;0;0;0;ROG impacted upon the statistical model assessing EH-S (p = 0.016) and was therefore included as a covariate in the analysis.
Veith2021;Setting;2;2.4;;77;B2;;K;0;6;0;0;6;0;0;0;0;1;0;0;0;28;1;;0;0;1;0;"Relative to baseline, EH-S gains were observed at test 1 (HG 2.5 kg, CI 1.4 to 3.6, p = 0.001; TG 4.1 kg, CI 3 to 5.2, p < 0.001), test 2 (HG 3.8 kg, CI 2.7 to 4.9, p < 0.001; TG 5.2 kg, CI 4 to 6.3, p < 0.001) and test 3 (HG 4.3 kg, CI 3 to 5.7, p < 0.001; TG 5.5 kg, CI 4.3 to 6.6, p < 0.001) (Figure 4)."
Veith2021;Setting;2;2.5;;44;B1;B2;K;0;2;0;0;2;0;0;0;2;0;0;0;0;11;1;;0;0;0;0;A significant group × time interaction was evident at test 1 (1.6 kg, CI 0.1 to 3.2, p = 0.036), and a significant increase between tests 1 and 3 was observed only in the HG (1.9 kg, CI 0.5 to 3.3, p = 0.044).
Veith2021;Setting;2;2.6;;10;B2;;Ba;0;0;0;0;0;0;0;0;1;0;0;0;1;0;0;;0;0;0;0;No significant change was observed in TTS at any time.
Veith2021;Setting;3;3.1;;24;B1;;V;0;0;0;0;0;0;0;0;0;1;0;0;0;1;0;;0;0;1;0;Injury incidence, injury burden and days affected by MA injury were similar in TG and HG (Table 2) with no statistical difference between groups.
Veith2021;Setting;3;3.2;;20;O2;;;0;0;0;0;1;1;0;0;0;0;0;0;0;4;1;;0;0;0;0;HG dose exposures were reported as 2.8 (CI 2.7 to 2.9) ×/week, with all exercises performed 87% of the time.
Veith2021;Setting;3;3.3;;19;O2;Z2;;0;0;0;0;0;2;0;0;0;0;0;0;0;2;1;;0;0;0;0;Having no partner (48.9%) and injury/soreness/sickness (44.7%) were reported as the main reasons for not fully completing the programme.
Veith2021;Setting;3;3.4;;14;O2;;;0;0;0;0;0;2;0;0;0;0;0;0;0;2;1;;0;0;0;0;Copenhagen and hamstring exercises were reported as most often ‘missed’ (29% and 28%, respectively).
Veith2021;Setting;3;3.5;;12;X1;O2;;0;0;0;0;0;0;0;0;0;1;0;0;0;1;0;;0;1;0;1;(Compliance data can be found in Table 2 of the supplementary material.)
Rogers2020;Setting;1;1.1;3.1. Physical Assessments;35;O4;O5;M;0;0;0;0;0;0;0;0;0;0;1;0;0;2;0;;0;0;0;0;Group allocation, based on pair-matching participates from baseline MC (AIMS sum-score), led to a between group difference at baseline of only 0.9 points, which is < the SWC of on this primary outcome variable [22].
Rogers2020;Setting;1;1.2;3.1. Physical Assessments;19;V2;O1;;0;0;0;0;0;0;0;0;0;0;0;0;0;0;0;;0;0;0;0;All participants who saw the study through and completed post-testing were included in the descriptive analysis, regardless of compliance.
Rogers2020;Setting;1;1.3;3.1. Physical Assessments;20;X1;Z1;X;0;0;0;0;0;0;0;0;0;1;0;0;0;2;0;;0;1;0;1;MC and physical capacity changes (whole points and percentage change) are presented in Figures 2–4 using an individual responses approach.
Rogers2020;Setting;1;1.4;3.1. Physical Assessments;18;X1;O2;;0;0;0;0;0;0;0;0;0;1;0;0;0;1;0;;1;0;0;1;Figure 2 combines each athlete’s attendance rates for face-to-face sessions at school and compliance rates for self-directed sessions.
Rogers2020;Setting;1;1.5;3.1. Physical Assessments;25;O1;;M;0;0;0;0;0;0;0;0;0;0;0;0;0;1;0;;0;0;0;0;Four athletes from the F2F group were absent from the post-test day, therefore, their AIMS post-testing was conducted within 7 days under the same conditions.
Rogers2020;Setting;1;1.6;3.1. Physical Assessments;20;O1;;X;0;0;0;0;0;0;0;0;0;1;0;0;0;1;0;However;0;0;0;0;However, because of scheduling conflicts, these four athletes could not complete the other physical capacity post-testing presented in Table 4.
Rogers2020;Setting;1;1.7;3.1. Physical Assessments;23;X1;;X;0;0;0;0;0;0;0;0;0;1;0;0;0;2;0;;0;1;0;1;A summary of the raw scores of each respective movement task and physical capacity test are presented in Tables 3 and 4 respectively.
Rogers2020;Setting;1;1.8;3.1. Physical Assessments;25;X1;Z1;X;0;0;0;0;0;0;0;0;0;1;0;0;0;2;0;;0;1;0;0;The number of participants per group that responded positively (n > SWC) in each physical capacity outcomes are also presented in Figures 3 and 4.
Rogers2020;Setting;1;1.9;3.1. Physical Assessments;24;V2;O2;;0;0;0;0;0;3;0;1;0;0;1;1;0;5;1;;0;0;0;0;We deemed acceptable compliance as 75% as per previous work [15], with the addition of moderate compliance as 50–75%, with <50% deemed poor compliance.
Rogers2020;Setting;2;2.1;3.1. Physical Assessments;34;B1;Z1;M;0;0;0;0;0;0;0;0;0;0;0;0;0;1;0;;0;0;0;0;Nine of the 22 participants who completed pre- and post-testing of the AIMS across the two groups, made improvements > SWC in the MC screen, with seven of these coming from the F2F group.
Rogers2020;Setting;2;2.2;3.1. Physical Assessments;26;B2;;M;0;0;0;0;0;0;0;0;0;1;0;0;0;1;0;;0;0;1;0;As illustrated in the task-by-task breakdown of the raw change in AIMS tasks, the push-up showed the least improvement compared to the remaining three (Figure 3).
Rogers2020;Setting;2;2.3;3.1. Physical Assessments;26;B1;Z1;X;0;0;0;0;0;0;0;0;0;1;0;0;0;1;0;In the;0;0;1;0;In the physical capacity assessments (Figure 4), there were no observable differences between groups in the proportions of participants showing responses above or below the SWC.
Rogers2020;Setting;2;2.4;3.1. Physical Assessments;26;B2;Z1;M;0;0;0;0;0;1;0;0;0;0;0;0;0;1;1;;0;0;0;0;Of athletes who were allocated to and then attended the F2F training sessions, seven (50%) showed positive improvements > SWC in the sum-score of the AIMS.
Rogers2020;Setting;2;2.5;3.1. Physical Assessments;20;O2;;;0;0;0;0;0;2;0;0;0;0;0;0;0;5;1;;0;0;0;0;Attendance at F2F sessions varied from 31–88%, with a mean of 9.6 out of 16 possible lunch time sessions (60%).
Rogers2020;Setting;2;2.6;3.1. Physical Assessments;11;O2;;;0;0;0;0;0;0;0;0;0;0;0;0;0;0;0;In the;0;0;0;0;In the OL group, compliance with self-directed training was notably poor.
Rogers2020;Setting;2;2.7;3.1. Physical Assessments;28;O2;;;0;0;0;0;0;1;0;0;0;0;0;0;0;5;1;;0;0;0;0;Athletes from the OL group who completed pre- and post-physical testing (n = 8), logged between 0 and 11 sessions out of a possible 32 (mean of 12%).
PadronCabo2025;Ergaenzung;1;1.1;;10;X1;O5;X;0;0;0;0;0;0;0;0;0;1;0;0;0;1;0;;1;0;0;1;Table 2 displays the within-session reliability for each fitness test.
PadronCabo2025;Ergaenzung;1;1.2;;21;O5;;X;0;0;0;0;0;1;0;0;0;0;0;0;0;2;1;;0;0;0;0;Relative reliability (ICC3,1) ranged from high to extremely high values for all tests, and CVs of less than 10% were achieved.
PadronCabo2025;Ergaenzung;1;1.3;;34;X1;;X;0;0;0;0;0;0;0;0;0;1;0;0;0;2;0;;1;0;0;1;Table 3 shows the mean values, SD, and percent change between before and after a short-term detraining period for the vertical jump performance tests, sprint tests, modified 505, and VIFT in youth soccer players.
PadronCabo2025;Ergaenzung;1;1.4;;23;X1;;X;0;0;0;0;0;0;0;0;0;1;0;0;0;3;1;In addition;1;0;0;1;In addition, Figure 1 depicts the standardized mean differences between before and after the short-term detraining period for U15 and U17 soccer players.
PadronCabo2025;Ergaenzung;2;2.1;Vertical Jump Performance;38;B3;;J;0;2;2;2;0;0;0;2;1;0;0;0;1;6;1;In reference;0;0;0;0;In reference to jump performance, there were no significant time × group interactions for SJ (F = 0.604, p = 0.444, ηp² = 0.013, small) and CMJ (F = 0.347, p = 0.561, ηp² = 0.022, small) tests.
PadronCabo2025;Ergaenzung;2;2.2;Vertical Jump Performance;55;B2;B3;J;0;4;4;4;0;0;0;4;1;0;0;0;0;12;1;Nevertheless;0;0;0;0;"Nevertheless, SJ and CMJ performance showed significant main effects for time (F = 4.456, p = 0.020, ηp² = 0.185, large; F = 6.145, p = 0.044, ηp² = 0.142, large, respectively) and group (F = 9.249, p < 0.001, ηp² = 0.491, large; F = 26.089; p = 0.005, ηp² = 0.255, large, respectively)."
PadronCabo2025;Ergaenzung;2;2.3;Vertical Jump Performance;28;B2;;J;0;0;0;2;0;0;0;1;0;0;0;0;0;4;1;Regarding;0;0;0;0;Regarding the SJ performance, the data analysis showed a small decrease for U15 (d = 0.21) and U17 (d = 0.46) age categories after the short-term detraining period.
PadronCabo2025;Ergaenzung;2;2.4;Vertical Jump Performance;23;B2;;J;0;0;0;2;0;0;0;1;0;0;0;0;0;4;1;In terms of;0;0;0;0;In terms of CMJ performance, the U15 (d = 0.30) and U17 (d = 0.63) showed a small decrease after the winter break.
PadronCabo2025;Ergaenzung;3;3.1;Sprint Performance;39;B3;;S;0;2;2;2;0;0;0;2;1;0;0;0;0;8;1;For sprint;0;0;0;0;For sprint performance, the data analysis revealed a significant time × group interaction in the 5-m (F = 8.865, p = 0.006, ηp² = 0.240, large) and 10-m (F = 11.296, p = 0.002, ηp² = 0.287, large) splits.
PadronCabo2025;Ergaenzung;3;3.2;Sprint Performance;51;B2;;S;0;3;3;3;0;0;0;3;1;0;0;0;0;12;1;In addition;0;0;0;0;In addition, the short-term detraining period produced a significant main effect for time in the 5-m (F = 47.764, p < 0.001, ηp² = 0.630, large), 10-m (F = 92.700, p < 0.001, ηp² = 0.768, large), and 20-m (F = 60.087, p < 0.001, ηp² = 0.682, large) sprint performance.
PadronCabo2025;Ergaenzung;3;3.3;Sprint Performance;31;B2;;S;0;0;0;3;0;0;0;2;0;0;0;0;0;7;1;For the;0;0;0;0;For the U15 age category, there was a moderate-to-large performance impairment in 5-m (d = 0.80), 10-m (d = 0.80), and 20-m (d = 0.64) sprint between the pretest and posttest.
PadronCabo2025;Ergaenzung;3;3.4;Sprint Performance;30;B2;;S;0;0;0;3;0;0;0;1;0;0;0;0;0;7;1;Moreover;0;0;0;0;Moreover, the U17 soccer players showed a large decrease the in 5-m (d = 2.21), 10-m (d = 2.21), and 20-m (d = 1.29) sprint between the pretest and posttest.
PadronCabo2025;Ergaenzung;3;3.5;Sprint Performance;51;B3;;S;0;3;3;3;0;0;0;3;1;0;0;0;1;12;1;;0;0;0;0;"The between-group analysis also revealed significant differences in the 20-m sprint test (F = 12.715, p = 0.001, ηp² = 0.312, large) but not for the 5-and 10-m (F = 0.211, p = 0.649, ηp² = 0.007, trivial; F = 3.311, p = 0.080, ηp² = 0.106, medium, respectively) sprint tests."
PadronCabo2025;Ergaenzung;4;4.1;Modified 505 Test;41;B3;B2;C;0;2;2;2;0;0;0;2;1;0;0;0;1;7;1;Regarding;0;0;0;0;Regarding the modified 505 test, the statistical analysis revealed no significant time × group interaction (F = 0.229, p = 0.636, ηp² = 0.008, trivial) nor a main effect for time (F = 3.550, p = 0.070, ηp² = 0.113, medium).
PadronCabo2025;Ergaenzung;4;4.2;Modified 505 Test;29;B3;;C;0;1;1;1;0;0;0;1;0;0;0;0;0;6;1;However;0;0;0;0;However, the U17 youth soccer players showed greater performance on the modified 505 test (F = 15.952, p < 0.001, ηp² = 0.365, large) compared with the U15 group.
PadronCabo2025;Ergaenzung;5;5.1;30-15 Intermittent Fitness Test;41;B3;B2;E;0;2;2;2;0;0;0;2;1;0;0;0;1;8;1;For the;0;0;0;0;For the 30-15IFT, the analysis showed a nonsignificant time × group interaction (F = 0.105, p = 0.748, ηp² = 0.004, trivial), but there was a significant main effect of time (F = 37.351, p < 0.001, ηp² = 0.590, large).
PadronCabo2025;Ergaenzung;5;5.2;30-15 Intermittent Fitness Test;23;B2;;E;0;0;0;1;0;0;0;1;0;0;0;0;0;4;1;Specifically;0;0;0;0;Specifically, the U15 and U17 soccer players reported a large decline in VIFT (d = 1.39 and 1.24, respectively) after the detraining period.
PadronCabo2025;Ergaenzung;5;5.3;30-15 Intermittent Fitness Test;25;B3;;E;0;1;1;1;0;0;0;1;1;0;0;0;0;5;1;Regarding;0;0;0;0;Regarding the between-group analysis, the U17 players presented significantly higher VIFT than the U15 players (F = 8.761, p = 0.006, ηp² = 0.252, large).
Asimakidis2022;Ergaenzung;1;1.1;;11;V1;;X;0;1;0;0;0;0;0;0;0;0;0;0;0;1;1;;0;0;0;0;A normal distribution was observed for all data (p > 0.05).
Asimakidis2022;Ergaenzung;1;1.2;;13;X1;;C+S;0;0;0;0;0;0;0;0;0;1;0;0;0;2;0;;1;0;0;1;Figures 1–4 illustrate the group data for COD ability and linear sprint, respectively.
Asimakidis2022;Ergaenzung;1;1.3;;39;B2;;C;0;2;0;2;0;2;2;1;0;1;0;0;0;10;1;;0;0;1;0;Significant differences were observed for COD ability, using both the right (p = 0.037, ES = 0.91, 5.43 ± 5.98%) and the left limb (p = 0.007, ES = 1.05: moderate effect, 5.22 ± 4.86%) (Figures 1 and 2).
Asimakidis2022;Ergaenzung;1;1.4;;41;B2;;S;0;2;0;2;0;2;2;2;1;1;0;0;0;12;1;Similarly;0;0;1;0;Similarly, 10 m (p < 0.001, ES = 1.67: large effect, 7.85 ± 4.52%) and 20 m sprint times (p < 0.001, ES = 1.02: moderate effect, 3.73 ± 3.55%) were significantly enhanced from TP1 to TP2 (Figures 3 and 4).
Asimakidis2022;Ergaenzung;1;1.5;;27;B2;;J;0;1;0;1;0;1;1;1;1;1;0;0;0;6;1;Finally;0;0;1;0;Finally, a significant difference was also found in CMJ height (p = 0.033, ES = 0.42: small effect, 4.96 ± 11.75%) after the 32-week period (Figure 5).
Asimakidis2022;Ergaenzung;1;1.6;;52;Z1;"B4;B2";X;0;0;0;0;0;5;0;0;0;1;0;0;0;13;1;;0;0;1;0;Individual percentage responses during TP1 and TP2 showed a slight change in all performance tests (CV = 32.02 vs. 31.41%, 7.67 vs. 8.09%, 8.53 vs. 8.15%, 7.34 vs. 8.64%, and 8.13 vs. 8.30%, for the CMJ, 10 m, 20 m, and COD test of the right and left leg, respectively) (Figure 6).
Asimakidis2022;Ergaenzung;1;1.7;;47;O5;;X;0;0;0;0;0;5;0;0;0;1;0;0;0;13;1;;0;0;1;0;The smallest worthwhile change to indicate meaningful improvement in performance was 1.5% (0.03 s), 1.7% (0.06 s), 1.5% (0.04 s), 1.6% (0.05 s), and 6.6% (1.5 cm), for the 10 m, 20 m, COD of the right leg, the left leg, and the CMJ, respectively (Figure 6).
