studie;gruppe;absatz;satz;woerter;beleg;primaer;sekundaer;text
Lloyd2016;Kern;1;1.1;31;1;T1;"E1;T3";It is well documented that developmentally appropriate, well-supervised resistance training interventions are safe and effective in stimulating positive adaptations on a range of physical performance measures in children and adolescents (21,22).
Lloyd2016;Kern;1;1.2;29;1;T1;;Resistance training is defined as a specialized method of conditioning whereby an individual is working against a wide range of resistive loads to enhance health, fitness, and performance (21).
Lloyd2016;Kern;1;1.3;60;1;E1;T1;Researchers have shown that a myriad of resistance training modes have all been effective in eliciting beneficial training responses in neuromuscular performance in youth, including traditional strength training (28) which involves the lifting of moderate to heavy loads with moderate inter-set recovery using free weights or resistive machines (19), weightlifting (7), plyometrics (26,36), and combined strength and plyometric training (11,37).
Lloyd2016;Kern;1;1.4;36;0;L1;K1;However, although studies have examined the efficacy of individual forms of resistance training (e.g., plyometrics), minimal evidence exists that compares the effectiveness of different resistance training modes and their potential interaction with maturation in youth populations.
Lloyd2016;Kern;2;2.1;26;1;K1;E1;Previous meta-analyses have attempted to examine the effects of resistance training on muscular strength (3) and motor skill performance (2) in youth of different maturational status.
Lloyd2016;Kern;2;2.2;34;1;K1;E1;Combined, these meta-analyses showed that although adolescents were able to make greater adaptations with respect to muscular strength, the transference of resistance training gains to motor skill performance was more pronounced in children (2).
Lloyd2016;Kern;2;2.3;33;1;K1;T2;Such findings may reflect the heightened neural plasticity and increased sensitivity for motor control and coordinative adaptation during childhood (34,35) versus the enhanced hormonal profile and greater muscle mass associated with adolescence (10).
Lloyd2016;Kern;2;2.4;20;0;L1;K1;However, it should be noted that neither meta-analysis showed differential responses to different resistance training modes in relation to maturation.
Lloyd2016;Kern;2;2.5;15;1;L1;K1;Additionally, very few studies have specifically examined the interaction of training responses with maturation (20,28,31).
Lloyd2016;Kern;2;2.6;17;0;L1;E3;These studies focused solely on the interaction of maturation with strength training and combined showed varying results.
Lloyd2016;Kern;3;3.1;18;1;R2;D1;Sprinting and jumping ability are fundamental locomotive skills that form part of the athletic motor skill spectrum (23).
Lloyd2016;Kern;3;3.2;28;1;R2;D1;Also, they are commonly used as indicators of neuromuscular fitness in youth (33) and within talent identification screens to discriminate between potential elite and nonelite youth athletes (12).
Lloyd2016;Kern;3;3.3;24;1;E1;;Recently, Rumpf et al. (32) reviewed existing speed training literature to examine the effects of different training methods on sprint performance in male youth.
Lloyd2016;Kern;3;3.4;39;1;K1;E1;Interestingly, the review showed that boys who were pre-peak height velocity (PHV) and circum-PHV seemed to benefit most from plyometric training, whereas post-PHV adolescents maximized gains in sprint speed after a combination of strength and plyometric training methods (32).
Lloyd2016;Kern;3;3.5;40;1;L1;K1;Although these data and those reported by Behringer et al. (2,3) show that maturity may play a role in the trainability of youth, an experimental study examining the interaction effects of different resistance training modes and maturation is still warranted.
Lloyd2016;Kern;4;4.1;46;0;Z1;;Therefore, the purpose of this study was to determine the effectiveness of different resistance training modes (traditional strength training, plyometric training, or combined training) on measures of neuromuscular performance (squat jump height, reactive strength index, acceleration, and maximal running velocity) in boys of different maturational status.
Lloyd2016;Kern;4;4.2;32;0;Z3;K1;We hypothesized that boys who were pre-PHV would respond more favorably to plyometric training, whereas boys who were post-PHV would show a greater training response to traditional strength training or combined training.
Hammami2016;Kern;1;1.1;11;1;R1;;Soccer is the most widely practiced sport in the world (42).
Hammami2016;Kern;1;1.2;18;1;R2;;Successful players are characterized by strength, power, and their derivatives (acceleration, sprinting, jumping and changes of direction) (20).
Hammami2016;Kern;1;1.3;22;1;R1;;During a typical soccer match, players alternate short bouts of intense activity with longer periods of low-level, moderate-intensity exercise (23, 35, 39).
Hammami2016;Kern;1;1.4;12;1;R1;;Sprinting occurs approximately every 90 seconds, each bout lasting 2-4 seconds (42).
Hammami2016;Kern;1;1.5;20;1;R1;;Castagna et al (7) founded that high-speed sprinting accounted for 3% of the total distance covered by 12-year-old soccer players.
Hammami2016;Kern;1;1.6;23;1;R1;R2;Explosive actions requiring acceleration, jumping and agility are also needed in response to the movements of an opposing player or the ball (40).
Hammami2016;Kern;2;2.1;23;0;R2;;Agility is a necessary physical component of success in many sports, but it is particularly important to the optimal performance of soccer players.
Hammami2016;Kern;2;2.2;20;0;R1;;Time and motion analyses have demonstrated that soccer player perform many intermittent high-speed forward, backward, and lateral movements during competition.
Hammami2016;Kern;2;2.3;29;1;D1;;In the context of soccer, agility involves the ability to make such changes of direction and to start and stop rapidly (24), while maintaining a correct body posture (41).
Hammami2016;Kern;2;2.4;19;1;R1;;A soccer player changes direction every 2–4 seconds (45) and makes 1,200–1,400 changes of direction during a game (2).
Hammami2016;Kern;2;2.5;35;1;R1;;Withers et al (47) estimated that Australian soccer players made an average of 50 turns per game, and Bloomfield et al (4) found that English soccer players turned and swerved 727 times within a match.
Hammami2016;Kern;2;2.6;20;1;E1;;This type of agility can be developed by a training program that includes making repeated changes of direction (RCOD) (41).
Hammami2016;Kern;2;2.7;14;1;T3;;RCOD training is important to preparation for many field and court sports (18, 42).
Hammami2016;Kern;2;2.8;39;1;D1;T1;"Wong del et al (49) defined such training as repeated changes of direction with minimal recovery intervals between bouts; likewise repeated sprint ability (RSA) is the ability to perform repeated straight sprints or shuttle sprints with minimal recovery periods."
Hammami2016;Kern;2;2.9;17;1;R2;D1;Repeated changes of direction and repeated sprint ability make independent contributions to a soccer player's ability (49).
Hammami2016;Kern;3;3.1;10;0;R2;;Short-term muscle power is also crucial in many game situations.
Hammami2016;Kern;3;3.2;39;1;E1;;Both linear force– and parabolic power–velocity as determined by friction-loaded ergometers (9) are increased slightly after 8 weeks of heavy resistance training (8, 9), with resulting improvements of sprinting and agility in both adults (20) and young athletes (17).
Hammami2016;Kern;4;4.1;28;1;T1;"E1;T3";Plyometric training is recognized as a safe and effective method to improve explosive actions and should be an important component of fitness programs for soccer players (3, 5).
Hammami2016;Kern;4;4.2;32;1;E1;"T4;K3";A recent review paper and a meta-analysis (1, 4) have indicated that a twice-weekly plyometric training undertaken on nonconsecutive days for 8 weeks can enhance high intensity physical abilities (e.g., agility, sprint).
Hammami2016;Kern;4;4.3;16;0;E3;;However, the potential contribution of plyometric training to the development of sprinting and agility remain controversial.
Hammami2016;Kern;4;4.4;44;1;E2;;Chelly et al (9) found significant increases in peak power output, jump force, jump height, and lower limb muscle volume in junior soccer players, with gains of 5-40 m sprint velocity after completing an 8-week plyometric training program that involved hurdling and depth jumping.
Hammami2016;Kern;4;4.5;38;1;E2;;"Ramirez-Campillo et al (31) also showed that a variety of plyometric exercises (unilateral; bilateral; and unilateral + bilateral counter-movement jumps) yielded a significant increase in muscular explosive force and the change of direction speed in young soccer players."
Hammami2016;Kern;4;4.6;27;1;E3;E2;On the other hand, Herrero et al (19) found no significant gains in 20-m sprint times except when 4 weeks of plyometric training was combined with electromyostimulation.
Hammami2016;Kern;4;4.7;35;1;E3;E2;Brito et al (5) also noted that after 9 weeks of plyometric training, college male soccer players showed no difference in either 5-m times or agility, although speeds were increased over a 20 m distance.
Hammami2016;Kern;5;5.1;9;0;L1;T4;Discussion on the optimal form of plyometric training continues.
Hammami2016;Kern;5;5.2;35;1;T4;E2;De Villareal et al (13) suggested that short-term plyometric training using a moderate volume of jumps produced similar enhancements in jumping performance, but greater training efficiency compared with training using a high volume of jumps.
Hammami2016;Kern;5;5.3;27;1;T4;E2;Ramirez-Campillo et al (30) found that if a moderate plyometric training volume was conducted on a hard surface, the efficiency of adaptations in reactive strength was doubled.
Hammami2016;Kern;5;5.4;42;1;T4;E2;Ramirez-Campillo et al (33) further suggested that the replacement of technical exercises with low-volume high-intensity plyometric drop jump exercises was effective in improving several explosive actions and the endurance capacity of youth soccer players, with a potential high transference into game performance.
Hammami2016;Kern;5;5.5;46;1;T4;;Bedoya et al (3) suggested that the initial number of foot contacts should be 50–60 per session and ion order to prevent over-use injuries, it should increase to no more than 80–120 foot contacts per session for any age group between 10 to 17 years old.
Hammami2016;Kern;5;5.6;36;1;T4;E3;However, Chu et al (11) argued that the number of light, medium light, medium, medium hard and hard repetitions should be 20, 30, 30 to 40, 50 to 60 and 40 to 75, respectively, per session.
Hammami2016;Kern;5;5.7;41;1;Z2;T4;Based on these conflicting opinions, we proposed to examine the effectiveness of high intensity plyometric exercises (hurdle and deep jumps), setting the number of repetitions per session between 28 to 70 jumps (light to hard, according to Chu et al (11)).
Hammami2016;Kern;6;6.1;30;0;L1;;Few investigators have examined the impact of plyometric training on repeated sprint ability, and to our knowledge this is the first study to investigate effects on repeated changes of direction.
Hammami2016;Kern;6;6.2;40;0;Z1;;Our aim was thus to document the effects of a plyometric training program on sprint speed, agility, repeated shuttle sprint ability and repeated changes of direction scores for male junior soccer players who were initially in good overall physical condition.
Hammami2016;Kern;6;6.3;30;0;Z3;;We hypothesized that 8 weeks of combined hurdle and depth jumping would improve their sprint speed, agility and repeated sprint ability with or without influencing repeated change of direction scores.
Beato2018;Kern;1;1.1;18;1;R1;;Soccer is characterized by an intermittent-activity profile with metabolic contributions from both the aerobic and anaerobic systems (22).
Beato2018;Kern;1;1.2;35;1;R1;;Players cover distances of 10–13 km during matches and perform approximately 1350 activities (every 4-6 s), such as accelerations/decelerations, changes of direction (COD) and jumps, all of which are interspersed with short recovery periods (21).
Beato2018;Kern;1;1.3;31;1;R2;;Therefore, the capacity to perform quick and powerful movements in soccer, as well as in other team sports is one of the most important abilities to acquire to improve performance (6,20,31).
Beato2018;Kern;2;2.1;16;1;T1;"E1;T3";A popular and an effective way for improving power and sprint performance is plyometric training (17).
Beato2018;Kern;2;2.2;13;1;E1;;Plyometric exercises are a specific training methodology largely supported by scientific literature (17,24,30).
Beato2018;Kern;2;2.3;22;1;T1;"T2;T3";Such a methodology is a widespread form of physical conditioning that involves jumping exercises using the stretch-shortening cycle (SSC) muscle action (17).
Beato2018;Kern;2;2.4;27;1;T2;;SSC can be summarized as an enhancement of the ability of the neural and musculotendinous systems to produce maximal force in the shortest amount of time (28).
Beato2018;Kern;2;2.5;23;1;E1;;Literature reports positive effects on explosive power associated with improved performance of the vertical jump, agility and sprint performance after plyometric training (24,28,30).
Beato2018;Kern;2;2.6;33;1;E1;;A recent systematic review reported that plyometric training produced a relative increase in muscle power in 13 out of the 16 studies analyzed, and these positive effects ranged between 2.4% and 31.3% (17).
Beato2018;Kern;2;2.7;23;1;K3;"E1;T4";Moreover, the combination of high-intensity unilateral and bilateral jump drills seems advantageous to induce significant performance improvements also in short-term (<8 weeks) (17,28).
Beato2018;Kern;3;3.1;31;1;T4;;Players who require power and strength for moving in the horizontal plane mainly engage in bounding plyometric exercises (e.g. multiple jumps), as well as high-impact plyometric exercises (e.g. drop jumps) (11,14,17).
Beato2018;Kern;3;3.2;22;1;T4;T2;Especially, rebounding exercises showed higher neuromuscular activation, greater force and power (twofold increases in eccentric muscular activity) than no rebounding exercises (14,24,28).
Beato2018;Kern;3;3.3;31;1;T2;;Eccentric muscular activations play a paramount role during the SSC, and such mechanism is a key component also during soccer-specific actions such as COD, short shuttle runs and sprint activities (17,24,28).
Beato2018;Kern;3;3.4;25;1;E1;T2;It is already reported in the literature that athletes accustomed to performing COD and short shuttle runs become more economical during such specific actions (7,8,25,31).
Beato2018;Kern;3;3.5;26;1;T4;E1;Therefore, including specific COD exercises in a training program can elicit greater developments in fitness components associated with neuromuscular factors (such as sprint and jumps) (13,17,32).
Beato2018;Kern;3;3.6;31;1;E1;T4;Moreover, combined training programs including linear speed drills, COD, and jumps, seem to provide better results than a single-component training (e.g. COD protocol) in in young and senior athletes’ performance (17,30).
Beato2018;Kern;4;4.1;56;1;K3;"K2;K4";As documented in literature, the duration of the training protocol (e.g. greater effects with long training duration), period of the season (e.g. larger fitness variations are reported in pre-season compared to in-season), and players’ level (e.g. amateurs report larger adaptation following specific soccer activities than elite players) are key points associated with the training effectiveness (5,7,18).
Beato2018;Kern;4;4.2;34;0;L1;"K2;K4";However, despite the popularity and wide appeal of soccer, as well as COD and plyometric training attractiveness, few studies published used randomized trial designs involving elite young soccer players during the official competitive season.
Beato2018;Kern;4;4.3;37;1;L1;K3;Moreover, as reported by Markovic (17), several studies have analyzed the plyometric effect with a training frequency of 2-3 times a week, while few provide evidence that support less frequent training such as one time a week.
Beato2018;Kern;4;4.4;49;1;L2;K2;Another reason because it is important to evaluate the effect of a single plyometric session a week is associated with the awareness that elite teams are involved in several tournaments (e.g. national and international) and travels during the season, and this is a challenging situation for the coaches (27).
Beato2018;Kern;5;5.1;31;1;L1;"K3;K2";Currently, the evidences about short-term (<8 weeks) training effects are very limited in the scientific literature in both plyometric and directional training using elite young players during the competitive season (1,26).
Beato2018;Kern;5;5.2;19;0;L1;K3;Moreover, the effect of a single plyometric session a week when combined with COD training is not well known.
Beato2018;Kern;5;5.3;32;0;Z1;;Therefore, the aim of this study was to assess the effects of a COD and a complex COD and jumps protocol with a duration of 6 weeks in young elite soccer players.
Negra2019;Kern;1;1.1;26;1;R2;;In elite soccer players, both young and old, physical qualities such as sprinting, jumping, and change of direction (CoD) speed are major determinants of performance. 1
Negra2019;Kern;1;1.2;33;1;R2;;Indeed, previous studies have demonstrated that elite soccer players are characterized by high levels of muscular strength, speed and derivatives thereof (i.e., acceleration, sprinting, jumping, and CoD), when compared to sub-elite soccer players.2,3
Negra2019;Kern;1;1.3;26;0;R2;;Accordingly, the development of muscle power, speed and CoD through well-designed strength and conditioning programs is vital to optimise the development of the elite soccer player.
Negra2019;Kern;2;2.1;42;1;T1;"T3;E1";Previous studies have shown that unloaded plyometric jump training (UPJT), during which the performer must propel their own body mass, is an easy-to-administer, safe, effective, and efficient training method to improve physical fitness during different stages of maturation and long-term athlete development.2
Negra2019;Kern;2;2.2;20;0;T1;;Generally, UPJT involves various forms of hopping and jumping exercises in vertical and horizontal directions, on stable and unstable surfaces.
Negra2019;Kern;2;2.3;54;1;T4;;The magnitude of training effects following UPJT depends on the manipulation of different training modalities such as the training surface, 1,3 intensity (e.g., drop-height), 4 frequency, 5 direction (e.g., horizontal, vertical), 6 the number of involved limbs (i.e., unilateral, bilateral jumping), 7 and sequencing effect (e.g., UPJT before or after the training session). 8
Negra2019;Kern;3;3.1;35;1;T2;;From a physiological perspective, plyometric jump training (PJT) exercises involve the use of the stretch-shortening cycle (SSC) which is characterised by an eccentric muscle action that is immediately followed by a concentric muscle action. 9
Negra2019;Kern;3;3.2;41;1;T2;;The immediate succession of an eccentric muscle action, such as the descent phase of a jump, with a concentric action, such as the takeoff phase, results in stimulation of a stretch reflex, potentiating performance during the propulsive phase of jumping 10.
Negra2019;Kern;3;3.3;21;1;T2;;This stretch reflex can be modulated by the velocity of the stretch 10,11 and the magnitude of the stretching load. 12,13
Negra2019;Kern;3;3.4;21;1;T4;T2;Due to this, a potential way to enhance adaptations to PJT is to use extra-loads additional to body mass (LPJT). 14-16
Negra2019;Kern;4;4.1;35;1;E2;;In this context, Rosas et al. 16 compared the effects of a 6-week LPJT programme, using handheld dumbbells, with UPJT on jump performances and maximal ball kicking-velocity in young male soccer players (aged 12 years).
Negra2019;Kern;4;4.2;32;0;E2;;These authors reported small performance improvements in countermovement jump (CMJ), horizontal jumps, reactive strength index and maximal kickingvelocity (effect size [ES]=0.27 to 0.47), with larger effects seen in LPJT than in UPJT.
Negra2019;Kern;4;4.3;23;1;T2;E2;Additional loads may have induced larger stretch reflex amplitudes during training and this could have translated to larger performance gains following LPJT. 12,13,17
Negra2019;Kern;4;4.4;27;1;E2;T3;Importantly, Rosas et al. 16 did not record any training-related injuries and clearly concluded that LPJT is a safe and effective training approach for the studied population.
Negra2019;Kern;4;4.5;31;1;L1;;However, these authors 16 did not include any measure of CoD or sprinting speed performance, thus limiting the applicability of the results to an important determinant of soccer performance in youth.18
Negra2019;Kern;5;5.1;72;1;E2;;"Further to the above, Kobal et al. 15 compared the effects of 6 weeks of LPJT, using handheld dumbbells, and UPJT on measures of muscle power and speed in elite young male soccer players (aged 16 years), reporting better improvements in vertical jumping performance in LPJT group (Δ9.4% and 8.4% for squat jump [SJ] and CMJ, respectively, in LPJT group; Δ4.6% and 5% for the SJ and CMJ in UPJT group, respectively)."
Negra2019;Kern;5;5.2;24;1;E2;;Recently, Coratella et al. 14 studied the effects of 8 weeks of LPJT or UPJT in recreationally trained male soccer players (aged 21 years).
Negra2019;Kern;5;5.3;47;0;E2;;These authors found that CoD and sprint performances improved to a larger extent in the LPJT group (ES=2.95, 0.52, and 0.52 for T-test, 10-m and 30-m sprint tests, respectively) compared to the UPJT group (ES= 0.04, 0.10, and 0.06 for T-test, 10-m and 30-m sprint tests, respectively).
Negra2019;Kern;5;5.4;21;0;E3;;In contrast, larger increases in jump performances were found following UPJT (ES=0.89, and 0.55 for the SJ and CMJ test, respectively).
Negra2019;Kern;6;6.1;38;1;E3;L1;Given inconsistent findings in the literature on the effects of LPJT when compared to UPJT 15-17, as well as considerable heterogeneity across study characteristics and outcome measures (i.e., sample size, training modalities, age categories), further research is needed.
Negra2019;Kern;6;6.2;35;0;Z1;;Accordingly, we sought to examine the effects of LPJT and UPJT on a wider range of important performance determinants (i.e., vertical and horizontal jump performance, linear sprint-time, CoD, and kicking distance) in youth soccer players.
Negra2019;Kern;6;6.3;19;0;L1;;The optimal PJT strategy that may elicit the largest physical fitness improvements in this population is still under debate.
Negra2019;Kern;6;6.4;31;1;Z3;;With reference to previous research 12,14,16, we hypothesised that LPJT would induce larger improvements on measures of muscle power, speed, CoD and kicking-distance performance than UPJT in prepubertal male soccer players.
Negra2020;Kern;1;1.1;23;1;R2;;The capacity of soccer players to produce varied forceful and explosive actions (i.e., sprinting, jumping, and changing direction) highly influences soccer match outcomes.1-3
Negra2020;Kern;1;1.2;48;1;R2;R1;In fact, despite the aerobic context in which the match is developed, the most crucial events are represented by high-intensity work because the majority of the goals are preceded by a linear sprint, a vertical jump, or a change of direction (CoD) of the scoring or assisting player.1,3
Negra2020;Kern;1;1.3;34;1;R2;R1;Determinant moments of the game such as winning ball possession, scoring, and conceding goals depend on high-speed sprinting,4 which represents approximately 3% of the total distance covered in a youth soccer player’s total game.4
Negra2020;Kern;1;1.4;32;1;R2;D1;In addition to maximal running speed, future success in youth soccer players was shown to be based on CoD performance, and, therefore, the testing of CoD should be used for early selection.2,4–6
Negra2020;Kern;1;1.5;25;1;R2;;These actions are considered the most influential moments of the game and those which can make the difference in determining the outcome of the match.1,3,7
Negra2020;Kern;1;1.6;30;1;R2;R1;In addition, although the time spent performing these explosive actions represents only a small percentage of a match’s total time, these actions discriminate between a successful and less successful performance.1,3
Negra2020;Kern;1;1.7;17;1;R2;;As a consequence, training programs to promote higher explosive action in youth should be considered a priority.8
Negra2020;Kern;2;2.1;28;1;T1;"T3;E1";Youth resistance training (RT) and plyometric training (PT) are recognized as safe methods to improve explosive actions and should be important components of fitness programs among soccer players.9–13
Negra2020;Kern;2;2.2;37;1;E1;K1;Several studies have reported that RT14–17 and PT5,8 conducted within high-level prepubertal soccer players are better able to enhance varied forceful and explosive actions beyond the improvement level that can be attributed to normal growth in youth.14,15,17,18
Negra2020;Kern;2;2.3;30;1;L1;K3;However, despite the increasing popularity of RT10,14,18–20 and PT8,12 with adolescent athletes, research in regard to the time course of adaptations to RT and PT in prepubertal athletes is limited.
Negra2020;Kern;2;2.4;29;1;L2;K3;The knowledge about the time needed to improve explosive actions following an RT vs. a PT program is of importance,5,8,10,12 particularly for strength professionals who work with prepubertal athletes.
Negra2020;Kern;2;2.5;27;1;L1;;In addition, the question in regard to effective RT and/or PT protocols is still open for debate in prepubertal soccer players, indicating a gap in the literature.8
Negra2020;Kern;2;2.6;38;0;L1;K3;To the authors’ best knowledge, there is no previous study examining the benefits in conjunction with the adequate time period required to stimulate significant improvement on proxies of athletic performance of prepubertal soccer players between RT and PT.
Negra2020;Kern;2;2.7;60;0;Z1;;Therefore, the aims of the current study were to (1) explore whether a 12-week RT and PT program would enhance the explosive actions (i.e., sprinting, CoD, strength, and jumping) of prepubertal soccer players and (2) determine the adequate time needed to stimulate improvement in regard to varied forceful and explosive actions based on either an RT or a PT program.
Negra2020;Kern;2;2.8;27;0;Z3;;We hypothesized that biweekly RT or PT, replacing the regular soccer training, induces greater strength and power gains in prepubertal soccer players compared with soccer training alone.
Negra2020;Kern;2;2.9;29;0;Z3;K3;In addition, we hypothesized that the time course of improvement of the various fitness parameters differs between the 2 experimental groups (i.e., RT group (RTG) and PT group (PTG)).
Aloui2022;Kern;1;1.1;38;1;R1;;"Competitive soccer match play is characterized by high-intensity intermittent activity patterns, whereby players are required to repeatedly sprint, turn, jump, and accelerate/decelerate which places the substantial neuromuscular load on players (Spencer et al., 2005; Stølen et al., 2005)."
Aloui2022;Kern;1;1.2;25;1;R2;;Therefore, the ability of lower limb musculature to produce a high power output is an important fitness trait in soccer players (Wisløff et al., 2004).
Aloui2022;Kern;1;1.3;18;1;R2;;Speed and power are believed to be the variables predicting success in youth soccer (Reilly et al., 2000a).
Aloui2022;Kern;1;1.4;26;1;R2;;Specifically, sprint ability over short distances, agility performance, and vertical jumping are discriminative in terms of elite and sub-elite young soccer players (Reilly et al., 2000b).
Aloui2022;Kern;1;1.5;26;1;R1;;"In professional soccer, various players commonly sprint over a distance between 200 and 1,100 m in a match (Rampinini et al., 2007; Andrzejewski et al., 2013)."
Aloui2022;Kern;1;1.6;36;1;R1;;However, the average duration of sprints performed during a soccer match is typically short, ranging from 2 to 4 s (Stølen et al., 2005), with the sprint representing 1–11% of that distance (Mohr et al., 2003).
Aloui2022;Kern;1;1.7;20;1;R1;;Notably, 96% of sprints are less than 30 m, and 49% are less than 10 m (Stølen et al., 2005).
Aloui2022;Kern;2;2.1;31;1;T1;T3;"One specific type of power training that is easy to administer and therefore popular is plyometric jump training (PJT) (Ramirez-Campillo and Castillo, 2020; Ramirez-Campillo et al., 2021a; Sole and Ramírez-Campillo, 2021)."
Aloui2022;Kern;2;2.2;23;1;T1;T2;"PJT consists of exercises which take advantage of the stretch-shortening cycle (SSC) of the muscle (Komi and Gollhofer, 1999; Taube et al., 2012)."
Aloui2022;Kern;2;2.3;37;1;T1;T2;"Typically, plyometric jump exercises (PJT) can be performed with short (< 250 ms) or long ground contact times (> 250 ms), i.e., fast or slow SSC times (Duda, 1988; Sands et al., 2012; Faigenbaum and Chu, 2017)."
Aloui2022;Kern;2;2.4;22;1;T2;;The utilization of the SSC enhances neural and musculotendinous ability to produce maximal force over a short duration (Wang and Zhang, 2016).
Aloui2022;Kern;2;2.5;32;1;E1;;"Regardless of age, gender, sport, and expertise in training, plyometric training consistently results in improved vertical jumping, agility, and sprinting (Andrade et al., 2018; RamirezCampillo and Sanchez-Sanchez, 2020; Ramirez-Campillo et al., 2021b)."
Aloui2022;Kern;2;2.6;27;1;E1;;In a systematic review, plyometric training increased power output in 13 of the 16 included studies, with effects ranging from 2 to 31% (Markovic and Mikulic, 2010).
Aloui2022;Kern;2;2.7;27;1;K3;"E1;T4";"Furthermore, even in a short duration of less than 8 weeks, bilateral jumping coupled with unilateral drills enhanced performance (Markovic and Mikulic, 2010; Wang and Zhang, 2016)."
Aloui2022;Kern;3;3.1;15;0;T1;"T3;E1";Recently, combination training appears en vogue and is an efficacious tool for improving athletic performance.
Aloui2022;Kern;3;3.2;85;1;E1;;"In this context, all of the combined sprint and plyometric (Ferley et al., 2020; Hammami et al., 2020; Kargarfard et al., 2020), agility and balance (Zemková and Hamar, 2010), plyometric and change-ofdirection (Makhlouf et al., 2018; Hammami et al., 2019; Aloui et al., 2021), plyometric and sled (Prieto et al., 2021), balance and plyometric (Bouteraa et al., 2020; Guo et al., 2021), and plyometric and resistance (Almoslim, 2016; Ramirez-Campillo et al., 2018a; Fischetti et al., 2019) training programs have been effective to enhance muscle power."
Aloui2022;Kern;3;3.3;41;1;E1;;"In addition, some recent research has indicated that combined training is superior to stand-alone approaches for increasing power and output capabilities (Chaouachi et al., 2014; Beato et al., 2018; Zghal et al., 2019; Ferley et al., 2020; Guo et al., 2021)."
Aloui2022;Kern;3;3.4;21;0;K2;E1;Previous studies have recommended the continuation of combined plyometric and short sprint training into the soccer season to increase athletic performances.
Aloui2022;Kern;3;3.5;27;1;E2;;Hammami et al. (2020) found that such training enhanced jump performance, sprint performance, change-ofdirection ability, and repeated change-of-direction ability, in youth male under 17 (U17) soccer players.
Aloui2022;Kern;3;3.6;34;1;E2;;Also, Sáez de Villarreal et al. (2015) reported significant increases in jump performance, sprint performance, and change-of-direction ability following combined plyometric-speed training and technical drills work, in youth male under 15 (U15) soccer players.
Aloui2022;Kern;4;4.1;34;0;L1;;In fact, combined plyometric and short sprints seem to be the least scientifically investigated combination training mode than the others mentioned previously such as plyometrics and resistance, plyometrics and sled, and balance and plyometrics.
Aloui2022;Kern;4;4.2;30;0;L1;;To our knowledge, despite the above literature, there is a paucity of data concerning the efficacy of combined plyometric and short sprints on physical performance in youth male soccer players.
Aloui2022;Kern;4;4.3;26;0;Z1;K2;Therefore, this study evaluated the effects of replacing normal training during the season with combined plyometric and short sprint training in elite male U15 soccer players.
Aloui2022;Kern;4;4.4;59;0;Z2;D1;Herein, we examined vertical and horizontal jump performances (i.e., squat jump (SJ), countermovement jump with aimed arms (CMJA), five-jump test (FJT)), sprint performance (i.e., 10 and 30 m sprint), change-of-direction ability (sprint with 90◦ Turns (S90◦ ) and sprint 9–3–6–3–9 m with backward and forward running (SBF)), repeated shuttle sprint ability (RSSA), and dynamic balance performance (Y balance test).
Aloui2022;Kern;5;5.1;34;0;Z3;K3;We hypothesized that replacing some of the regular inseason training with a biweekly intervention of this type would increase both horizontal and vertical jump performances, sprint performance, and the change-of-direction ability after 8 weeks.
Liu2024;Kern;1;1.1;14;1;R3;K2;Short-term detraining often occurs during the transition between soccer seasons (Silva et al., 2016).
Liu2024;Kern;1;1.2;40;1;R3;;During shortterm detraining in soccer players, physiological mechanisms involve decreased aerobic capacity due to reductions in cardiac output and blood volume (Mujika and Padilla, 2000), alongside muscle atrophy from decreased protein synthesis and appropriate training stimulus (Mujika and Padilla, 2001b).
Liu2024;Kern;1;1.3;11;1;R3;;This leads to diminished endurance and strength (Mujika and Padilla, 2000).
Liu2024;Kern;1;1.4;22;1;R3;;Additionally, impaired neuromuscular coordination results from decreased motor unit recruitment, affecting speed, agility and coordination on the field (Loturco et al., 2023).
Liu2024;Kern;2;2.1;42;1;R3;;The immediate effects of detraining resulting from the season's cessation can lead to reductions ranging from 12.2% (Nakamura et al., 2012) to 22.6% (Thomassen et al., 2010) in aerobic capacity, as observed in tests such as the Yo-Yo Intermittent Recovery test (YYIRT).
Liu2024;Kern;2;2.2;29;1;R3;;Additionally, there may be decreases of approximately 5.3% in countermovement jump height (CMJ) (Caldwell and Peters, 2009) and up to 3.3% (Caldwell and Peters, 2009) in linear sprint performance.
Liu2024;Kern;2;2.3;45;1;R3;;"These reductions are noteworthy because when the season restarts, diminished performance levels may compromise the ability to handle the higher training loads typically encountered during the pre-season, potentially leading to overreaching or an increased risk of injuries (Jeong et al., 2011; Silva et al., 2016)."
Liu2024;Kern;3;3.1;17;0;R3;K4;The offseason can pose particular challenges, especially for individuals lacking specific training guidance, such as youth players.
Liu2024;Kern;3;3.2;23;1;T1;E1;Consequently, offseason training programs hold significant value in mitigating the declines resulting from the cessation of regular training sessions (Clemente et al., 2022).
Liu2024;Kern;3;3.3;34;1;T3;K2;They also offer an opportunity to introduce alternative training methods aimed at sustaining a certain level of physical fitness, although with a reduced training volume compared to the regular season (Clemente et al., 2021b).
Liu2024;Kern;4;4.1;34;1;E1;;"For example, research studies have revealed that implementation of offseason training programs can mitigate the decrements in physical fitness, thus being significantly different from remaining inactive (Silva et al., 2016; Clemente et al., 2022)."
Liu2024;Kern;4;4.2;34;1;E2;;In the case of (Joo, 2018), while players experiencing training cessation showed a drop in YYIRT levels of about -14.8%, those exposed to high-intensity interval training (HIIT) during the off-season actually improved by 3.4%.
Liu2024;Kern;4;4.3;26;1;E2;;Similarly, in (Christensen et al., 2011), while players experiencing training cessation declined YYIRT levels by 22.6%, the group exposed to HIIT improved their levels by 6.1%.
Liu2024;Kern;5;5.1;23;1;E3;L1;"However, current literature on offseason training interventions and detraining in soccer is diverse and heterogeneous (Silva et al., 2016; Clemente et al., 2021b)."
Liu2024;Kern;5;5.2;37;0;L1;;The variation in detraining periods, and the lack of comparison between different training approaches, does not allow for the identification of the most appropriate training programs to mitigate decrements while ensuring that players still have adequate rest.
Liu2024;Kern;5;5.3;43;1;L2;R2;Considering aerobic capacity as the key physical fitness variable in soccer, and CMJ and linear sprint as important physical attributes associated with muscle power in soccer's most intense actions (Aquino et al., 2020), it is important to understand how to mitigate their decrements.
Liu2024;Kern;6;6.1;50;1;T1;"T3;E1";"Comparing HIIT training methods and resistance training methods easily employable as plyometric jump training (PJT) can be particularly interesting, as both have shown to be very effective in improving and maintaining physical attributes (Kunz et al., 2019; Ramirez-Campillo et al., 2020; Clemente et al., 2021a) while requiring minimal training time."
Liu2024;Kern;6;6.2;17;1;L2;T4;Comparing both, and having a program combining both, can be of particular interest (Ferley et al., 2020).
Liu2024;Kern;6;6.3;35;1;K4;L2;Furthermore, considering the window of opportunity for youth participants, often lacking individualized training and offering a greater margin for trainability, specialized individual offseason training programs could significantly benefit their long-term careers (Kelly and Williams, 2020).
Liu2024;Kern;6;6.4;28;0;L2;;This study offers evidence of the potential effects of such programs, providing valuable insights for practitioners aiming to introduce complementary training approaches typically excluded from standard on-field routines.
Liu2024;Kern;7;7.1;31;0;L1;;Due to the fact that no study has compared both methods or compared both isolated against a combined training program, the current research holds innovation in providing evidence about these aspects.
Liu2024;Kern;7;7.2;31;0;Z1;;Thus, the purpose of this study was to analyze the effects of three offseason training programs on the aerobic capacity, countermovement jump, and linear sprint performances of youth male soccer players.
Moran2024;Kern;1;1.1;27;1;R2;;An athlete’s ability to generate force at specific velocities, and in specific directions, is important in sports that require dynamic actions such as jumping or sprinting [1].
Moran2024;Kern;1;1.2;28;1;T1;T2;The training specificity principle supports the use of vertical and horizontal jumps to improve performance in vertically- and horizontally-orientated tasks such as jumping and sprinting respectively [2, 3].
Moran2024;Kern;1;1.3;31;1;T2;;In strength and conditioning terms, this principle is underpinned by the theory of dynamic correspondence which serves as an accepted framework for the development of sport-specific programmes of physical preparation [3–5].
Moran2024;Kern;1;1.4;44;1;T2;;"In this way, a jump executed in a predominantly horizontal direction might be more effective than a vertical jump for enhancing sprint speed; whereas, a vertical jump may be more effective in enhancing a biomechanically-similar skill such as a spike jump in volleyball [5]."
Moran2024;Kern;1;1.5;19;1;T4;L2;Accordingly, this informs the selection of training methods that a coach can choose to optimise athletes’ performance [6, 7].
Moran2024;Kern;2;2.1;21;1;E1;;A recent meta-analysis [5] summarised the literature on the effects of vertically- and horizontally-orientated plyometric training (PT) on directionally-specific athletic performance.
Moran2024;Kern;2;2.2;47;0;E1;;It found that whilst both horizontal PT (HPT) and vertical PT (VPT) were both effective for enhancing jump and sprint performance, HPT was just as effective as VPT in enhancing vertical performance (i.e. vertical jump) but was superior at enhancing horizontal performance (i.e. horizontal jump, or sprint).
Moran2024;Kern;2;2.3;29;0;E1;;Therefore, compared to VPT, a HPT approach would appear to be the more effective training activity as it seemed to induce similar vertically-orientated performance while eliciting greater horizontally-orientated performance.
Moran2024;Kern;2;2.4;20;1;T2;;The authors of the review [5] suggested that this could be due to the characteristics of horizontal and vertical jumps.
Moran2024;Kern;2;2.5;21;1;T2;;For example, vertical jumps exhibit no displacement of a performer’s centre of mass in a horizontal direction at take-off [5, 8].
Moran2024;Kern;2;2.6;37;1;T2;;However, horizontal jumps demonstrate displacement of the centre of mass both horizontally and vertically suggesting that there is a horizontal and a vertical component to horizontal jumps, but only a vertical component to vertical jumps [5, 8].
Moran2024;Kern;3;3.1;36;1;L1;;Though the results of the aforementioned meta-analysis [5] summarise the known evidence on the topic of VPT’s and HPT’s effect on athletic performance, this still represents a relatively small body of literature, thus necessitating further investigations.
Moran2024;Kern;3;3.2;63;1;L1;K4;Two recent studies [9, 10] have provided additional knowledge in this area since the meta-analysis of Moran et al. [5] but none since the intervention of Ramirez-Campillo et al. [11] in 2015 have compared the effects of VPT, HPT and combined VPT and HPT (V+HPT) on athletic performance, while no study of this type has ever been carried out in an adult population.
Moran2024;Kern;3;3.3;45;0;L2;;Due to this shortcoming in the literature, it is not entirely clear how coaches should approach the prescription of HPT and VPT, and their combination, in an athletic adult population, a surprising deficit in a body of research that has grown rapidly in recent years.
Moran2024;Kern;3;3.4;38;0;Z1;L1;The purpose of our study was therefore to address the gap in the literature by comparing the relative effects on sprint, jump and change of direction (COD) performance of VPT, HPT and V+HPT in adult male soccer players.
Sammoud2024;Kern;1;1.1;36;1;R2;R1;Soccer (also called football) is a team sport that places considerable demands on players’ physical fitness, including muscle power, sprint speed, and change of direction [CoD] speed, all of which are critical for optimal performance [1].
Sammoud2024;Kern;1;1.2;31;1;R1;;During both training and matches, soccer players must perform a wide range of activities, such as jumping, kicking, accelerating, and decelerating, sprinting, and changing directions at different angles numerous times [2].
Sammoud2024;Kern;1;1.3;34;1;R2;;There is evidence that sprint speed, jump height, and CoD speed can differentiate between soccer players of varying skill levels [3], underscoring the utility of these physical fitness factors for talent identification purposes [4].
Sammoud2024;Kern;1;1.4;21;1;R2;;Additionally, these same fitness components appear to correlate with a team’s final ranking in the league during a competitive season [5].
Sammoud2024;Kern;1;1.5;28;1;E1;K1;While growth and maturation cause improvements in these key components of physical fitness [6], the development of these qualities can be further optimized using targeted training interventions [7].
Sammoud2024;Kern;1;1.6;37;1;K4;;In fact, regular engagement in physical fitness interventions at an early age is useful to guide effective long-term physical fitness development, thereby enhancing the prospects for success in the later stages of an athlete’s career [8, 9].
Sammoud2024;Kern;2;2.1;26;1;R3;;Additionally, some of the aforementioned qualities are performed unilaterally, which might lead players to develop a preference for using one limb over the other [3, 5].
Sammoud2024;Kern;2;2.2;44;1;R3;;"Previous research has shown a significant correlation between inter-limb asymmetry derived from the drop jump test and slower sprint (10m: r = 0.52; 30m: r = 0.58) and CoD speed (r = 0.52 to 0.66) performance in female soccer players aged 21 years [10]."
Sammoud2024;Kern;2;2.3;28;1;R3;;Likewise, Maloney et al. [11] reported an association between drop jump height asymmetries and slower CoD performance (r = 0.60) in healthy recreationally active males aged 22 years.
Sammoud2024;Kern;2;2.4;35;1;R3;;In youth male and female tennis players aged 16 years, larger asymmetries in the drop jump test were found to be associated with reduced CoD speed performance in both the dominant and non-dominant legs [12].
Sammoud2024;Kern;2;2.5;19;0;E3;;It is worth mentioning though that the association between inter-limb asymmetry and measures of physical fitness was not consistent.
Sammoud2024;Kern;2;2.6;36;1;E3;;For instance, Bishop et al. [2019] revealed no significant relationship between asymmetry measured during jump tests and physical fitness tests (i.e., 30-m linear sprint, and CoD speed tests) in elite male under-23 academy soccer players [13].
Sammoud2024;Kern;2;2.7;33;0;E3;L1;The lack of consistent outcomes pertaining to the relationship between inter-limb asymmetry and key measures of physical fitness in the literature implies that further investigations would be needed to bring forth more insights.
Sammoud2024;Kern;2;2.8;23;1;R3;;Furthermore, there is evidence that increased levels of inter-limb asymmetries may increase the risk of injury in male youth soccer players [14, 15].
Sammoud2024;Kern;2;2.9;27;1;L1;K4;Unlike cross-sectional studies, there is a lack of intervention studies examining the effects of specific training methods on lower-limb asymmetries, particularly in prepubertal male soccer players [16].
Sammoud2024;Kern;2;2.10;17;1;L1;;Therefore, future research is needed to better understand how to mitigate existing asymmetries in athletic populations [16].
Sammoud2024;Kern;3;3.1;28;1;T1;"T3;E1";Plyometric jump training (PJT) is a popular, costeffective, and feasible training method that is effective in improving physical fitness, particularly strength- and power-related variables, in youth athletes [17].
Sammoud2024;Kern;3;3.2;17;1;T3;E1;Additionally, PJT has been demonstrated to decrease the incidence and severity of sports-related injuries in athletes [18].
Sammoud2024;Kern;3;3.3;41;1;L1;K4;Although there has been an increase in the number of PJT studies, including those involving youth athletes, there remains a necessity for further high-quality studies, particularly randomized controlled trials to establish robust evidence, especially in prepubertal male soccer players [15, 19].
Sammoud2024;Kern;4;4.1;29;1;L1;;To the best of our knowledge, no prior studies have investigated the effects of PJT on physical fitness measures and lower-limb jumping asymmetries in prepuberal male soccer players [16].
Sammoud2024;Kern;4;4.2;25;0;Z1;;Therefore, the objective of this study was to assess the effects of PJT on physical fitness measures and lower-limb asymmetries in prepuberal male soccer players.
Sammoud2024;Kern;4;4.3;32;1;Z3;;We hypothesized that prepubertal male soccer players who participated in PJT would demonstrate greater improvements in physical fitness measures and reductions in lower-limb asymmetries when compared to an active control group [16].
Bouafif2026;Kern;1;1.1;23;1;R3;R1;Lower-limb asymmetries are common in youth soccer players due to the sport’s inherently unilateral demands, such as frequent kicking, cutting, and pivoting [1,2].
Bouafif2026;Kern;1;1.2;39;1;R3;;These asymmetries, often manifested as imbalances in strength, power, or neuromuscular control between limbs, have been linked to impaired performance and elevated injury risk, particularly during dynamic actions such as jumping, change of direction (CoD), and balance-related tasks [3,4].
Bouafif2026;Kern;1;1.3;18;0;R3;K4;Therefore, early identification and targeted interventions to mitigate such asymmetries are critical components of long-term athlete development programs.
Bouafif2026;Kern;1;1.4;22;0;L1;"K1;D1";However, there remains a lack of research examining asymmetry across different stages of maturation using ecologically valid and practically applicable screening tools.
Bouafif2026;Kern;2;2.1;34;1;T1;E1;Plyometric jump training, which consists of dynamic and explosive exercises such as hops, bounds, and jumps, has gained attention as an effective method to improve neuromuscular control, inter-limb coordination, power output, and balance [5,6].
Bouafif2026;Kern;2;2.2;27;1;E1;;Recent studies suggest that both bilateral and unilateral plyometric protocols can reduce strength and power asymmetries by targeting deficits in both the dominant and non-dominant limbs [7,8].
Bouafif2026;Kern;2;2.3;30;1;T2;;Improvements in inter-limb symmetry are thought to occur through enhanced motor unit recruitment, synchronization, and proprioceptive feedback, which in turn benefit balance and CoD abilities-key physical attributes in soccer [9,10].
Bouafif2026;Kern;3;3.1;46;1;E2;K4;For instance, Sammoud et al. [5] reported significant reductions in inter-limb asymmetry following an 8-week plyometric program in Tier 2 prepubertal male soccer players, defined as trained or development-level athletes with regular structured practice and competition experience but not yet at elite or professional levels [11].
Bouafif2026;Kern;3;3.2;30;1;K4;;This classification follows the framework proposed by McKay et al. [11], which categorizes athletes based on training history, competitive standard, and performance level to ensure consistency across sport science research.
Bouafif2026;Kern;3;3.3;12;0;L1;K1;However, such findings have not been widely replicated across different maturational stages.
Bouafif2026;Kern;3;3.4;38;0;L1;K1;Given that training adaptations are influenced by maturity status, it is important to determine whether the efficacy of plyometric training in reducing asymmetry and enhancing physical fitness is consistent across pre-, circa-, and post-peak height velocity (PHV) groups.
Bouafif2026;Kern;4;4.1;19;1;K1;;Youth athletes undergo rapid neuromuscular, hormonal, and morphological changes during growth, which can affect their responsiveness to training [12,13].
Bouafif2026;Kern;4;4.2;33;1;K1;;Prepubertal athletes (pre-PHV), for instance, tend to experience more pronounced neural adaptations and improvements in CoD and balance following plyometric interventions, largely due to heightened neural plasticity and lower baseline training status [7,14].
Bouafif2026;Kern;4;4.3;17;1;K1;;In contrast, post-PHV players may respond better in terms of muscle hypertrophy and maximal power output [15,16].
Bouafif2026;Kern;4;4.4;35;1;K1;E1;A recent meta-analysis by Ramirez-Campillo et al. [9] confirmed that youth athletes, regardless of maturity, benefit similarly from plyometric training in most physical fitness outcomes except for CoD, which improves more significantly in prepubertal players.
Bouafif2026;Kern;4;4.5;11;0;T4;K1;These findings underscore the need for maturity-specific programming to optimize adaptations.
Bouafif2026;Kern;5;5.1;13;0;D1;K1;Furthermore, the estimation of maturity status through PHV is central to such investigations.
Bouafif2026;Kern;5;5.2;21;0;D1;K1;PHV represents the period of maximum growth rate in stature during adolescence and serves as a noninvasive indicator of biological maturity.
Bouafif2026;Kern;5;5.3;32;1;D1;;Among various approaches, the Mirwald et al. (2002) maturity offset equation remains the most commonly applied method in youth sport research due to its practicality and strong validation across diverse populations [17].
Bouafif2026;Kern;5;5.4;29;1;D1;;Other techniques—such as skeletal age assessment (e.g., Tanner-Whitehouse method) and secondary sexual characteristic evaluation (Tanner staging) provide more direct measures but are invasive or impractical in field settings [18].
Bouafif2026;Kern;5;5.5;51;1;D1;;While alternative Mirwald et al. (2002) maturity offset equation have been proposed to refine accuracy in specific cohorts, the Moore et al. (2015) method continues to be preferred for estimating years from PHV in large-scale or field-based studies of youth athletes because it balances feasibility and reliability [Moore et al. (2015].
Bouafif2026;Kern;5;5.6;22;0;D1;L2;Clarifying the chosen approach to estimate PHV enhances the interpretability and comparability of findings across studies examining maturation-related differences in training responses.
Bouafif2026;Kern;6;6.1;36;1;D1;;Furthermore, recent studies emphasize the importance of using field-based functional tests, such as the single-leg countermovement jump, Y-balance, and 505 CoD test, to assess asymmetries and monitor performance in a practical, reliable, and sport-specific manner [11,19,20].
Bouafif2026;Kern;6;6.2;24;0;D1;;These tests are not only predictive of asymmetry-related injury risk but are also sensitive to detecting changes in functional performance across different maturity levels.
Bouafif2026;Kern;6;6.3;36;1;R3;"K1;K4";Notably, Read et al. [10] suggested that asymmetries may emerge early in development and remain relatively stable, advocating for early, ongoing interventions beginning in the pre-PHV stage to prevent long-term performance limitations and injury risk [17,18].
Bouafif2026;Kern;7;7.1;24;0;L2;K1;Collectively, these findings highlight the importance of tailoring plyometric programs to biological maturity and incorporating asymmetry monitoring as part of comprehensive youth soccer training.
Bouafif2026;Kern;8;8.1;45;0;Z1;;Therefore, the present study aimed to investigate the effects of an 8-week plyometric jump training program versus active control on measures of physical fitness (dynamic balance, unilateral horizontal jumping, and CoD speed) and lower-limb asymmetries in Tier 2 youth soccer players, stratified by maturity status.
Bouafif2026;Kern;8;8.2;34;1;Z3;K1;Based on existing literature [9,12,13], we hypothesized that prepubertal players would exhibit greater improvements in balance and CoD, as well as more pronounced reductions in lower-limb asymmetry [10] compared to their more mature counterparts.
Hilska2021;RCT_Praevention;1;1.1;22;1;R3;R1;Soccer is broadly beneficial for overall health,19 but there is a downside to participation in the sport—an increased risk of injury. 5,6,13
Hilska2021;RCT_Praevention;1;1.2;24;1;R3;;Severe and recurrent sports injuries are associated with decreased future physical activity and, consequently, a greater risk for all-cause morbidity, obesity, and posttraumatic osteoarthritis.9,22
Hilska2021;RCT_Praevention;1;1.3;13;1;R3;K4;Injuries in youth sports are a public health concern that requires special attention.4
Hilska2021;RCT_Praevention;2;2.1;17;0;E1;K4;Much research has been done regarding soccer injuries and their prevention in youth (U19) and adult players.
Hilska2021;RCT_Praevention;2;2.2;14;0;L1;K4;There is, however, a paucity of literature evaluating injury prevention in children’s (U14) soccer.
Hilska2021;RCT_Praevention;2;2.3;32;1;R3;K4;Injury rates in children’s soccer range from moderate to high when compared with those in other sports17,21 but are 3 to 7 times lower when compared with those in adult elite soccer.2,7,24
Hilska2021;RCT_Praevention;2;2.4;12;1;R3;K1;Added to the incidence, the severity of injuries also increases during maturation.7
Hilska2021;RCT_Praevention;2;2.5;26;1;R3;;Injury types seem to be more or less similar between children and youth players, as most of the injuries are classified as contusions, sprains, and strains.6,24
Hilska2021;RCT_Praevention;2;2.6;21;1;R3;;Previous injuries seem to be a significant risk factor for both reinjuries and new injuries in the youth and adult settings.3,12,14,16
Hilska2021;RCT_Praevention;3;3.1;28;1;T1;E1;Several high-quality randomized controlled trials (RCTs) have shown that neuromuscular training (NMT) can prevent lower extremity (LE) injuries in youth and adult soccer3,10,15,25-27 and in other team sports.18,20
Hilska2021;RCT_Praevention;3;3.2;19;0;L1;K4;However, the number of injury prevention studies in soccer players younger than 14 years of age is very limited.
Hilska2021;RCT_Praevention;3;3.3;28;1;L1;E2;To our knowledge, only 2 previous studies have investigated the effects of a specific NMT warm-up to prevent injuries in children’s soccer (ages 7-12 and 7-14 years, respectively).23,28
Hilska2021;RCT_Praevention;3;3.4;40;1;E2;;These studies used the International Football Federation (FIFA) targeted injury prevention program for children (FIFA 11þ Kids) and reported 48%23 and 50%28 lower overall injury incidence rates in the intervention groups compared with the control groups having their standard-of-practice warm-up.
Hilska2021;RCT_Praevention;4;4.1;39;0;Z1;L1;Considering the little knowledge available on the effectiveness of injury prevention in this young soccer population, our aim was to examine whether an NMT warm-up can reduce the risk of acute LE injuries in Finnish children (U11-U14) soccer players.
Hilska2021;RCT_Praevention;4;4.2;19;0;Z3;;Our hypothesis was that the NMT warm-up program would reduce the acute LE injury rate in youth soccer players.
PadronCabo2025;Ergaenzung;1;1.1;22;1;R3;D1;Detraining has been defined as the partial or complete loss of training-induced adaptations because of periods of cessation or insufficient training (25).
PadronCabo2025;Ergaenzung;1;1.2;24;1;R3;K3;These detraining periods are categorized according to their duration as short term (less than 4 weeks) or long term (more than 4 weeks) (25).
PadronCabo2025;Ergaenzung;1;1.3;30;1;K2;E1;The scientific literature in soccer has mainly focused on detraining during the transition period or offseason, which typically involves a complete cessation of training or individualized exercise by players (10,35).
PadronCabo2025;Ergaenzung;1;1.4;28;1;R3;E1;Overall, both short-term and long-term training cessations during the transition period have shown negative effects on performance in vertical jump, sprint, repeated sprint ability, and intermittent endurance (10,35).
PadronCabo2025;Ergaenzung;2;2.1;17;1;E3;K3;Nonetheless, the magnitude of detraining effects may vary depending on the characteristics of the cessation period (25,35).
PadronCabo2025;Ergaenzung;2;2.2;10;0;E3;;In particular, inconsistent findings have been reported regarding shortterm detraining.
PadronCabo2025;Ergaenzung;2;2.3;39;1;R3;E2;Previous studies in professional and semiprofessional soccer players have shown significant decrements in sprint performance (26), repeated sprint ability (9,17,18,37), and Yo-Yo Intermittent Recovery Tests (9,18,24,37) following shortterm training cessation periods immediately after the last match of the season.
PadronCabo2025;Ergaenzung;2;2.4;46;1;E3;E2;Conversely, Joo (17) reported a significant increase in sprint performance after a 1-week training cessation, whereas other studies reported improvements in countermovement jump (29) or strength and power parameters (19) after a 4-week training cessation during the off-season, without significant impairments in other physical fitness variables.
PadronCabo2025;Ergaenzung;2;2.5;20;1;E3;;These positive effects of training cessation could be attributed to the dissipation of the accumulated fatigue throughout the season (17,29).
PadronCabo2025;Ergaenzung;3;3.1;36;1;R3;K2;However, detraining is also a potential concern during the inseason, as most soccer leagues typically include a short period without matches, commonly known as the winter break, during which teams may reduce or cease training (10,32,33).
PadronCabo2025;Ergaenzung;3;3.2;14;1;L1;K2;Despite this, there is limited scientific evidence regarding short-term detraining during the in-season (32,33).
PadronCabo2025;Ergaenzung;3;3.3;33;1;R3;"E2;K2";For example, a 2-week midseason detraining period significantly impaired repeated sprint ability in both professional (32) and youth (32,33) players but showed no effects on intermittent endurance (Yo-Yo Intermittent Recovery Test level 1).
PadronCabo2025;Ergaenzung;3;3.4;27;0;L1;K4;Nevertheless, to the best of the authors’ knowledge, no previous studies have compared the effects of an in-season break in elite youth players of different age groups.
PadronCabo2025;Ergaenzung;3;3.5;14;0;L1;;Moreover, the existing evidence has only focused on repeated sprint ability and intermittent endurance.
PadronCabo2025;Ergaenzung;3;3.6;30;1;L1;;In fact, a recent systematic review highlighted the need for further research to better understand the detraining effects in different competitive scenarios and among players of different age groups (10).
PadronCabo2025;Ergaenzung;4;4.1;44;0;Z1;;Therefore, with the aforementioned considerations and limitations, the aim of this study was to examine the effects of a 2week in-season training cessation on neuromuscular and endurance performance in 2 different age groups of elite youth soccer players, namely, under-15 (U15) and under-17 (U17).
PadronCabo2025;Ergaenzung;4;4.2;33;1;Z3;;Based on the findings of the most recent systematic review (10), the research hypothesis was that players would experience a decline in both neuromuscular and endurance performance following the period of training cessation.
Asimakidis2022;Ergaenzung;1;1.1;28;1;R1;;Soccer is an intermittent sport where the attainment of a high-performance level relies on a variety of different factors, such as psychological, physical, technical, and tactical skills [1].
Asimakidis2022;Ergaenzung;1;1.2;25;1;R1;;From a physiological perspective, numerous high-intensity actions are performed during a 90-min soccer game, including jumping, passing, shooting, tackling, turning, sprinting, and changing pace [2].
Asimakidis2022;Ergaenzung;1;1.3;27;1;R2;;In youth soccer, specific indicators of neuromuscular performance are, namely, change of direction, linear sprint, and jumping ability can influence match performance to a great extent [3].
Asimakidis2022;Ergaenzung;1;1.4;49;1;R2;;Elite and sub-elite adolescent soccer players have been shown to outperform non-elite soccer players in the abovementioned neuromuscular performance indicators [4], whereas adolescent players who successfully transitioned to professional adult soccer showed higher muscle power values compared with their counterparts who did not transition to the professional level [5].
Asimakidis2022;Ergaenzung;2;2.1;41;1;K1;K4;Given the popularity of soccer and the high rate of participation of young athletes, a key challenge for the practitioners involved is dealing with the complexity of growth and maturation, as developmental athletes should not be treated as “miniature adults” [6].
Asimakidis2022;Ergaenzung;2;2.2;33;0;K1;D1;Biological maturation is the rate of progress toward full adult stature or a mature state, with significant interindividual differences in various biological components observed between athletes of the same chronological age across adolescence.
Asimakidis2022;Ergaenzung;2;2.3;17;1;K1;;As a result, the timing and pace of the adolescent growth spurt vary greatly between individuals [7].
Asimakidis2022;Ergaenzung;2;2.4;22;1;K1;D1;Peak height velocity (PHV) is a key benchmark of maturity status, referring to the maximum rate of growth of body size [6].
Asimakidis2022;Ergaenzung;2;2.5;15;1;K1;;Numerous physical fitness components have been shown to reach their peak development at PHV [8].
Asimakidis2022;Ergaenzung;2;2.6;41;1;K1;E1;The Youth Physical Development Model developed by Lloyd and Oliver [6] proposes that the majority of physical fitness components are trainable regardless of maturity stage, although the mechanisms that underlie such training adaptations are likely to differ between childhood and adolescence.
Asimakidis2022;Ergaenzung;3;3.1;34;1;K1;;Neuromuscular performance increases linearly with age, and even in the absence of any structured training program, remarkable increases in change of direction, linear speed, and muscle power values are typical during developmental years [7,9].
Asimakidis2022;Ergaenzung;3;3.2;31;1;E1;;Nevertheless, young athletes who undergo age-appropriate resistance or plyometric training may display greater improvements in these performance indicators compared with their peers who did not participate in similar intervention programs [10–12].
Asimakidis2022;Ergaenzung;3;3.3;26;1;E2;K1;Indeed, 6 weeks of plyometric training resulted in significant increases in linear speed and vertical jumping ability in young soccer players during the PHV period [13].
Asimakidis2022;Ergaenzung;3;3.4;48;1;K1;T2;These findings may be indicative of “synergistic adaptation”, a term referring to the symbiotic relationship between the specific adaptations of an imposed training stimulus and the concurrent adaptations associated with growth and maturation [14], suggesting that practitioners should choose the most appropriate training protocols according to maturation stage.
Asimakidis2022;Ergaenzung;3;3.5;72;1;L1;K1;"A recent meta-analysis [15] supported this theory, reporting that pre-PHV adolescents demonstrate greater improvements in physical fitness components with plyometric training, whereA pre-PHV and post-PHV adolescents experience greater benefits with strength training; however, in the field of pediatric exercise science, the research design and type of training interventions implemented have not been shown to differentiate between expected growth-related changes and those related to training; hence, further research using longitudinal methods is suggested."
Asimakidis2022;Ergaenzung;4;4.1;37;1;K2;;Coronavirus disease 2019 (COVID-19) is an infectious disease caused by severe acute respiratory syndrome coronavirus 2 (SARS-CoV-2) that spread rapidly across the world in the early months of 2020, causing thousands of cases of respiratory illness [16].
Asimakidis2022;Ergaenzung;4;4.2;24;1;K2;;As a consequence, the World Health Organization declared COVID-19 a pandemic, imposing a state of quarantine and confinement in which exercise was restricted [17].
Asimakidis2022;Ergaenzung;4;4.3;25;1;K2;;Apart from the social, psychological, and economical consequences [18], COVID-19 has also adversely affected sporting activities, as major competitions and events were canceled or postponed.
Asimakidis2022;Ergaenzung;4;4.4;8;1;K2;;Professional soccer has also been severely affected [19].
Asimakidis2022;Ergaenzung;4;4.5;23;0;R3;;It is expected that when players interrupt their training, even for a short period, a substantial reduction in fitness levels will probably occur.
Asimakidis2022;Ergaenzung;4;4.6;22;1;R3;D1;Indeed, interruption of training can lead to partial or complete loss of training-induced adaptations in response to an inadequate training stimulus [20].
Asimakidis2022;Ergaenzung;4;4.7;22;1;R3;E1;More specifically, during the COVID-19 era, several studies have shown that soccer players experienced reduced physical performance after the confinement period [19,21–24].
Asimakidis2022;Ergaenzung;5;5.1;87;0;Z1;L1;"As mentioned earlier, it is difficult to accurately distinguish between training-induced and maturation-induced adaptations; however, this unprecedented situation caused by the COVID-19 pandemic could provide a unique opportunity to investigate the adaptations associated with the maturation process without undergoing any type of exercise training; therefore, the objective of this study was to examine the effect of maturation on selected neuromuscular performance indicators in young soccer players in the absence of any training stimulus due to the confinement period imposed by the second wave of the COVID-19 pandemic."
Asimakidis2022;Ergaenzung;5;5.2;33;0;L2;;Any findings could be of great importance to practitioners and sports scientists, as the “net” effect of maturation on physical fitness components, without concomitant exposure to adequate levels of exercise, would be revealed.
Asimakidis2022;Ergaenzung;5;5.3;32;0;Z3;;We hypothesized that this long period of training cessation would have a detrimental effect on the explosive actions of young soccer players, as a response to the removal of any training stimulus.
