Nr,Blatt,Zelle,Code,Feld,alt,neu,Typ,Grund,Beleg,Datum,Ausfuehrung
1,02_Rohdaten,G977,VS-06,Wert Sprint_10m post Versuch 1,1.54,1.84,zahl,"Übertragungsfehler, Wert laut Papierbogen (Belegprüfung B1)",Papierbogen,2026-09-24,Verfasser
2,01_Personen,P32,VS-11,Familiarisierung,,2,zahl,Familiarisierungstermine nachgetragen (Belegprüfung A6),Anwesenheitsliste,2026-09-24,Verfasser
3,01_Personen,R32,VS-11,Bemerkung,Zeile nachträglich ergänzt – Geburtsdatum fehlt,,leer,"Bemerkung überholt, Geburtsdatum liegt vor (Belegprüfung A8, AP 15.09. § 6 Nr. 3)",Verfasser,2026-09-24,Verfasser
4,01_Personen,Q20,VS-01,Status,Post-Testung ausstehend (Termin 15.09.2026),ausgewertet,text,"Post-Testung Verein C am 14.09.2026 durchgeführt, Werte in 02_Rohdaten (Belegprüfung A1, AP 15.09. § 6 Nr. 1)",Papierbogen,2026-09-24,Skript
5,01_Personen,Q21,VS-02,Status,Post-Testung ausstehend (Termin 15.09.2026),ausgewertet,text,"Post-Testung Verein C am 14.09.2026 durchgeführt, Werte in 02_Rohdaten (Belegprüfung A1, AP 15.09. § 6 Nr. 1)",Papierbogen,2026-09-24,Skript
6,01_Personen,Q22,VS-03,Status,Post-Testung ausstehend (Termin 15.09.2026),ausgewertet,text,"Post-Testung Verein C am 14.09.2026 durchgeführt, Werte in 02_Rohdaten (Belegprüfung A1, AP 15.09. § 6 Nr. 1)",Papierbogen,2026-09-24,Skript
7,01_Personen,Q23,VS-04,Status,Post-Testung ausstehend (Termin 15.09.2026),ausgewertet,text,"Post-Testung Verein C am 14.09.2026 durchgeführt, Werte in 02_Rohdaten (Belegprüfung A1, AP 15.09. § 6 Nr. 1)",Papierbogen,2026-09-24,Skript
8,01_Personen,Q24,VS-05,Status,Post-Testung ausstehend (Termin 15.09.2026),ausgewertet,text,"Post-Testung Verein C am 14.09.2026 durchgeführt, Werte in 02_Rohdaten (Belegprüfung A1, AP 15.09. § 6 Nr. 1)",Papierbogen,2026-09-24,Skript
9,01_Personen,Q25,VS-06,Status,Post-Testung ausstehend (Termin 15.09.2026),ausgewertet,text,"Post-Testung Verein C am 14.09.2026 durchgeführt, Werte in 02_Rohdaten (Belegprüfung A1, AP 15.09. § 6 Nr. 1)",Papierbogen,2026-09-24,Skript
10,01_Personen,Q26,VS-07,Status,Post-Testung ausstehend (Termin 15.09.2026),"Post-Testung nicht angetreten – bei der Testeinheit nicht anwesend; kein Post-Wert, nicht auswertbar",text,"Keine Post-Werte, bei der Testeinheit am 14.09.2026 nicht anwesend (Belegprüfung A2, A3), Wortlaut wie BW-07 und BW-21",Verfasser,2026-09-24,Skript
11,01_Personen,Q27,VS-08,Status,Post-Testung ausstehend (Termin 15.09.2026),ausgewertet,text,"Post-Testung Verein C am 14.09.2026 durchgeführt, Werte in 02_Rohdaten (Belegprüfung A1, AP 15.09. § 6 Nr. 1)",Papierbogen,2026-09-24,Skript
12,01_Personen,Q28,VS-10,Status,Post-Testung ausstehend (Termin 15.09.2026),ausgewertet,text,"Post-Testung Verein C am 14.09.2026 durchgeführt, Werte in 02_Rohdaten (Belegprüfung A1, AP 15.09. § 6 Nr. 1)",Papierbogen,2026-09-24,Skript
13,01_Personen,Q29,VS-16,Status,Post-Testung ausstehend (Termin 15.09.2026),"Post-Testung nicht angetreten – bei der Testeinheit nicht anwesend; kein Post-Wert, nicht auswertbar",text,"Keine Post-Werte, bei der Testeinheit am 14.09.2026 nicht anwesend (Belegprüfung A2, A3), Wortlaut wie BW-07 und BW-21",Verfasser,2026-09-24,Skript
14,01_Personen,Q30,VS-17,Status,Post-Testung ausstehend (Termin 15.09.2026),ausgewertet,text,"Post-Testung Verein C am 14.09.2026 durchgeführt, Werte in 02_Rohdaten (Belegprüfung A1, AP 15.09. § 6 Nr. 1)",Papierbogen,2026-09-24,Skript
15,01_Personen,Q31,VS-18,Status,Post-Testung ausstehend (Termin 15.09.2026),ausgewertet,text,"Post-Testung Verein C am 14.09.2026 durchgeführt, Werte in 02_Rohdaten (Belegprüfung A1, AP 15.09. § 6 Nr. 1)",Papierbogen,2026-09-24,Skript
16,01_Personen,Q32,VS-11,Status,Post-Testung ausstehend (Termin 15.09.2026),ausgewertet,text,"Post-Testung Verein C am 14.09.2026 durchgeführt, Werte in 02_Rohdaten (Belegprüfung A1, AP 15.09. § 6 Nr. 1)",Papierbogen,2026-09-24,Skript
17,01_Personen,I31,VS-18,Größe_prä_cm,?,,leer,"Körperhöhe prä nicht erfasst, Text „?“ in Zahlenspalte (Belegprüfung A7, AP 15.09. § 6 Nr. 5)",Verfasser,2026-09-24,Skript
18,01_Personen,J31,VS-18,Gewicht_prä_kg,?,,leer,"Körpermasse prä nicht erfasst, Text „?“ in Zahlenspalte (Belegprüfung A7)",Verfasser,2026-09-24,Skript
19,01_Personen,R31,VS-18,Bemerkung,,"Körperhöhe und Körpermasse prä nicht erfasst, %PAH nicht berechenbar (Verfasser 24.09.2026)",text,Grund für die leeren Anthropometriefelder (Belegprüfung A7),Verfasser,2026-09-24,Skript
20,02_Rohdaten,J765,HL-01,Bemerkung Sprint_30m post Versuch 2,Sytem nicht aufgenommen,System nicht aufgenommen,text,"Schreibfehler, Vokabular der Spezifikation (Belegprüfung A9, AP 15.09. § 6 Nr. 7)",Verfasser,2026-09-24,Skript
21,02_Rohdaten,J783,HL-02,Bemerkung Sprint_30m post Versuch 2,Sytem nicht aufgenommen,System nicht aufgenommen,text,"Schreibfehler, Vokabular der Spezifikation (Belegprüfung A9, AP 15.09. § 6 Nr. 7)",Verfasser,2026-09-24,Skript
22,02_Rohdaten,J785,HL-02,Bemerkung Standweitsprung post Versuch 1,Fehversuch,Fehlversuch,text,"Schreibfehler, Vokabular der Spezifikation (Belegprüfung A9, AP 15.09. § 6 Nr. 7)",Verfasser,2026-09-24,Skript
23,02_Rohdaten,J918,VS-02,Bemerkung COD_505 post R Versuch 2,,Fehlversuch,text,"Ungültiger Versuch ohne Bemerkung, Grund laut Verfasser (Belegprüfung A4)",Papierbogen,2026-09-24,Skript
24,02_Rohdaten,J989,VS-06,Bemerkung COD_505 post R Versuch 1,,Fehlversuch,text,"Ungültiger Versuch ohne Bemerkung. Verfasser (A5): „ist richtig“, gelesen als Fehlversuch wie A4 und wie alle übrigen ungültigen 505-Versuche der Post-Testung",Verfasser,2026-09-24,Skript
