# Kürzungsleiter 2.4 (Task 7, 26.09.2026): Satz- und Teilsatzzuordnung des Masterbestands. Spalten: Abschnitt, Absatz, Satz, Kategorie, Zielort oder Grund, Teilstück wörtlich
# Kategorien: K1 Selbstkommentar, Überleitung, Verweis · K2 Fehler und Zitierfallen · K3 Methodendiskussion und eigene Studie (6.1, 6.2) · K4 Rollentrennung (2.1, 4.4) · K5 Doppelung oder entbehrlicher Einzelbefund · U übernommen
2.4	1	1	K1	Selbstkommentar	Die drei Zielgrößen folgen aus dem bisherigen Argumentationsgang:
2.4	1	1	U	2.4.2 Abs. 1 S7 (McBurnie), ohne Verweis	Lineare Schnelligkeit und Richtungswechselschnelligkeit sind zwei Komponenten der in Abschnitt 2.1 eingeführten multidirektionalen Schnelligkeit (McBurnie, Parr, et al., 2022),
2.4	1	1	K4	Aussagen von 2.1 bis 2.3, zwei Verweise	beruhen auf DVZ-Aktionen, deren Grundlagen um den PHV reifen (Abschnitt 2.2), und erwiesen sich in Trainingspausen als empfindlich (Abschnitt 2.3);
2.4	1	1	K3	Programmnähe des Standweitsprungs: Vormerkung 6.1 und Kapitel 3	die horizontale Sprungkraft ist die Zielgröße, die der trainierten Bewegungsform am nächsten steht (Abschnitt 4.5.1).
2.4	1	2	K1	Selbstkommentar	Zwei Kriterien leiten die Darstellung: Relevanz meint den an Nachwuchsfußballern belegten Anteil der Fähigkeit am Anforderungsprofil des Spiels, Testgüte die an Kindern und Jugendlichen – vorzugsweise Nachwuchsfußballern – nachgewiesene Test-Retest-Reliabilität und Validität des Verfahrens.
2.4	1	3	K1	Vorwärtsverweise	Die Testdurchführung beschreibt Abschnitt 4.4, die Messgüte der eigenen Testung Tab. 1, die statistische Behandlung Abschnitt 4.7.
2.4.1	1	1	K5	Doppelung mit 2.1 (Algroy), Verweis	Hochintensives Laufen und Sprinten machen im Nachwuchsfußball rund ein Fünftel der Spielstrecke aus (Abschnitt 2.1).
2.4.1	1	2	U	2.4.1 S1	Die Sprintanforderung ist zweigeteilt: Norwegische U14-Spieler erreichten im Spiel Maximalgeschwindigkeiten von 27,0 ± 2,2 km/h und absolvierten je Spiel 38,6 ± 18,3 Beschleunigungen von mehr als 3 m/s² (Algroy et al., 2021),
2.4.1	1	2	U	2.4.1 S3 (flankiert Algroy, Satz in 2.1 entfällt mit Task 9)	wobei Beschleunigungen auch unterhalb hoher Geschwindigkeitsschwellen auftreten (Palucci Vieira et al., 2019).
2.4.1	1	3	K4	Mechanismus, Kraftvektor-Theorie umstritten (T1), entfällt ohne Zielort, Verweis	Mechanisch entscheidet in der Beschleunigung die möglichst horizontale Ausrichtung der Bodenreaktionskraft, bei Höchstgeschwindigkeit dagegen die Größe der vertikalen Kraft bei kurzer Bodenkontaktzeit (Hicks et al., 2019); die Stützphase des maximalen Sprints zählt zu den schnellen DVZ-Aktionen (Abschnitt 2.1).
2.4.1	1	4	U	2.4.1 S2, ohne eigenen Testaufbau, nur Ferguson	Ein 30-m-Sprint mit Zwischenzeiten bei 5 und 10 m erfasst beide Anteile: Teilstrecken bis 10 m informieren über die Beschleunigung, Distanzen ab 20 m über die Annäherung an die Höchstgeschwindigkeit (Ferguson et al., 2024; McBurnie, Parr, et al., 2022).
2.4.1	2	1	U	2.4.1 S3, korrigiert zu „uneinheitlich belegt“	Die Reliabilität dieser Zeitmaße steigt mit der Distanz.
2.4.1	2	2	K5	Begriffsdefinition entbehrlich, ICC und CV beim ersten Gebrauch ausgeschrieben	Der Intraklassenkorrelationskoeffizient (ICC) beschreibt dabei die Stabilität der Rangfolge zwischen Terminen (0,5 bis 0,75 moderat, 0,75 bis 0,9 gut, über 0,9 exzellent), der Variationskoeffizient (CV) den zufälligen Messfehler in Prozent des Messwerts (Dugdale et al., 2019; Ferguson et al., 2024).
2.4.1	2	3	U	2.4.1 S4 bis S6, Standardmessfehler absolut (T4)	Bei 37 Akademiespielern von 14,7 ± 0,8 Jahren lag der ICC über drei Termine innerhalb von vier Tagen bei 0,53 für 5 m, 0,73 für 10 m und 0,93 für 30 m, der Standardmessfehler sank von 4 % auf 1 % der Sprintzeit (Ferguson et al., 2024); bei 81 schottischen U15-Spielern erreichte die 10-m-Zeit zwischen zwei Terminen einen ICC von 0,93 bei einem CV von 1,7 % (Dugdale et al., 2019).
2.4.1	2	4	K3	Startdistanz der eigenen Testung: 6.2 (Task 12, G31 d)	Die 5-m-Zeit ist zudem am empfindlichsten gegenüber der Startbedingung: Bei erwachsenen Sportstudenten hing die 5-m-Zeit systematisch von der Startdistanz zur ersten Lichtschranke ab, der vom vorschwingenden Arm ausgelöste Fehler von Einzelstrahl-Schranken betrug rund 16 % der 5-m-Zeit, und die Reliabilität innerhalb einer Sitzung war bei 0,3 m Startdistanz (ICC 0,84; CV 2,4 %) höher als bei den hier verwendeten 0,5 m (ICC 0,65; CV 3,5 %); die Autoren empfehlen 0,3 m (Altmann et al., 2015),
2.4.1	2	4	U	2.4.1 S7 (Gegenbefund zur Kurzstrecke)	und bei präpubertären Fußballspielern erreichten 5- bis 20-m-Zeiten mit 0,3 m Startdistanz ICC von 0,91 bis 0,94 (Sammoud et al., 2021).
2.4.1	2	5	K2	W14: 10 m ist deskriptiv, Grund für 5 m ist n < 8 (F16 § 11.9), nicht die Reliabilität	Für die vorliegende Arbeit folgt daraus ein Zielkonflikt: Die 5-m-Zeit trägt die diagnostisch erwünschte Beschleunigungsinformation, ist aber die am wenigsten reliable Teilstrecke; sie wird deshalb nur deskriptiv berichtet, während die 10- und die 30-m-Zeit die konfirmatorischen Sprintmaße bilden (Abschnitt 4.7).
2.4.2	1	1	U	2.4.2 S1 (Eröffnung)	Richtungswechsel gehören zu den häufigsten Aktionen des Spiels:
2.4.2	1	1	K2	T4: Bezugsgröße der Zählung unklar, kein Seitenunterschied darstellbar	Bei U15-Spielern einer Elite-Akademie registrierten Inertialsensoren je Spielbeobachtung im Mittel rund 170 seitliche Richtungswechsel nach links und 185 nach rechts (Havanecz et al., 2026),
2.4.2	1	1	K5	entbehrlich, Verweis, Semikolon in der Klammer	und bei den in Abschnitt 2.1 beschriebenen U14-Spielern waren Abbremsungen (47,8 ± 22,2 je Spiel) häufiger als Beschleunigungen (38,6 ± 18,3; Algroy et al., 2021).
2.4.2	1	2	U	2.4.2 S6, Beleg nachgestellt	Das von Sheppard und Young (2006) zusammengefasste Klassifikationsschema unterscheidet Agilität – eine schnelle Ganzkörperbewegung mit Geschwindigkeits- oder Richtungswechsel als Reaktion auf einen Reiz – von der vorgeplanten Richtungswechselschnelligkeit (change-of-direction speed), die sich aus Technik, linearer Sprintschnelligkeit und Beinkraftqualitäten zusammensetzt; Tests ohne Reiz wie der 505-Test erfassen Letztere, als die die Richtungswechselfähigkeit hier operationalisiert wird.
2.4.2	2	1	K4	Testaufbau steht in 4.4.2	Der 505-Test verlangt nach einem Anlauf eine 180°-Wende mit einem Bodenkontakt und misst die Zeit für die fünf Meter vor und nach der Wende
2.4.2	2	1	U	2.4.2 Abs. 2 S1, J2: zitiert nach Nimphius et al. (2016)	(Draper & Lancaster, 1985, zitiert nach Dos’Santos et al., 2020).
2.4.2	2	2	K5	entbehrlich neben der Winkelaussage	Eine 180°-Wende erfordert, die Horizontalgeschwindigkeit über mehrere Schritte auf null zu reduzieren (Dos’Santos et al., 2020);
2.4.2	2	2	U	2.4.2 S4 (Dos’Santos et al., 2018)	je größer der Winkel, desto weniger Geschwindigkeit lässt sich beibehalten,
2.4.2	2	2	K4	Mechanismus, Bremskräfte beim 505 nicht belegt (T4 Dos’Santos 2020)	und ab etwa 60° übernimmt bereits der vorletzte Bodenkontakt eine tragende Bremsfunktion, wofür die exzentrische Kraftfähigkeit als grundlegend gilt (Dos’Santos et al., 2018).
2.4.2	2	3	U	2.4.2 S5	Der Test bildet damit die Kopplung von Abbremsen, Wende und Wiederbeschleunigung ab
2.4.2	2	3	U	2.4.2 Abs. 2 S2 bis S4, beide Seiten (T4 Nimphius)	und erfasst eine von der linearen Sprintleistung weitgehend unabhängige Qualität: Bei präpubertären Fußballspielern korrelierte die 505-Zeit nur schwach mit den 5- bis 20-m-Zeiten (r = 0,14 bis 0,20; Sammoud et al., 2021),
2.4.2	2	3	K5	Name als Subjekt, Aussage trägt jetzt McBurnie	und Sheppard und Young (2006) beschreiben beide als eigenständige Fähigkeiten.
2.4.2	3	1	U	2.4.2 Abs. 3 S7 (Schluss)	Die Reliabilität des Tests ist im Nachwuchsfußball auf Gruppenebene gut belegt, seine Empfindlichkeit für kleine individuelle Veränderungen begrenzt.
2.4.2	3	2	U	2.4.2 Abs. 3 S1 bis S3, Seitenmittel benannt	In der größten Untersuchung an 373 schottischen Nachwuchsspielern erreichte der traditionelle 505-Test ab der U13 zwischen zwei Terminen ICC von 0,85 bis 0,97 bei CV von 1,0 bis 2,2 % (U15: 0,85 und 1,9 %), in der U11 und U12 dagegen nur 0,57 bis 0,61 (Dugdale et al., 2019).
2.4.2	3	3	K3	Seitenkonvention und Familiarisierung der eigenen Testung: 6.2 (Task 12)	Bei 16-jährigen Rugbyspielern – gemessen mit demselben Lichtschrankensystem wie hier – lag der ICC der 505-Zeit über drei Termine im Wochenabstand bei 0,91 für die dominante und 0,89 für die nicht dominante Wenderichtung (CV 2,8 beziehungsweise 3,3 %); da die Eintrittsphase der nicht dominanten Richtung weniger stabil war (ICC 0,73), empfehlen die Autoren eine getrennte Auswertung beider Richtungen und eine gesonderte Familiarisierung (Clarke et al., 2020).
2.4.2	3	4	U	2.4.2 Abs. 3 S3 bis S5, Taylor als 2019 (Heftjahr)	Dem stehen Grenzen der Sensitivität gegenüber: Bei 110 englischen Akademiespielern ergaben typische Messfehler eines modifizierten 505-Tests von 2,0 bis 3,2 % minimal nachweisbare Veränderungen von 5,5 bis 8,9 %, weshalb die Autoren die praktische Nutzbarkeit als begrenzt einstuften (Taylor et al., 2018), und bei präpubertären Spielern überstieg der typische Messfehler (0,07 s) den kleinsten bedeutsamen Unterschied (0,04 s; Sammoud et al., 2021).
2.4.2	3	5	U	2.4.2 Abs. 3 S7	Für die vorliegende Arbeit bedeutet dies: Der 505-Test eignet sich für Gruppenvergleiche, nicht für die Beurteilung einzelner Spieler,
2.4.2	3	5	K2	W16: Zielgröße ist das Seitenmittel, zwei Verweise	und wird seitengetrennt ausgewertet (Abschnitte 4.4 und 4.7).
2.4.2	4	1	U	2.4.2 S1 bis S3 (Morgan), ohne unbelegten Superlativ	Gegen die ökologische Validität des Tests spricht, dass bei U18- und U23-Akademiespielern – der einzigen altersnahen Spielbeobachtung mit Winkelauflösung – rund drei Viertel aller Richtungswechsel Winkel bis 90° aufwiesen und exakte 180°-Wenden nur etwa 1,5 % ausmachten, was nach Einschätzung der Autoren den Einsatz von Tests mit solchen Winkeln infrage stellt;
2.4.2	4	1	K5	Trainingsempfehlung, Diskriminanz trägt der Vorspann (Dugdale)	dieselbe Arbeit hält Tests mit Winkeln über 90° gleichwohl für diskriminationsvalide und rät wegen der Unvermeidbarkeit großer Winkel im Spiel davon ab, diese Anforderung zu vernachlässigen (Morgan et al., 2022).
2.4.2	4	2	U	2.4.2 S5	Der 505-Test prüft die Bremskapazität demnach als Grenzfall des Richtungswechsels, nicht dessen spieltypische Form;
2.4.2	4	2	K1	Vorwärtsverweis	diese Einschränkung wird in Abschnitt 6.2 aufgegriffen.
2.4.3	1	1	U	2.4.3 S1 und S2	Anders als Sprint und Richtungswechsel lässt sich die Sprungkraft nicht über die Häufigkeit der zugehörigen Spielaktion begründen: Zeit-Bewegungs-Analysen im Nachwuchsfußball führen für die U15 keine Sprungkategorie, und wo Sprünge erfasst wurden – bei 11-Jährigen –, lag ihr Anteil im niedrigen einstelligen Prozentbereich (Palucci Vieira et al., 2019).
2.4.3	1	2	U	2.4.3 S3	Der Standweitsprung wird deshalb als Maß der horizontalen Explosivkraft der Beinstreckmuskulatur herangezogen.
2.4.3	1	3	U	2.4.3 S3	Bei Kindern und Jugendlichen gilt er als praktikables, ökologisch valides Feldmaß explosiver Kraft der unteren Extremität (Tomkinson et al., 2021):
2.4.3	1	3	K5	Kinder 6 bis 12 Jahre (Distanz 2), roh nur r = 0,40 (T4)	Bei 363 Kindern korrelierte die mit dem Körpergewicht gewichtete Sprungweite mit r = 0,79 mit der Maximalkraft der Beinstrecker (Fernandez-Santos et al., 2015),
2.4.3	1	3	U	Vorspann 2.4	und im Nachwuchsfußball trennte er von allen Feldtests am stärksten zwischen Spielern mit und ohne Anbindung an einen Leistungspfad (Dugdale et al., 2019).
2.4.3	1	4	K4	Mechanismus (2.1), Relais bei Zheng (T4)	Als Sprung mit Ausholbewegung und langem Bodenkontakt ist er den langsamen DVZ-Aktionen zuzuordnen (Zheng et al., 2025)
2.4.3	1	4	K3	Programmnähe: Vormerkung 6.1, Anhang B steht in 4.5.1	und damit die einzige Zielgröße, die die trainierte Bewegungsform selbst abbildet; horizontale Standsprünge sind Bestandteil des Programms (Abschnitt 4.5.1; Anhang B).
2.4.3	2	1	K5	Sammelsatz entbehrlich	Die Testgüte ist an Kindern und Jugendlichen belegt.
2.4.3	2	2	K5	Kinder 6 bis 12 Jahre (Distanz 2)	Bei 363 Kindern von sechs bis zwölf Jahren lag die Retest-Reliabilität nach einer Woche bei ICC 0,94 ohne systematische Differenz zwischen den Terminen (Fernandez-Santos et al., 2015);
2.4.3	2	2	K5	Uncorrected Proof, kein ICC (T4), Dugdale trägt die Population	bei 123 europäischen Jugendlichen von 13,6 ± 0,8 Jahren zeigten zwei Termine im Abstand von zwei Wochen keinen Lern- oder Ermüdungseffekt (Ortega et al., 2008),
2.4.3	2	2	U	2.4.3 S4	und im Nachwuchsfußball erreichte der Test in der U14 und U15 ICC von 0,95 bis 0,96 bei CV von 2,1 bis 2,5 % mit trivialen Unterschieden zwischen den Terminen (Dugdale et al., 2019).
2.4.3	2	3	K3	Familiarisierung der eigenen Studie: 6.2 (Task 12)	Bei testunerfahrenen Erwachsenen trat dagegen ein deutlicher Lerneffekt auf, der erst nach einer Familiarisierungsphase verschwand (Marín-Jiménez et al., 2024); die Familiarisierungstermine der vorliegenden Studie tragen dem Rechnung (Abschnitt 4.3).
2.4.3	2	4	K1	Überleitung als Selbstkommentar	Welche Veränderungen plyometrisches Training an den drei so operationalisierten Zielgrößen erwarten lässt, behandelt der folgende Abschnitt.
