ref_id,datensatz,beobachtung,variable,wert
R01,NumAcc1,1,y,10000001
R01,NumAcc1,2,y,10000003
R01,NumAcc1,3,y,10000002
R02,SiRstv,1,instrument,1
R02,SiRstv,1,resistance,196.3052
R02,SiRstv,2,instrument,1
R02,SiRstv,2,resistance,196.1240
R02,SiRstv,3,instrument,1
R02,SiRstv,3,resistance,196.1890
R02,SiRstv,4,instrument,1
R02,SiRstv,4,resistance,196.2569
R02,SiRstv,5,instrument,1
R02,SiRstv,5,resistance,196.3403
R02,SiRstv,6,instrument,2
R02,SiRstv,6,resistance,196.3042
R02,SiRstv,7,instrument,2
R02,SiRstv,7,resistance,196.3825
R02,SiRstv,8,instrument,2
R02,SiRstv,8,resistance,196.1669
R02,SiRstv,9,instrument,2
R02,SiRstv,9,resistance,196.3257
R02,SiRstv,10,instrument,2
R02,SiRstv,10,resistance,196.0422
R02,SiRstv,11,instrument,3
R02,SiRstv,11,resistance,196.1303
R02,SiRstv,12,instrument,3
R02,SiRstv,12,resistance,196.2005
R02,SiRstv,13,instrument,3
R02,SiRstv,13,resistance,196.2889
R02,SiRstv,14,instrument,3
R02,SiRstv,14,resistance,196.0343
R02,SiRstv,15,instrument,3
R02,SiRstv,15,resistance,196.1811
R02,SiRstv,16,instrument,4
R02,SiRstv,16,resistance,196.2795
R02,SiRstv,17,instrument,4
R02,SiRstv,17,resistance,196.1748
R02,SiRstv,18,instrument,4
R02,SiRstv,18,resistance,196.1494
R02,SiRstv,19,instrument,4
R02,SiRstv,19,resistance,196.1485
R02,SiRstv,20,instrument,4
R02,SiRstv,20,resistance,195.9885
R02,SiRstv,21,instrument,5
R02,SiRstv,21,resistance,196.2119
R02,SiRstv,22,instrument,5
R02,SiRstv,22,resistance,196.1051
R02,SiRstv,23,instrument,5
R02,SiRstv,23,resistance,196.1850
R02,SiRstv,24,instrument,5
R02,SiRstv,24,resistance,196.0052
R02,SiRstv,25,instrument,5
R02,SiRstv,25,resistance,196.2090
R03,AtmWtAg,1,instrument,1
R03,AtmWtAg,1,agwt,107.8681568
R03,AtmWtAg,2,instrument,1
R03,AtmWtAg,2,agwt,107.8681465
R03,AtmWtAg,3,instrument,1
R03,AtmWtAg,3,agwt,107.8681572
R03,AtmWtAg,4,instrument,1
R03,AtmWtAg,4,agwt,107.8681785
R03,AtmWtAg,5,instrument,1
R03,AtmWtAg,5,agwt,107.8681446
R03,AtmWtAg,6,instrument,1
R03,AtmWtAg,6,agwt,107.8681903
R03,AtmWtAg,7,instrument,1
R03,AtmWtAg,7,agwt,107.8681526
R03,AtmWtAg,8,instrument,1
R03,AtmWtAg,8,agwt,107.8681494
R03,AtmWtAg,9,instrument,1
R03,AtmWtAg,9,agwt,107.8681616
R03,AtmWtAg,10,instrument,1
R03,AtmWtAg,10,agwt,107.8681587
R03,AtmWtAg,11,instrument,1
R03,AtmWtAg,11,agwt,107.8681519
R03,AtmWtAg,12,instrument,1
R03,AtmWtAg,12,agwt,107.8681486
R03,AtmWtAg,13,instrument,1
R03,AtmWtAg,13,agwt,107.8681419
R03,AtmWtAg,14,instrument,1
R03,AtmWtAg,14,agwt,107.8681569
R03,AtmWtAg,15,instrument,1
R03,AtmWtAg,15,agwt,107.8681508
R03,AtmWtAg,16,instrument,1
R03,AtmWtAg,16,agwt,107.8681672
R03,AtmWtAg,17,instrument,1
R03,AtmWtAg,17,agwt,107.8681385
R03,AtmWtAg,18,instrument,1
R03,AtmWtAg,18,agwt,107.8681518
R03,AtmWtAg,19,instrument,1
R03,AtmWtAg,19,agwt,107.8681662
R03,AtmWtAg,20,instrument,1
R03,AtmWtAg,20,agwt,107.8681424
R03,AtmWtAg,21,instrument,1
R03,AtmWtAg,21,agwt,107.8681360
R03,AtmWtAg,22,instrument,1
R03,AtmWtAg,22,agwt,107.8681333
R03,AtmWtAg,23,instrument,1
R03,AtmWtAg,23,agwt,107.8681610
R03,AtmWtAg,24,instrument,1
R03,AtmWtAg,24,agwt,107.8681477
R03,AtmWtAg,25,instrument,2
R03,AtmWtAg,25,agwt,107.8681079
R03,AtmWtAg,26,instrument,2
R03,AtmWtAg,26,agwt,107.8681344
R03,AtmWtAg,27,instrument,2
R03,AtmWtAg,27,agwt,107.8681513
R03,AtmWtAg,28,instrument,2
R03,AtmWtAg,28,agwt,107.8681197
R03,AtmWtAg,29,instrument,2
R03,AtmWtAg,29,agwt,107.8681604
R03,AtmWtAg,30,instrument,2
R03,AtmWtAg,30,agwt,107.8681385
R03,AtmWtAg,31,instrument,2
R03,AtmWtAg,31,agwt,107.8681642
R03,AtmWtAg,32,instrument,2
R03,AtmWtAg,32,agwt,107.8681365
R03,AtmWtAg,33,instrument,2
R03,AtmWtAg,33,agwt,107.8681151
R03,AtmWtAg,34,instrument,2
R03,AtmWtAg,34,agwt,107.8681082
R03,AtmWtAg,35,instrument,2
R03,AtmWtAg,35,agwt,107.8681517
R03,AtmWtAg,36,instrument,2
R03,AtmWtAg,36,agwt,107.8681448
R03,AtmWtAg,37,instrument,2
R03,AtmWtAg,37,agwt,107.8681198
R03,AtmWtAg,38,instrument,2
R03,AtmWtAg,38,agwt,107.8681482
R03,AtmWtAg,39,instrument,2
R03,AtmWtAg,39,agwt,107.8681334
R03,AtmWtAg,40,instrument,2
R03,AtmWtAg,40,agwt,107.8681609
R03,AtmWtAg,41,instrument,2
R03,AtmWtAg,41,agwt,107.8681101
R03,AtmWtAg,42,instrument,2
R03,AtmWtAg,42,agwt,107.8681512
R03,AtmWtAg,43,instrument,2
R03,AtmWtAg,43,agwt,107.8681469
R03,AtmWtAg,44,instrument,2
R03,AtmWtAg,44,agwt,107.8681360
R03,AtmWtAg,45,instrument,2
R03,AtmWtAg,45,agwt,107.8681254
R03,AtmWtAg,46,instrument,2
R03,AtmWtAg,46,agwt,107.8681261
R03,AtmWtAg,47,instrument,2
R03,AtmWtAg,47,agwt,107.8681450
R03,AtmWtAg,48,instrument,2
R03,AtmWtAg,48,agwt,107.8681368
R04,Norris,1,y,0.1
R04,Norris,1,x,0.2
R04,Norris,2,y,338.8
R04,Norris,2,x,337.4
R04,Norris,3,y,118.1
R04,Norris,3,x,118.2
R04,Norris,4,y,888.0
R04,Norris,4,x,884.6
R04,Norris,5,y,9.2
R04,Norris,5,x,10.1
R04,Norris,6,y,228.1
R04,Norris,6,x,226.5
R04,Norris,7,y,668.5
R04,Norris,7,x,666.3
R04,Norris,8,y,998.5
R04,Norris,8,x,996.3
R04,Norris,9,y,449.1
R04,Norris,9,x,448.6
R04,Norris,10,y,778.9
R04,Norris,10,x,777.0
R04,Norris,11,y,559.2
R04,Norris,11,x,558.2
R04,Norris,12,y,0.3
R04,Norris,12,x,0.4
R04,Norris,13,y,0.1
R04,Norris,13,x,0.6
R04,Norris,14,y,778.1
R04,Norris,14,x,775.5
R04,Norris,15,y,668.8
R04,Norris,15,x,666.9
R04,Norris,16,y,339.3
R04,Norris,16,x,338.0
R04,Norris,17,y,448.9
R04,Norris,17,x,447.5
R04,Norris,18,y,10.8
R04,Norris,18,x,11.6
R04,Norris,19,y,557.7
R04,Norris,19,x,556.0
R04,Norris,20,y,228.3
R04,Norris,20,x,228.1
R04,Norris,21,y,998.0
R04,Norris,21,x,995.8
R04,Norris,22,y,888.8
R04,Norris,22,x,887.6
R04,Norris,23,y,119.6
R04,Norris,23,x,120.2
R04,Norris,24,y,0.3
R04,Norris,24,x,0.3
R04,Norris,25,y,0.6
R04,Norris,25,x,0.3
R04,Norris,26,y,557.6
R04,Norris,26,x,556.8
R04,Norris,27,y,339.3
R04,Norris,27,x,339.1
R04,Norris,28,y,888.0
R04,Norris,28,x,887.2
R04,Norris,29,y,998.5
R04,Norris,29,x,999.0
R04,Norris,30,y,778.9
R04,Norris,30,x,779.0
R04,Norris,31,y,10.2
R04,Norris,31,x,11.1
R04,Norris,32,y,117.6
R04,Norris,32,x,118.3
R04,Norris,33,y,228.9
R04,Norris,33,x,229.2
R04,Norris,34,y,668.4
R04,Norris,34,x,669.1
R04,Norris,35,y,449.2
R04,Norris,35,x,448.9
R04,Norris,36,y,0.2
R04,Norris,36,x,0.5
R05,Longley,1,y,60323
R05,Longley,1,x1,83.0
R05,Longley,1,x2,234289
R05,Longley,1,x3,2356
R05,Longley,1,x4,1590
R05,Longley,1,x5,107608
R05,Longley,1,x6,1947
R05,Longley,2,y,61122
R05,Longley,2,x1,88.5
R05,Longley,2,x2,259426
R05,Longley,2,x3,2325
R05,Longley,2,x4,1456
R05,Longley,2,x5,108632
R05,Longley,2,x6,1948
R05,Longley,3,y,60171
R05,Longley,3,x1,88.2
R05,Longley,3,x2,258054
R05,Longley,3,x3,3682
R05,Longley,3,x4,1616
R05,Longley,3,x5,109773
R05,Longley,3,x6,1949
R05,Longley,4,y,61187
R05,Longley,4,x1,89.5
R05,Longley,4,x2,284599
R05,Longley,4,x3,3351
R05,Longley,4,x4,1650
R05,Longley,4,x5,110929
R05,Longley,4,x6,1950
R05,Longley,5,y,63221
R05,Longley,5,x1,96.2
R05,Longley,5,x2,328975
R05,Longley,5,x3,2099
R05,Longley,5,x4,3099
R05,Longley,5,x5,112075
R05,Longley,5,x6,1951
R05,Longley,6,y,63639
R05,Longley,6,x1,98.1
R05,Longley,6,x2,346999
R05,Longley,6,x3,1932
R05,Longley,6,x4,3594
R05,Longley,6,x5,113270
R05,Longley,6,x6,1952
R05,Longley,7,y,64989
R05,Longley,7,x1,99.0
R05,Longley,7,x2,365385
R05,Longley,7,x3,1870
R05,Longley,7,x4,3547
R05,Longley,7,x5,115094
R05,Longley,7,x6,1953
R05,Longley,8,y,63761
R05,Longley,8,x1,100.0
R05,Longley,8,x2,363112
R05,Longley,8,x3,3578
R05,Longley,8,x4,3350
R05,Longley,8,x5,116219
R05,Longley,8,x6,1954
R05,Longley,9,y,66019
R05,Longley,9,x1,101.2
R05,Longley,9,x2,397469
R05,Longley,9,x3,2904
R05,Longley,9,x4,3048
R05,Longley,9,x5,117388
R05,Longley,9,x6,1955
R05,Longley,10,y,67857
R05,Longley,10,x1,104.6
R05,Longley,10,x2,419180
R05,Longley,10,x3,2822
R05,Longley,10,x4,2857
R05,Longley,10,x5,118734
R05,Longley,10,x6,1956
R05,Longley,11,y,68169
R05,Longley,11,x1,108.4
R05,Longley,11,x2,442769
R05,Longley,11,x3,2936
R05,Longley,11,x4,2798
R05,Longley,11,x5,120445
R05,Longley,11,x6,1957
R05,Longley,12,y,66513
R05,Longley,12,x1,110.8
R05,Longley,12,x2,444546
R05,Longley,12,x3,4681
R05,Longley,12,x4,2637
R05,Longley,12,x5,121950
R05,Longley,12,x6,1958
R05,Longley,13,y,68655
R05,Longley,13,x1,112.6
R05,Longley,13,x2,482704
R05,Longley,13,x3,3813
R05,Longley,13,x4,2552
R05,Longley,13,x5,123366
R05,Longley,13,x6,1959
R05,Longley,14,y,69564
R05,Longley,14,x1,114.2
R05,Longley,14,x2,502601
R05,Longley,14,x3,3931
R05,Longley,14,x4,2514
R05,Longley,14,x5,125368
R05,Longley,14,x6,1960
R05,Longley,15,y,69331
R05,Longley,15,x1,115.7
R05,Longley,15,x2,518173
R05,Longley,15,x3,4806
R05,Longley,15,x4,2572
R05,Longley,15,x5,127852
R05,Longley,15,x6,1961
R05,Longley,16,y,70551
R05,Longley,16,x1,116.9
R05,Longley,16,x2,554894
R05,Longley,16,x3,4007
R05,Longley,16,x4,2827
R05,Longley,16,x5,130081
R05,Longley,16,x6,1962
R08 R13,GEAR,1,diameter,1.006
R08 R13,GEAR,1,batch,1.000
R08 R13,GEAR,2,diameter,0.996
R08 R13,GEAR,2,batch,1.000
R08 R13,GEAR,3,diameter,0.998
R08 R13,GEAR,3,batch,1.000
R08 R13,GEAR,4,diameter,1.000
R08 R13,GEAR,4,batch,1.000
R08 R13,GEAR,5,diameter,0.992
R08 R13,GEAR,5,batch,1.000
R08 R13,GEAR,6,diameter,0.993
R08 R13,GEAR,6,batch,1.000
R08 R13,GEAR,7,diameter,1.002
R08 R13,GEAR,7,batch,1.000
R08 R13,GEAR,8,diameter,0.999
R08 R13,GEAR,8,batch,1.000
R08 R13,GEAR,9,diameter,0.994
R08 R13,GEAR,9,batch,1.000
R08 R13,GEAR,10,diameter,1.000
R08 R13,GEAR,10,batch,1.000
R08 R13,GEAR,11,diameter,0.998
R08 R13,GEAR,11,batch,2.000
R08 R13,GEAR,12,diameter,1.006
R08 R13,GEAR,12,batch,2.000
R08 R13,GEAR,13,diameter,1.000
R08 R13,GEAR,13,batch,2.000
R08 R13,GEAR,14,diameter,1.002
R08 R13,GEAR,14,batch,2.000
R08 R13,GEAR,15,diameter,0.997
R08 R13,GEAR,15,batch,2.000
R08 R13,GEAR,16,diameter,0.998
R08 R13,GEAR,16,batch,2.000
R08 R13,GEAR,17,diameter,0.996
R08 R13,GEAR,17,batch,2.000
R08 R13,GEAR,18,diameter,1.000
R08 R13,GEAR,18,batch,2.000
R08 R13,GEAR,19,diameter,1.006
R08 R13,GEAR,19,batch,2.000
R08 R13,GEAR,20,diameter,0.988
R08 R13,GEAR,20,batch,2.000
R08 R13,GEAR,21,diameter,0.991
R08 R13,GEAR,21,batch,3.000
R08 R13,GEAR,22,diameter,0.987
R08 R13,GEAR,22,batch,3.000
R08 R13,GEAR,23,diameter,0.997
R08 R13,GEAR,23,batch,3.000
R08 R13,GEAR,24,diameter,0.999
R08 R13,GEAR,24,batch,3.000
R08 R13,GEAR,25,diameter,0.995
R08 R13,GEAR,25,batch,3.000
R08 R13,GEAR,26,diameter,0.994
R08 R13,GEAR,26,batch,3.000
R08 R13,GEAR,27,diameter,1.000
R08 R13,GEAR,27,batch,3.000
R08 R13,GEAR,28,diameter,0.999
R08 R13,GEAR,28,batch,3.000
R08 R13,GEAR,29,diameter,0.996
R08 R13,GEAR,29,batch,3.000
R08 R13,GEAR,30,diameter,0.996
R08 R13,GEAR,30,batch,3.000
R08 R13,GEAR,31,diameter,1.005
R08 R13,GEAR,31,batch,4.000
R08 R13,GEAR,32,diameter,1.002
R08 R13,GEAR,32,batch,4.000
R08 R13,GEAR,33,diameter,0.994
R08 R13,GEAR,33,batch,4.000
R08 R13,GEAR,34,diameter,1.000
R08 R13,GEAR,34,batch,4.000
R08 R13,GEAR,35,diameter,0.995
R08 R13,GEAR,35,batch,4.000
R08 R13,GEAR,36,diameter,0.994
R08 R13,GEAR,36,batch,4.000
R08 R13,GEAR,37,diameter,0.998
R08 R13,GEAR,37,batch,4.000
R08 R13,GEAR,38,diameter,0.996
R08 R13,GEAR,38,batch,4.000
R08 R13,GEAR,39,diameter,1.002
R08 R13,GEAR,39,batch,4.000
R08 R13,GEAR,40,diameter,0.996
R08 R13,GEAR,40,batch,4.000
R08 R13,GEAR,41,diameter,0.998
R08 R13,GEAR,41,batch,5.000
R08 R13,GEAR,42,diameter,0.998
R08 R13,GEAR,42,batch,5.000
R08 R13,GEAR,43,diameter,0.982
R08 R13,GEAR,43,batch,5.000
R08 R13,GEAR,44,diameter,0.990
R08 R13,GEAR,44,batch,5.000
R08 R13,GEAR,45,diameter,1.002
R08 R13,GEAR,45,batch,5.000
R08 R13,GEAR,46,diameter,0.984
R08 R13,GEAR,46,batch,5.000
R08 R13,GEAR,47,diameter,0.996
R08 R13,GEAR,47,batch,5.000
R08 R13,GEAR,48,diameter,0.993
R08 R13,GEAR,48,batch,5.000
R08 R13,GEAR,49,diameter,0.980
R08 R13,GEAR,49,batch,5.000
R08 R13,GEAR,50,diameter,0.996
R08 R13,GEAR,50,batch,5.000
R08 R13,GEAR,51,diameter,1.009
R08 R13,GEAR,51,batch,6.000
R08 R13,GEAR,52,diameter,1.013
R08 R13,GEAR,52,batch,6.000
R08 R13,GEAR,53,diameter,1.009
R08 R13,GEAR,53,batch,6.000
R08 R13,GEAR,54,diameter,0.997
R08 R13,GEAR,54,batch,6.000
R08 R13,GEAR,55,diameter,0.988
R08 R13,GEAR,55,batch,6.000
R08 R13,GEAR,56,diameter,1.002
R08 R13,GEAR,56,batch,6.000
R08 R13,GEAR,57,diameter,0.995
R08 R13,GEAR,57,batch,6.000
R08 R13,GEAR,58,diameter,0.998
R08 R13,GEAR,58,batch,6.000
R08 R13,GEAR,59,diameter,0.981
R08 R13,GEAR,59,batch,6.000
R08 R13,GEAR,60,diameter,0.996
R08 R13,GEAR,60,batch,6.000
R08 R13,GEAR,61,diameter,0.990
R08 R13,GEAR,61,batch,7.000
R08 R13,GEAR,62,diameter,1.004
R08 R13,GEAR,62,batch,7.000
R08 R13,GEAR,63,diameter,0.996
R08 R13,GEAR,63,batch,7.000
R08 R13,GEAR,64,diameter,1.001
R08 R13,GEAR,64,batch,7.000
R08 R13,GEAR,65,diameter,0.998
R08 R13,GEAR,65,batch,7.000
R08 R13,GEAR,66,diameter,1.000
R08 R13,GEAR,66,batch,7.000
R08 R13,GEAR,67,diameter,1.018
R08 R13,GEAR,67,batch,7.000
R08 R13,GEAR,68,diameter,1.010
R08 R13,GEAR,68,batch,7.000
R08 R13,GEAR,69,diameter,0.996
R08 R13,GEAR,69,batch,7.000
R08 R13,GEAR,70,diameter,1.002
R08 R13,GEAR,70,batch,7.000
R08 R13,GEAR,71,diameter,0.998
R08 R13,GEAR,71,batch,8.000
R08 R13,GEAR,72,diameter,1.000
R08 R13,GEAR,72,batch,8.000
R08 R13,GEAR,73,diameter,1.006
R08 R13,GEAR,73,batch,8.000
R08 R13,GEAR,74,diameter,1.000
R08 R13,GEAR,74,batch,8.000
R08 R13,GEAR,75,diameter,1.002
R08 R13,GEAR,75,batch,8.000
R08 R13,GEAR,76,diameter,0.996
R08 R13,GEAR,76,batch,8.000
R08 R13,GEAR,77,diameter,0.998
R08 R13,GEAR,77,batch,8.000
R08 R13,GEAR,78,diameter,0.996
R08 R13,GEAR,78,batch,8.000
R08 R13,GEAR,79,diameter,1.002
R08 R13,GEAR,79,batch,8.000
R08 R13,GEAR,80,diameter,1.006
R08 R13,GEAR,80,batch,8.000
R08 R13,GEAR,81,diameter,1.002
R08 R13,GEAR,81,batch,9.000
R08 R13,GEAR,82,diameter,0.998
R08 R13,GEAR,82,batch,9.000
R08 R13,GEAR,83,diameter,0.996
R08 R13,GEAR,83,batch,9.000
R08 R13,GEAR,84,diameter,0.995
R08 R13,GEAR,84,batch,9.000
R08 R13,GEAR,85,diameter,0.996
R08 R13,GEAR,85,batch,9.000
R08 R13,GEAR,86,diameter,1.004
R08 R13,GEAR,86,batch,9.000
R08 R13,GEAR,87,diameter,1.004
R08 R13,GEAR,87,batch,9.000
R08 R13,GEAR,88,diameter,0.998
R08 R13,GEAR,88,batch,9.000
R08 R13,GEAR,89,diameter,0.999
R08 R13,GEAR,89,batch,9.000
R08 R13,GEAR,90,diameter,0.991
R08 R13,GEAR,90,batch,9.000
R08 R13,GEAR,91,diameter,0.991
R08 R13,GEAR,91,batch,10.000
R08 R13,GEAR,92,diameter,0.995
R08 R13,GEAR,92,batch,10.000
R08 R13,GEAR,93,diameter,0.984
R08 R13,GEAR,93,batch,10.000
R08 R13,GEAR,94,diameter,0.994
R08 R13,GEAR,94,batch,10.000
R08 R13,GEAR,95,diameter,0.997
R08 R13,GEAR,95,batch,10.000
R08 R13,GEAR,96,diameter,0.997
R08 R13,GEAR,96,batch,10.000
R08 R13,GEAR,97,diameter,0.991
R08 R13,GEAR,97,batch,10.000
R08 R13,GEAR,98,diameter,0.998
R08 R13,GEAR,98,batch,10.000
R08 R13,GEAR,99,diameter,1.004
R08 R13,GEAR,99,batch,10.000
R08 R13,GEAR,100,diameter,0.997
R08 R13,GEAR,100,batch,10.000
R09,ZARR13,1,y,9.206343
R09,ZARR13,2,y,9.299992
R09,ZARR13,3,y,9.277895
R09,ZARR13,4,y,9.305795
R09,ZARR13,5,y,9.275351
R09,ZARR13,6,y,9.288729
R09,ZARR13,7,y,9.287239
R09,ZARR13,8,y,9.260973
R09,ZARR13,9,y,9.303111
R09,ZARR13,10,y,9.275674
R09,ZARR13,11,y,9.272561
R09,ZARR13,12,y,9.288454
R09,ZARR13,13,y,9.255672
R09,ZARR13,14,y,9.252141
R09,ZARR13,15,y,9.29767
R09,ZARR13,16,y,9.266534
R09,ZARR13,17,y,9.256689
R09,ZARR13,18,y,9.277542
R09,ZARR13,19,y,9.248205
R09,ZARR13,20,y,9.252107
R09,ZARR13,21,y,9.276345
R09,ZARR13,22,y,9.278694
R09,ZARR13,23,y,9.267144
R09,ZARR13,24,y,9.246132
R09,ZARR13,25,y,9.238479
R09,ZARR13,26,y,9.269058
R09,ZARR13,27,y,9.248239
R09,ZARR13,28,y,9.257439
R09,ZARR13,29,y,9.268481
R09,ZARR13,30,y,9.288454
R09,ZARR13,31,y,9.258452
R09,ZARR13,32,y,9.28613
R09,ZARR13,33,y,9.251479
R09,ZARR13,34,y,9.257405
R09,ZARR13,35,y,9.268343
R09,ZARR13,36,y,9.291302
R09,ZARR13,37,y,9.21946
R09,ZARR13,38,y,9.270386
R09,ZARR13,39,y,9.218808
R09,ZARR13,40,y,9.241185
R09,ZARR13,41,y,9.269989
R09,ZARR13,42,y,9.226585
R09,ZARR13,43,y,9.258556
R09,ZARR13,44,y,9.286184
R09,ZARR13,45,y,9.320067
R09,ZARR13,46,y,9.327973
R09,ZARR13,47,y,9.262963
R09,ZARR13,48,y,9.248181
R09,ZARR13,49,y,9.238644
R09,ZARR13,50,y,9.225073
R09,ZARR13,51,y,9.220878
R09,ZARR13,52,y,9.271318
R09,ZARR13,53,y,9.252072
R09,ZARR13,54,y,9.281186
R09,ZARR13,55,y,9.270624
R09,ZARR13,56,y,9.294771
R09,ZARR13,57,y,9.301821
R09,ZARR13,58,y,9.278849
R09,ZARR13,59,y,9.23668
R09,ZARR13,60,y,9.233988
R09,ZARR13,61,y,9.244687
R09,ZARR13,62,y,9.221601
R09,ZARR13,63,y,9.207325
R09,ZARR13,64,y,9.258776
R09,ZARR13,65,y,9.275708
R09,ZARR13,66,y,9.268955
R09,ZARR13,67,y,9.257269
R09,ZARR13,68,y,9.264979
R09,ZARR13,69,y,9.2955
R09,ZARR13,70,y,9.292883
R09,ZARR13,71,y,9.264188
R09,ZARR13,72,y,9.280731
R09,ZARR13,73,y,9.267336
R09,ZARR13,74,y,9.300566
R09,ZARR13,75,y,9.253089
R09,ZARR13,76,y,9.261376
R09,ZARR13,77,y,9.238409
R09,ZARR13,78,y,9.225073
R09,ZARR13,79,y,9.235526
R09,ZARR13,80,y,9.23951
R09,ZARR13,81,y,9.264487
R09,ZARR13,82,y,9.244242
R09,ZARR13,83,y,9.277542
R09,ZARR13,84,y,9.310506
R09,ZARR13,85,y,9.261594
R09,ZARR13,86,y,9.259791
R09,ZARR13,87,y,9.253089
R09,ZARR13,88,y,9.245735
R09,ZARR13,89,y,9.284058
R09,ZARR13,90,y,9.251122
R09,ZARR13,91,y,9.275385
R09,ZARR13,92,y,9.254619
R09,ZARR13,93,y,9.279526
R09,ZARR13,94,y,9.275065
R09,ZARR13,95,y,9.261952
R09,ZARR13,96,y,9.275351
R09,ZARR13,97,y,9.252433
R09,ZARR13,98,y,9.230263
R09,ZARR13,99,y,9.25515
R09,ZARR13,100,y,9.26878
R09,ZARR13,101,y,9.290389
R09,ZARR13,102,y,9.274161
R09,ZARR13,103,y,9.255707
R09,ZARR13,104,y,9.261663
R09,ZARR13,105,y,9.250455
R09,ZARR13,106,y,9.261952
R09,ZARR13,107,y,9.264041
R09,ZARR13,108,y,9.264509
R09,ZARR13,109,y,9.242114
R09,ZARR13,110,y,9.239674
R09,ZARR13,111,y,9.221553
R09,ZARR13,112,y,9.241935
R09,ZARR13,113,y,9.215265
R09,ZARR13,114,y,9.28593
R09,ZARR13,115,y,9.271559
R09,ZARR13,116,y,9.266046
R09,ZARR13,117,y,9.285299
R09,ZARR13,118,y,9.268989
R09,ZARR13,119,y,9.267987
R09,ZARR13,120,y,9.246166
R09,ZARR13,121,y,9.231304
R09,ZARR13,122,y,9.240768
R09,ZARR13,123,y,9.260506
R09,ZARR13,124,y,9.274355
R09,ZARR13,125,y,9.292376
R09,ZARR13,126,y,9.27117
R09,ZARR13,127,y,9.267018
R09,ZARR13,128,y,9.308838
R09,ZARR13,129,y,9.264153
R09,ZARR13,130,y,9.278822
R09,ZARR13,131,y,9.255244
R09,ZARR13,132,y,9.229221
R09,ZARR13,133,y,9.253158
R09,ZARR13,134,y,9.256292
R09,ZARR13,135,y,9.262602
R09,ZARR13,136,y,9.219793
R09,ZARR13,137,y,9.258452
R09,ZARR13,138,y,9.267987
R09,ZARR13,139,y,9.267987
R09,ZARR13,140,y,9.248903
R09,ZARR13,141,y,9.235153
R09,ZARR13,142,y,9.242933
R09,ZARR13,143,y,9.253453
R09,ZARR13,144,y,9.262671
R09,ZARR13,145,y,9.242536
R09,ZARR13,146,y,9.260803
R09,ZARR13,147,y,9.259825
R09,ZARR13,148,y,9.253123
R09,ZARR13,149,y,9.240803
R09,ZARR13,150,y,9.238712
R09,ZARR13,151,y,9.263676
R09,ZARR13,152,y,9.243002
R09,ZARR13,153,y,9.246826
R09,ZARR13,154,y,9.252107
R09,ZARR13,155,y,9.261663
R09,ZARR13,156,y,9.247311
R09,ZARR13,157,y,9.306055
R09,ZARR13,158,y,9.237646
R09,ZARR13,159,y,9.248937
R09,ZARR13,160,y,9.256689
R09,ZARR13,161,y,9.265777
R09,ZARR13,162,y,9.299047
R09,ZARR13,163,y,9.244814
R09,ZARR13,164,y,9.287205
R09,ZARR13,165,y,9.300566
R09,ZARR13,166,y,9.256621
R09,ZARR13,167,y,9.271318
R09,ZARR13,168,y,9.275154
R09,ZARR13,169,y,9.281834
R09,ZARR13,170,y,9.253158
R09,ZARR13,171,y,9.269024
R09,ZARR13,172,y,9.282077
R09,ZARR13,173,y,9.277507
R09,ZARR13,174,y,9.28491
R09,ZARR13,175,y,9.23984
R09,ZARR13,176,y,9.268344
R09,ZARR13,177,y,9.247778
R09,ZARR13,178,y,9.225039
R09,ZARR13,179,y,9.23075
R09,ZARR13,180,y,9.270024
R09,ZARR13,181,y,9.265095
R09,ZARR13,182,y,9.284308
R09,ZARR13,183,y,9.280697
R09,ZARR13,184,y,9.263032
R09,ZARR13,185,y,9.291851
R09,ZARR13,186,y,9.252072
R09,ZARR13,187,y,9.244031
R09,ZARR13,188,y,9.283269
R09,ZARR13,189,y,9.196848
R09,ZARR13,190,y,9.231372
R09,ZARR13,191,y,9.232963
R09,ZARR13,192,y,9.234956
R09,ZARR13,193,y,9.216746
R09,ZARR13,194,y,9.274107
R09,ZARR13,195,y,9.273776
R10,KR-Beispiel,1,alter_jahre,7
R10,KR-Beispiel,1,stature_in,37.6
R10,KR-Beispiel,1,weight_lb,90
R10,KR-Beispiel,1,midparent_in,61
R10,KR-Beispiel,1,beta0,-2.87645
R10,KR-Beispiel,1,stature_koeff,1.11342
R10,KR-Beispiel,1,weight_koeff,-0.013184
R10,KR-Beispiel,1,midparent_koeff,0.31748
R11,Lakens Tab. 3,1,gruppe,1
R11,Lakens Tab. 3,1,wert,9.00
R11,Lakens Tab. 3,2,gruppe,1
R11,Lakens Tab. 3,2,wert,7.00
R11,Lakens Tab. 3,3,gruppe,1
R11,Lakens Tab. 3,3,wert,8.00
R11,Lakens Tab. 3,4,gruppe,1
R11,Lakens Tab. 3,4,wert,9.00
R11,Lakens Tab. 3,5,gruppe,1
R11,Lakens Tab. 3,5,wert,8.00
R11,Lakens Tab. 3,6,gruppe,1
R11,Lakens Tab. 3,6,wert,9.00
R11,Lakens Tab. 3,7,gruppe,1
R11,Lakens Tab. 3,7,wert,9.00
R11,Lakens Tab. 3,8,gruppe,1
R11,Lakens Tab. 3,8,wert,10.00
R11,Lakens Tab. 3,9,gruppe,1
R11,Lakens Tab. 3,9,wert,9.00
R11,Lakens Tab. 3,10,gruppe,1
R11,Lakens Tab. 3,10,wert,9.00
R11,Lakens Tab. 3,11,gruppe,2
R11,Lakens Tab. 3,11,wert,9.00
R11,Lakens Tab. 3,12,gruppe,2
R11,Lakens Tab. 3,12,wert,6.00
R11,Lakens Tab. 3,13,gruppe,2
R11,Lakens Tab. 3,13,wert,7.00
R11,Lakens Tab. 3,14,gruppe,2
R11,Lakens Tab. 3,14,wert,8.00
R11,Lakens Tab. 3,15,gruppe,2
R11,Lakens Tab. 3,15,wert,7.00
R11,Lakens Tab. 3,16,gruppe,2
R11,Lakens Tab. 3,16,wert,9.00
R11,Lakens Tab. 3,17,gruppe,2
R11,Lakens Tab. 3,17,wert,8.00
R11,Lakens Tab. 3,18,gruppe,2
R11,Lakens Tab. 3,18,wert,8.00
R11,Lakens Tab. 3,19,gruppe,2
R11,Lakens Tab. 3,19,wert,8.00
R11,Lakens Tab. 3,20,gruppe,2
R11,Lakens Tab. 3,20,wert,7.00
