alter_jahre,beta0,stature_in,weight_lb,midparent_in
4.0,-10.2567,1.23812,-0.0087235,0.50286
4.5,-10.7190,1.15964,-0.0074454,0.52887
5.0,-11.0213,1.10674,-0.0064778,0.53919
5.5,-11.1556,1.07480,-0.0057760,0.53691
6.0,-11.1138,1.05923,-0.0052947,0.52513
6.5,-11.0221,1.05542,-0.0049892,0.50692
7.0,-10.9984,1.05877,-0.0048144,0.48538
7.5,-11.0214,1.06467,-0.0047256,0.46361
8.0,-11.0696,1.06853,-0.0046778,0.44469
8.5,-11.1220,1.06572,-0.0046261,0.43171
9.0,-11.1571,1.05166,-0.0045254,0.42776
9.5,-11.1405,1.02174,-0.0043311,0.43593
10.0,-11.0380,0.97135,-0.0039981,0.45932
10.5,-10.8286,0.89589,-0.0034814,0.50101
11.0,-10.4917,0.81239,-0.0029050,0.54781
11.5,-10.0065,0.74134,-0.0024167,0.58409
12.0,-9.3522,0.68325,-0.0020076,0.60927
12.5,-8.6055,0.63869,-0.0016681,0.62279
13.0,-7.8632,0.60818,-0.0013895,0.62407
13.5,-7.1348,0.59228,-0.0011624,0.61253
14.0,-6.4299,0.59151,-0.0009776,0.58762
14.5,-5.7578,0.60643,-0.0008261,0.54875
15.0,-5.1282,0.63757,-0.0006988,0.49536
15.5,-4.5092,0.68548,-0.0005863,0.42687
16.0,-3.9292,0.75069,-0.0004795,0.34271
16.5,-3.4873,0.83375,-0.0003695,0.24231
17.0,-3.2830,0.93520,-0.0002470,0.12510
17.5,-3.4156,1.05558,-0.0001027,-0.00950
