variable,code,bedeutung,quelle
H010,1,HL-01,Codebuch (H010_01)
H010,2,HL-02,Codebuch (H010_02)
H010,3,HL-03,Codebuch (H010_03)
H010,4,HL-04,Codebuch (H010_04)
H010,5,HL-05,Codebuch (H010_05)
H010,6,HL-06,Codebuch (H010_06)
H010,7,HL-07,Codebuch (H010_07)
H010,8,HL-08,Codebuch (H010_08)
H010,9,BW-01,Codebuch (H010_09)
H010,10,BW-02,Codebuch (H010_10)
H010,11,BW-03,Codebuch (H010_11)
H010,12,BW-04,Codebuch (H010_12)
H010,13,BW-05,Codebuch (H010_13)
H010,14,BW-06,Codebuch (H010_14)
H010,15,BW-07,Codebuch (H010_15)
H010,16,BW-08,Codebuch (H010_16)
H010,17,BW-09,Codebuch (H010_17)
H010,18,BW-10,Codebuch (H010_18)
H010,19,BW-11,Codebuch (H010_19)
H010,20,BW-12,Codebuch (H010_20)
H010,21,BW-13,Codebuch (H010_21)
H010,22,BW-14,Codebuch (H010_22)
H002,1,Heute,Codebuch (H002_01)
H003,1,Woche 1 – Einheit 1,Codebuch (H003_01)
H003,2,Woche 1 – Einheit 2,Codebuch (H003_02)
H003,3,Woche 2 – Einheit 1,Codebuch (H003_03)
H003,4,Woche 2 – Einheit 2,Codebuch (H003_04)
H003,5,Woche 3 – Einheit 1,Codebuch (H003_05)
H003,6,Woche 3 – Einheit 2,Codebuch (H003_06)
H003,7,Woche 4 – Einheit 1,Codebuch (H003_07)
H003,8,Woche 4 – Einheit 2,Codebuch (H003_08)
H003,9,Woche 5 – Einheit 1,Codebuch (H003_09)
H003,10,Woche 5 – Einheit 2,Codebuch (H003_10)
H003,11,Woche 6 – Einheit 1,Codebuch (H003_11)
H003,12,Woche 6 – Einheit 2,Codebuch (H003_12)
H004,1,Ganz,Codebuch (H004_01)
H004,2,Teilweise,Codebuch (H004_02)
H004,3,Gar nicht,Codebuch (H004_03)
H005,1,0 – Ruhe (CR-10 = Code − 1),Codebuch (H005_01)
H005,2,"1 – Sehr, sehr leicht (CR-10 = Code − 1)",Codebuch (H005_02)
H005,3,2 – Leicht (CR-10 = Code − 1),Codebuch (H005_03)
H005,4,3 – Moderat (CR-10 = Code − 1),Codebuch (H005_04)
H005,5,4 – Etwas hart (CR-10 = Code − 1),Codebuch (H005_05)
H005,6,5 – Hart (CR-10 = Code − 1),Codebuch (H005_06)
H005,7,6 - (CR-10 = Code − 1),Codebuch (H005_07)
H005,8,7 – Sehr hart (CR-10 = Code − 1),Codebuch (H005_08)
H005,9,8 - (CR-10 = Code − 1),Codebuch (H005_09)
H005,10,9 - (CR-10 = Code − 1),Codebuch (H005_10)
H005,11,10 – Maximal (CR-10 = Code − 1),Codebuch (H005_11)
H006,1,Rasen/Wiese,Codebuch (H006_01)
H006,2,Kunstrasen,Codebuch (H006_02)
H006,3,Hartplatz/Asphalt,Codebuch (H006_03)
H006,4,Drinnen,Codebuch (H006_04)
H006,5,Anderes,Codebuch (H006_05)
H007,1,Ja,Codebuch (H007_01)
H007,2,Nein,Codebuch (H007_02)
H008,1,Ja,Codebuch (H008_01)
H008,2,Nein,Codebuch (H008_02)
H009,1,Ja,Codebuch (H009_01)
H009,2,Nein,Codebuch (H009_02)
CASE_KORREKTUR,59,Listenlabel BW-06,"FA § 1, PA § 3.1"
CASE_KORREKTUR,70,Listenlabel BW-06,"FA § 1, PA § 3.1"
CASE_KORREKTUR,140,Listenlabel BW-04,"FA § 1, PA § 3.1"
CASE_KORREKTUR,158,Listenlabel BW-04,"FA § 1, PA § 3.1"
CASE_KORREKTUR,165,Listenlabel BW-04,"FA § 1, PA § 3.1"
CASE_KORREKTUR,190,Listenlabel BW-04,"FA § 1, PA § 3.1"
CASE_KORREKTUR,206,Listenlabel BW-04,"FA § 1, PA § 3.1"
