ref_id,datensatz,url,fundstelle,eingang,groesse,sollwert,toleranz,schritt,hinweis
R01,NumAcc1,https://www.itl.nist.gov/div898/strd/univ/certvalues/numacc1.html,Certified Values,Daten in Dateireihenfolge,Mittel,10000002,exakt (1e-9 relativ),S04 S10 S12,Quelle: 10000002 (exact)
R01,NumAcc1,https://www.itl.nist.gov/div898/strd/univ/certvalues/numacc1.html,Certified Values,Daten in Dateireihenfolge,SD mit Nenner n − 1,1,exakt (1e-9 relativ),S04 S10 S12,Quelle: 1 (exact)
R02,SiRstv,https://itl.nist.gov/div898/strd/anova/SiRstv_cv.html,Certified Values,einfaktorielle Varianzanalyse Resistance über Instrument,F,1.18046237440255E+00,mindestens 9 signifikante Stellen,S14,
R02,SiRstv,https://itl.nist.gov/div898/strd/anova/SiRstv_cv.html,Certified Values,einfaktorielle Varianzanalyse Resistance über Instrument,Residuen-SD,1.04076068334656E-01,mindestens 9 signifikante Stellen,S14,
R02,SiRstv,https://itl.nist.gov/div898/strd/anova/SiRstv_cv.html,Certified Values,einfaktorielle Varianzanalyse Resistance über Instrument,R²,1.90999039051129E-01,mindestens 9 signifikante Stellen,S14,
R02,SiRstv,https://itl.nist.gov/div898/strd/anova/SiRstv_cv.html,Certified Values,einfaktorielle Varianzanalyse Resistance über Instrument,df zwischen,4,exakt,S14,
R02,SiRstv,https://itl.nist.gov/div898/strd/anova/SiRstv_cv.html,Certified Values,einfaktorielle Varianzanalyse Resistance über Instrument,df innerhalb,20,exakt,S14,
R02,SiRstv,https://itl.nist.gov/div898/strd/anova/SiRstv_cv.html,Certified Values,einfaktorielle Varianzanalyse Resistance über Instrument,SS zwischen,5.11462616000000E-02,mindestens 9 signifikante Stellen,S14,
R02,SiRstv,https://itl.nist.gov/div898/strd/anova/SiRstv_cv.html,Certified Values,einfaktorielle Varianzanalyse Resistance über Instrument,SS innerhalb,2.16636560000000E-01,mindestens 9 signifikante Stellen,S14,
R02,SiRstv,https://itl.nist.gov/div898/strd/anova/SiRstv_cv.html,Certified Values,einfaktorielle Varianzanalyse Resistance über Instrument,MS zwischen,1.27865654000000E-02,mindestens 9 signifikante Stellen,S14,
R02,SiRstv,https://itl.nist.gov/div898/strd/anova/SiRstv_cv.html,Certified Values,einfaktorielle Varianzanalyse Resistance über Instrument,MS innerhalb,1.08318280000000E-02,mindestens 9 signifikante Stellen,S14,
R03,AtmWtAg,https://itl.nist.gov/div898/strd/anova/AtmWtAg_cv.html,Certified Values,zwei Gruppen AgWt nach Instrument,F,1.59467335677930E+01,mindestens 9 signifikante Stellen,S15 0.5 Nr. 2,Bei zwei Gruppen gilt F = t² des gepoolten t-Tests und Residuen-SD = gepoolte SD
R03,AtmWtAg,https://itl.nist.gov/div898/strd/anova/AtmWtAg_cv.html,Certified Values,zwei Gruppen AgWt nach Instrument,Residuen-SD,1.51048314446410E-05,mindestens 9 signifikante Stellen,S15 0.5 Nr. 2,
R03,AtmWtAg,https://itl.nist.gov/div898/strd/anova/AtmWtAg_cv.html,Certified Values,zwei Gruppen AgWt nach Instrument,R²,2.57426544538321E-01,mindestens 9 signifikante Stellen,S15 0.5 Nr. 2,
R03,AtmWtAg,https://itl.nist.gov/div898/strd/anova/AtmWtAg_cv.html,Certified Values,zwei Gruppen AgWt nach Instrument,df zwischen,1,exakt,S15 0.5 Nr. 2,
R03,AtmWtAg,https://itl.nist.gov/div898/strd/anova/AtmWtAg_cv.html,Certified Values,zwei Gruppen AgWt nach Instrument,df innerhalb,46,exakt,S15 0.5 Nr. 2,
R03,AtmWtAg,https://itl.nist.gov/div898/strd/anova/AtmWtAg_cv.html,Certified Values,zwei Gruppen AgWt nach Instrument,SS zwischen,3.63834187500000E-09,mindestens 9 signifikante Stellen,S15 0.5 Nr. 2,
R03,AtmWtAg,https://itl.nist.gov/div898/strd/anova/AtmWtAg_cv.html,Certified Values,zwei Gruppen AgWt nach Instrument,SS innerhalb,1.04951729166667E-08,mindestens 9 signifikante Stellen,S15 0.5 Nr. 2,
R03,AtmWtAg,https://itl.nist.gov/div898/strd/anova/AtmWtAg_cv.html,Certified Values,zwei Gruppen AgWt nach Instrument,MS zwischen,3.63834187500000E-09,mindestens 9 signifikante Stellen,S15 0.5 Nr. 2,
R03,AtmWtAg,https://itl.nist.gov/div898/strd/anova/AtmWtAg_cv.html,Certified Values,zwei Gruppen AgWt nach Instrument,MS innerhalb,2.28155932971014E-10,mindestens 9 signifikante Stellen,S15 0.5 Nr. 2,
R04,Norris,https://www.itl.nist.gov/div898/strd/lls/data/LINKS/v-Norris.shtml,Certified Values,Regression y auf x mit Achsenabschnitt,B0,-0.262323073774029,mindestens 9 signifikante Stellen,S13,
R04,Norris,https://www.itl.nist.gov/div898/strd/lls/data/LINKS/v-Norris.shtml,Certified Values,Regression y auf x mit Achsenabschnitt,SE B0,0.232818234301152,mindestens 9 signifikante Stellen,S13,
R04,Norris,https://www.itl.nist.gov/div898/strd/lls/data/LINKS/v-Norris.shtml,Certified Values,Regression y auf x mit Achsenabschnitt,B1,1.00211681802045,mindestens 9 signifikante Stellen,S13,
R04,Norris,https://www.itl.nist.gov/div898/strd/lls/data/LINKS/v-Norris.shtml,Certified Values,Regression y auf x mit Achsenabschnitt,SE B1,0.429796848199937E-03,mindestens 9 signifikante Stellen,S13,
R04,Norris,https://www.itl.nist.gov/div898/strd/lls/data/LINKS/v-Norris.shtml,Certified Values,Regression y auf x mit Achsenabschnitt,Residuen-SD,0.884796396144373,mindestens 9 signifikante Stellen,S13,
R04,Norris,https://www.itl.nist.gov/div898/strd/lls/data/LINKS/v-Norris.shtml,Certified Values,Regression y auf x mit Achsenabschnitt,R²,0.999993745883712,mindestens 9 signifikante Stellen,S13,
R05,Longley,https://www.itl.nist.gov/div898/strd/lls/data/LINKS/v-Longley.shtml,Certified Values,Regression y auf x1 bis x6 mit Achsenabschnitt,B0,-3482258.63459582,mindestens 9 signifikante Stellen,S13 S14 S17,
R05,Longley,https://www.itl.nist.gov/div898/strd/lls/data/LINKS/v-Longley.shtml,Certified Values,Regression y auf x1 bis x6 mit Achsenabschnitt,SE B0,890420.383607373,mindestens 9 signifikante Stellen,S13 S14 S17,
R05,Longley,https://www.itl.nist.gov/div898/strd/lls/data/LINKS/v-Longley.shtml,Certified Values,Regression y auf x1 bis x6 mit Achsenabschnitt,B1,15.0618722713733,mindestens 9 signifikante Stellen,S13 S14 S17,
R05,Longley,https://www.itl.nist.gov/div898/strd/lls/data/LINKS/v-Longley.shtml,Certified Values,Regression y auf x1 bis x6 mit Achsenabschnitt,SE B1,84.9149257747669,mindestens 9 signifikante Stellen,S13 S14 S17,
R05,Longley,https://www.itl.nist.gov/div898/strd/lls/data/LINKS/v-Longley.shtml,Certified Values,Regression y auf x1 bis x6 mit Achsenabschnitt,B2,-0.358191792925910E-01,mindestens 9 signifikante Stellen,S13 S14 S17,
R05,Longley,https://www.itl.nist.gov/div898/strd/lls/data/LINKS/v-Longley.shtml,Certified Values,Regression y auf x1 bis x6 mit Achsenabschnitt,SE B2,0.334910077722432E-01,mindestens 9 signifikante Stellen,S13 S14 S17,
R05,Longley,https://www.itl.nist.gov/div898/strd/lls/data/LINKS/v-Longley.shtml,Certified Values,Regression y auf x1 bis x6 mit Achsenabschnitt,B3,-2.02022980381683,mindestens 9 signifikante Stellen,S13 S14 S17,
R05,Longley,https://www.itl.nist.gov/div898/strd/lls/data/LINKS/v-Longley.shtml,Certified Values,Regression y auf x1 bis x6 mit Achsenabschnitt,SE B3,0.488399681651699,mindestens 9 signifikante Stellen,S13 S14 S17,
R05,Longley,https://www.itl.nist.gov/div898/strd/lls/data/LINKS/v-Longley.shtml,Certified Values,Regression y auf x1 bis x6 mit Achsenabschnitt,B4,-1.03322686717359,mindestens 9 signifikante Stellen,S13 S14 S17,
R05,Longley,https://www.itl.nist.gov/div898/strd/lls/data/LINKS/v-Longley.shtml,Certified Values,Regression y auf x1 bis x6 mit Achsenabschnitt,SE B4,0.214274163161675,mindestens 9 signifikante Stellen,S13 S14 S17,
R05,Longley,https://www.itl.nist.gov/div898/strd/lls/data/LINKS/v-Longley.shtml,Certified Values,Regression y auf x1 bis x6 mit Achsenabschnitt,B5,-0.511041056535807E-01,mindestens 9 signifikante Stellen,S13 S14 S17,
R05,Longley,https://www.itl.nist.gov/div898/strd/lls/data/LINKS/v-Longley.shtml,Certified Values,Regression y auf x1 bis x6 mit Achsenabschnitt,SE B5,0.226073200069370,mindestens 9 signifikante Stellen,S13 S14 S17,
R05,Longley,https://www.itl.nist.gov/div898/strd/lls/data/LINKS/v-Longley.shtml,Certified Values,Regression y auf x1 bis x6 mit Achsenabschnitt,B6,1829.15146461355,mindestens 9 signifikante Stellen,S13 S14 S17,
R05,Longley,https://www.itl.nist.gov/div898/strd/lls/data/LINKS/v-Longley.shtml,Certified Values,Regression y auf x1 bis x6 mit Achsenabschnitt,SE B6,455.478499142212,mindestens 9 signifikante Stellen,S13 S14 S17,
R05,Longley,https://www.itl.nist.gov/div898/strd/lls/data/LINKS/v-Longley.shtml,Certified Values,Regression y auf x1 bis x6 mit Achsenabschnitt,Residuen-SD,304.854073561965,mindestens 9 signifikante Stellen,S13 S14 S17,
R05,Longley,https://www.itl.nist.gov/div898/strd/lls/data/LINKS/v-Longley.shtml,Certified Values,Regression y auf x1 bis x6 mit Achsenabschnitt,R²,0.995479004577296,mindestens 9 signifikante Stellen,S13 S14 S17,
R06,t-Tabelle,https://www.itl.nist.gov/div898/handbook/eda/section3/eda3672.htm,"Abschn. 1.3.6.7.2, Spalte 0.975","df = 10, p = 0.975",t_df(0.975),2.228,0.0005,S13 S15,
R06,t-Tabelle,https://www.itl.nist.gov/div898/handbook/eda/section3/eda3672.htm,"Abschn. 1.3.6.7.2, Spalte 0.975","df = 20, p = 0.975",t_df(0.975),2.086,0.0005,S13 S15,
R06,t-Tabelle,https://www.itl.nist.gov/div898/handbook/eda/section3/eda3672.htm,"Abschn. 1.3.6.7.2, Spalte 0.975","df = 24, p = 0.975",t_df(0.975),2.064,0.0005,S13 S15,
R06,t-Tabelle,https://www.itl.nist.gov/div898/handbook/eda/section3/eda3672.htm,"Abschn. 1.3.6.7.2, Spalte 0.975","df = 30, p = 0.975",t_df(0.975),2.042,0.0005,S13 S15,
R07,χ²-Tabelle,https://www.itl.nist.gov/div898/handbook/eda/section3/eda3674.htm,"Abschn. 1.3.6.7.4, untere Tabelle Spalte 0.025","df = 10, p = 0.025",χ²_df(0.025),3.247,0.0005,S10,
R07,χ²-Tabelle,https://www.itl.nist.gov/div898/handbook/eda/section3/eda3674.htm,"Abschn. 1.3.6.7.4, obere Tabelle Spalte 0.975","df = 10, p = 0.975",χ²_df(0.975),20.483,0.0005,S10,
R07,χ²-Tabelle,https://www.itl.nist.gov/div898/handbook/eda/section3/eda3674.htm,"Abschn. 1.3.6.7.4, untere Tabelle Spalte 0.025","df = 20, p = 0.025",χ²_df(0.025),9.591,0.0005,S10,
R07,χ²-Tabelle,https://www.itl.nist.gov/div898/handbook/eda/section3/eda3674.htm,"Abschn. 1.3.6.7.4, obere Tabelle Spalte 0.975","df = 20, p = 0.975",χ²_df(0.975),34.170,0.0005,S10,
R07,χ²-Tabelle,https://www.itl.nist.gov/div898/handbook/eda/section3/eda3674.htm,"Abschn. 1.3.6.7.4, untere Tabelle Spalte 0.025","df = 30, p = 0.025",χ²_df(0.025),16.791,0.0005,S10,
R07,χ²-Tabelle,https://www.itl.nist.gov/div898/handbook/eda/section3/eda3674.htm,"Abschn. 1.3.6.7.4, obere Tabelle Spalte 0.975","df = 30, p = 0.975",χ²_df(0.975),46.979,0.0005,S10,
R08,GEAR,https://www.itl.nist.gov/div898/handbook/eda/section3/eda35a.htm,Abschn. 1.3.5.10,"Levene mit Median, diameter nach batch, 10 Gruppen",Teststatistik W,1.705910,0.0000005,S14,Die Quelle nennt die Statistik W
R08,GEAR,https://www.itl.nist.gov/div898/handbook/eda/section3/eda35a.htm,Abschn. 1.3.5.10,wie oben,df1,9,exakt,S14,
R08,GEAR,https://www.itl.nist.gov/div898/handbook/eda/section3/eda35a.htm,Abschn. 1.3.5.10,wie oben,df2,90,exakt,S14,
R08,GEAR,https://www.itl.nist.gov/div898/handbook/eda/section3/eda35a.htm,Abschn. 1.3.5.10,"α = 0.05, df1 = 9, df2 = 90","F_9,90(0.95)",1.9855,0.00005,S14,
R09,ZARR13,https://www.itl.nist.gov/div898/software/dataplot/refman1/auxillar/wilkshap.htm,"Dataplot Reference Manual, Wilk-Shapiro Normal Test",alle 195 Werte,n,195,exakt,S14,
R09,ZARR13,https://www.itl.nist.gov/div898/software/dataplot/refman1/auxillar/wilkshap.htm,"Dataplot Reference Manual, Wilk-Shapiro Normal Test",alle 195 Werte,W,0.99827,0.000005,S14,Algorithmus AS R94
R09,ZARR13,https://www.itl.nist.gov/div898/software/dataplot/refman1/auxillar/wilkshap.htm,"Dataplot Reference Manual, Wilk-Shapiro Normal Test",alle 195 Werte,p,0.99923,0.000005,S14,Algorithmus AS R94
R10,KR-Beispiel,https://doi.org/10.1542/peds.94.4.504,S. 507,"Mädchen, Alter 7, Körperhöhe 37.6 in, Gewicht 90 lb, Elterngröße 61 in, Koeffizienten der Zeile Alter 7 aus Tab. 2 laut Beispiel",PAS in Zoll,57.2,0.05,S05,"Prüft die Vorhersagegleichung S05 Regel 7 mit den im Beispiel genannten Koeffizienten, nicht die Anlage _Koeffizienten_KR.csv"
R11,Lakens Tab. 3,https://doi.org/10.3389/fpsyg.2013.00863,"Tab. 3 (S. 7), Abschnitt An illustrative example, Formel 4 (S. 3)","zwei unabhängige Gruppen, je 10 Werte",M Movie 1,8.70,0.005,S15,
R11,Lakens Tab. 3,https://doi.org/10.3389/fpsyg.2013.00863,"Tab. 3 (S. 7), Abschnitt An illustrative example, Formel 4 (S. 3)","zwei unabhängige Gruppen, je 10 Werte",M Movie 2,7.70,0.005,S15,
R11,Lakens Tab. 3,https://doi.org/10.3389/fpsyg.2013.00863,"Tab. 3 (S. 7), Abschnitt An illustrative example, Formel 4 (S. 3)","zwei unabhängige Gruppen, je 10 Werte",SD Movie 1,0.82,0.005,S15,
R11,Lakens Tab. 3,https://doi.org/10.3389/fpsyg.2013.00863,"Tab. 3 (S. 7), Abschnitt An illustrative example, Formel 4 (S. 3)","zwei unabhängige Gruppen, je 10 Werte",SD Movie 2,0.95,0.005,S15,
R11,Lakens Tab. 3,https://doi.org/10.3389/fpsyg.2013.00863,"Tab. 3 (S. 7), Abschnitt An illustrative example, Formel 4 (S. 3)","zwei unabhängige Gruppen, je 10 Werte",d_s,1.13,0.005,S15,
R11,Lakens Tab. 3,https://doi.org/10.3389/fpsyg.2013.00863,"Tab. 3 (S. 7), Abschnitt An illustrative example, Formel 4 (S. 3)","zwei unabhängige Gruppen, je 10 Werte",g_s,1.08,0.005,S15,g_s mit J aus S15 Regel 2
R11,Lakens Tab. 3,https://doi.org/10.3389/fpsyg.2013.00863,"Tab. 3 (S. 7), Abschnitt An illustrative example, Formel 4 (S. 3)","zwei unabhängige Gruppen, je 10 Werte",t,2.52,0.005,S15,
R11,Lakens Tab. 3,https://doi.org/10.3389/fpsyg.2013.00863,"Tab. 3 (S. 7), Abschnitt An illustrative example, Formel 4 (S. 3)","zwei unabhängige Gruppen, je 10 Werte",p,0.022,0.0005,S15,
R11,Lakens Tab. 3,https://doi.org/10.3389/fpsyg.2013.00863,"Tab. 3 (S. 7), Abschnitt An illustrative example, Formel 4 (S. 3)","zwei unabhängige Gruppen, je 10 Werte","KI der Differenz, untere Grenze",0.17,0.005,S15,
R11,Lakens Tab. 3,https://doi.org/10.3389/fpsyg.2013.00863,"Tab. 3 (S. 7), Abschnitt An illustrative example, Formel 4 (S. 3)","zwei unabhängige Gruppen, je 10 Werte","KI der Differenz, obere Grenze",1.83,0.005,S15,
R12,G*Power Beispiel,https://www.psychologie.hhu.de/fileadmin/redaktion/Fakultaeten/Mathematisch-Naturwissenschaftliche_Fakultaet/Psychologie/AAP/gpower/GPowerManual.pdf,"Handbuch vom 01.06.2023, S. 29 (Kap. 11), Formeln S. 30","f = 0.1, α = 0.05, df1 = 8, k = 30 Gruppen, N = 2283, df2 = N − k, λ = f²·N",λ,22.830000,0.0000005,S18,
R12,G*Power Beispiel,https://www.psychologie.hhu.de/fileadmin/redaktion/Fakultaeten/Mathematisch-Naturwissenschaftliche_Fakultaet/Psychologie/AAP/gpower/GPowerManual.pdf,"Handbuch vom 01.06.2023, S. 29 (Kap. 11), Formeln S. 30","f = 0.1, α = 0.05, df1 = 8, k = 30 Gruppen, N = 2283, df2 = N − k, λ = f²·N",F_crit,1.942507,0.0000005,S18,
R12,G*Power Beispiel,https://www.psychologie.hhu.de/fileadmin/redaktion/Fakultaeten/Mathematisch-Naturwissenschaftliche_Fakultaet/Psychologie/AAP/gpower/GPowerManual.pdf,"Handbuch vom 01.06.2023, S. 29 (Kap. 11), Formeln S. 30","f = 0.1, α = 0.05, df1 = 8, k = 30 Gruppen, N = 2283, df2 = N − k, λ = f²·N",df2,2253,exakt,S18,
R12,G*Power Beispiel,https://www.psychologie.hhu.de/fileadmin/redaktion/Fakultaeten/Mathematisch-Naturwissenschaftliche_Fakultaet/Psychologie/AAP/gpower/GPowerManual.pdf,"Handbuch vom 01.06.2023, S. 29 (Kap. 11), Formeln S. 30","f = 0.1, α = 0.05, df1 = 8, k = 30 Gruppen, N = 2283, df2 = N − k, λ = f²·N",Power,0.950078,0.0000005,S18,
R12,G*Power Beispiel,https://www.psychologie.hhu.de/fileadmin/redaktion/Fakultaeten/Mathematisch-Naturwissenschaftliche_Fakultaet/Psychologie/AAP/gpower/GPowerManual.pdf,"Handbuch vom 01.06.2023, S. 29 (Kap. 11), Formeln S. 30","f = 0.1, α = 0.05, df1 = 8, k = 30 Gruppen, N = 2283, df2 = N − k, λ = f²·N",kleinstes N mit Power ≥ 0.95,2283,exakt,S18,
R12,Cohen Tab. 8.3.12,"Cohen (1988), Buch im Projektordner","S. 311, Lesart S. 356","u = 1 (zwei Gruppen), α = 0.05, n = 20 je Gruppe, f = 0.40, df2 = 2·(n − 1), λ = f²·2n",Power × 100,70,1.5,S18,Tabellenwerte auf ganze Einheiten gerundet und nach S. 356 auf eine Einheit genau
R12,Cohen Tab. 8.4.4,"Cohen (1988), Buch im Projektordner",S. 384,"u = 1, α = 0.05, Power 0.80, f = 0.25",n je Gruppe,64,1,S18,kleinstes n je Gruppe mit Power ≥ 0.80
R12,Cohen Tab. 2.4.1,"Cohen (1988), Buch im Projektordner",S. 55,"zweiseitig α = 0.05, Power 0.80, d = 0.50, f = d/2",n je Gruppe,64,1,S18,kleinstes n je Gruppe mit Power ≥ 0.80
R12,Cohen Tab. 2.4.1,"Cohen (1988), Buch im Projektordner",S. 55,"zweiseitig α = 0.05, Power 0.80, d = 1.00, f = d/2",n je Gruppe,17,1,S18,kleinstes n je Gruppe mit Power ≥ 0.80
R13,GEAR,https://www.itl.nist.gov/div898/handbook/eda/section3/eda358.htm,Abschn. 1.3.5.8,"diameter, alle 100 Werte, σ0 = 0.1, T = (N − 1)·(s/σ0)²",T,0.3903,0.00005,S10,"Aus den Rohdaten rechnen, nicht aus der gerundeten Varianz der Seite"
R13,GEAR,https://www.itl.nist.gov/div898/handbook/eda/section3/eda358.htm,Abschn. 1.3.5.8,df = 99,df,99,exakt,S10,
R13,GEAR,https://www.itl.nist.gov/div898/handbook/eda/section3/eda358.htm,Abschn. 1.3.5.8,"df = 99, p = 0.025",χ²_99(0.025),73.361,0.0005,S10,
R13,GEAR,https://www.itl.nist.gov/div898/handbook/eda/section3/eda358.htm,Abschn. 1.3.5.8,"df = 99, p = 0.975",χ²_99(0.975),128.422,0.0005,S10,
