# Verbleib jedes Satzes der Fassung 3 (26.09.) in Fassung 4, Variante A (27.09., nach Zweitprüfung)
# Spalten: Abschnitt, Absatz, Satz, Kategorie, Ziel, Begründung
# Kategorien: B übernommen, angepasst · V verdichtet · N entbehrlich · D Doppelung, steht an anderer Stelle · L verlagert nach Kapitel 6 · M Rollentrennung (Mechanismus, 2.1)
2.4	1	1	V	A1 S6	70,2 % entfällt (Trefferquote einer Batterie aus sieben Tests, 10 m r = 0,02). Der Trennbefund bleibt als Relevanzbeleg für Sprung und Richtungswechsel, mit der Gegenrichtung für 10 m
2.4	1	2	L	6.1	Entwicklungs- gegen Leistungsstufe, nur falls 6.1 die Aussagekraft auf höheren Stufen braucht
2.4.1	1	1	V	A1 S1	Anforderung als Befund mit Population, ohne Doppelpunkt
2.4.1	1	2	B	A1 S2	Zählschwelle bleibt, sie zeigt, dass die Zählung konservativ ist
2.4.1	1	3	N	—	Relaisaussage der Übersicht (Ref. 67, Vigh-Larsen et al., 2018), dort Begründung einer Empfehlung, kein Ergebnis. Die Zählschwelle trägt den Punkt
2.4.1	1	4	B	A2 S1	„geben Aufschluss“ statt „erfassen“ (Quelle: „provides information on“), ohne Doppelpunkt
2.4.1	1	5	N	—	ICC entfällt, für Veränderungen zählt der typische Messfehler (Hopkins, 2000)
2.4.1	1	6	N	—	ICC entfällt, der Messfehler derselben Studie bleibt
2.4.1	1	7	V	A3 S4 und S5	Messfehler absolut und prozentual, jetzt mit 30 m und Terminabstand
2.4.1	1	8	V	A3 S3	U15-Wert als CV, gebündelt für alle drei Tests
2.4.1	1	9	N	—	Sprint-ICC aus dem Methodenteil der Quelle, entbehrlich
2.4.2	1	1	V	A1 S3	Häufigkeit ohne Zählwert, „ohne eigenen Ballbesitz“
2.4.2	1	2	V	A1 S3 und S4	Winkelverteilung, „exakten“ bleibt
2.4.2	1	3	M	2.1 oder entfällt	Winkelanforderung biomechanisch, Mechanismus
2.4.2	1	4	V	A2 S2	Begriffstrennung im Testsatz
2.4.2	1	5	M	2.1 (Task 9)	Komponenten multidirektionaler Schnelligkeit als Begriff in 2.1
2.4.2	2	1	V	A2 S2	vorgeplante Wende im Testsatz
2.4.2	2	2	B	A2 S3	mit Beleg (Morgan et al., 2022), ohne „damit“
2.4.2	2	3	V	A2 S3 und A1 S6	Morgans Einschränkung trägt den Grenzfall-Satz, die Trennschärfe steht über Dugdale in A1 S6
2.4.2	2	4	D	4.4.2	Protokollherkunft steht mit „zitiert nach Nimphius et al. (2016)“ in 4.4.2
2.4.2	2	5	L	6.2	Sprintanteil der 505-Zeit, Verzerrung durch Sprintinhalte im KG-Plan (G2)
2.4.2	2	6	L	6.2	mit S5
2.4.2	2	7	L	6.2	mit S5
2.4.2	3	1	V	A3 S3	505 als Mittel der Seiten-Bestwerte, U15-Wert
2.4.2	3	2	V	A3 S3	CV gebündelt
2.4.2	3	3	L	6.2 (optional)	modifizierter 505 in englischen Akademien
2.4.2	3	4	L	6.2 (optional)	mit S3
2.4.2	3	5	B	A3 S6	Standardabweichung zwischen den Spielern ergänzt
2.4.2	3	6	B	A3 S7	auf den Grundsatz gehoben, Gruppenschluss nach Hopkins (2000) ergänzt
2.4.3	1	1	V	A1 S5	Sprung nicht aus Spielanalysen
2.4.3	1	2	V	A1 S5	Übersicht zur Laufleistung, Begründungshalbsatz
2.4.3	1	3	V	A1 S6	Rangfolge mit 505-Test, Begründungshalbsatz, ohne Doppelpunkt
2.4.3	1	4	B	A2 S4	unverändert
2.4.3	1	5	V	A3 S3	U15-Wert als CV
