"Nr.";"Prüfgegenstand";"Befundstelle";"Fundstelle im Text";"Ergebnis";"Status";"Beleg"
"2e.1";"Textstand am Master nach Rev. 163";"Fundstelle · Startprompt Schritt 2 e, Fortsetzung 4 § 4";"Master, Kapitel 5, alle Textabsätze";"Master 40.337 Byte, MD5 6c1db455…, keine comments.xml, 188 Absätze, unverändert seit Rev. 163. Kapitel 5 zeichengleich mit textstand.json (450 Wörter, 29 Sätze), 6.1 zeichengleich mit der JSON der Fassung 3 (700 Wörter, 40 Sätze). Gegen master_saetze.json (Stand 03.10., 08:05) sind nur 6.1 A3 bis A5 geändert, 287 Sätze stehen unter gleicher Kennung gleich, 290 dem Wortlaut nach. Zusammenfassung und Abstract stehen als Titel ohne Text.";"erfüllt";"anschluss_2e.txt § 1"
"2e.2";"Satznummern von 6.1 nach Rev. 163 und Sätze mit Bezug auf Kapitel 5 (Prüfpunkt Anschluss gegen den gültigen Stand von 6.1)";"Fundstelle · Abgleichbefund § 1.4 (a), Befund § 6.5 Nr. 10, TV 6.1 § 4, Fortsetzung 4 § 5 Nr. 4";"6.1 A1 bis A6";"6.1 A3 S5 entfällt (Stufe 3), 6.1 A3 S6 und S7 werden S5 und S6 (S6 ohne „zudem“), 6.1 A4 S4 ist ohne Rückbezug neu gefasst. Neu ist 6.1 A4 S6 („Mit beiden ist der eigene Befund vereinbar.“), die bisherigen 6.1 A4 S6 bis S8 werden S7 bis S9, 6.1 A4 S9 und A5 S6 sind neu gefasst („was mit dem eigenen Befund vereinbar ist“). Bezug auf Kapitel 5 hat ein Satz mit eigenem Befund, Zahl oder Begriff aus Kapitel 5, mit ausdrücklichem Rückbezug auf den eigenen Befund oder mit einem Konnektor, der einen Vergleich mit ihm markiert. Danach haben 30 von 40 Sätzen Bezug. Seit Rev. 163 neu sind 6.1 A4 S6, A4 S9 und A5 S6, als Bezug entfällt 6.1 A4 S4. § 1.4 (a) führte vier unveränderte Sätze mit Konnektor nicht: 6.1 A2 S3 („Auch“, Umsetzung als Kontext) sowie 6.1 A4 S7, A4 S8 und A5 S5, die einen Widerspruch markieren (TV 6.1 § 4 „Vergleich als Widerspruch markiert“). Grenzfälle ohne Marke und ohne Bezug sind 6.1 A3 S6 und A5 S7. Nachzuführen sind § 1.4 (a), 2b.8 (die bisherige 6.1 A3 S7 heißt 6.1 A3 S6) und 2b.29 (30 statt 24 Sätze), als Stand vor Rev. 163 bleiben Abgleichbefund § 1.1, register_pruefung.md 6i und Fortsetzung 4 § 5 Nr. 4. Liste in bezuege_2e.md.";"erfüllt (Liste am Master neu aufgestellt, Satznummern nachgeführt)";"§ 2, bezuege_2e.md"
"2e.3";"Wörtliche Doppelung, systematisch";"Fundstelle · Startprompt Schritt 2 e, F17 § 5a „Nicht übernehmen“ (Bauplan § 8), Register 15b, 6f, c4, c8, Raster 5.1.8, 6.1.2";"29 Sätze von Kapitel 5 gegen 259 Sätze außerhalb";"10 Paare mit einer gemeinsamen Folge von mindestens vier Wörtern, längste 5 Wörter. Handurteil je Paar: Bezeichnung 6 (etwa „beim 505-Test je Seite“ in A4 S2 wie in 4.3 A3 S2 und 4.4 A2 S4, „Bootstrap-Konfidenzintervall der adjustierten Differenz“ in A6 S2 wie in 4.7 A5 S2, beide mit der Kennzeichnung „nachträglich“ nach c4 und Raster 5.2.4), Nenner 1 („bei zwölf angebotenen Einheiten“ in A2 S2 wie in 4.6 A2 S1), Aufnahme nach Entscheidung 3: A5 S10 steht vollständig in 6.1 A1 S2, ebenso „für Ausgangswert und Reifestatus“ (Register 15b), A5 S9 nimmt 4.7 A3 S8 in dessen Sprache auf („einen Vorteil der Interventionsgruppe“, Register 6f). Unterhalb von vier Wörtern findet eine Suche über gemeinsame Wortstämme (mindestens drei, mindestens die Hälfte des kürzeren Satzes) 11 weitere Paare: Aufnahme in 6.1 6 (A5 S7 in 6.1 A3 S3, A4 S3 und A5 S3 als eigener Befund je Zielgröße nach Raster 6.1.2, dazu A2 S1, A3 S3 und A5 S6 in 6.1 A2 S2, A6 S2 und A1 S2), Plan und Ergebnis 3 (A2 S3, A4 S1 und A5 S1 gegen 4.7 A1 S2, 4.4 A3 S1 und 4.7 A3 S4), Bezeichnung 2. Ohne gemeinsame Stämme tragen A3 S4 und 4.6 A1 S2 dieselbe Tatsache aus Plan und Ergebnis (Raster 5.1.8), „beobachtend“ steht in A6 S4 wie in 4.7 A1 S4 (c4), 6.1 A1 S5 nimmt A5 S7 in anderen Worten auf. Wörtliche Doppelung einer Methodenangabe ohne Entscheidung keine. Den Inhalt einer Regel wiederholt A5 S11 (2e.24).";"erfüllt (keine wörtliche Doppelung einer Methodenangabe ohne Entscheidung), Aufnahmen bewusst anders · Register 15b, 6f, c4";"§ 4"
"2e.4";"6.1 A1 S2 bis S6: Hauptbefund, Vorsprung, Fall C1, „unschlüssig“";"Fundstelle · Befund § 6.5 Nr. 10, Register 15b, F17 § 10 (Nullbefund- und ITT-Sprachregelung)";"6.1 A1 S2 bis S6 · A5 S3, S4, S6 bis S8, S10";"Begriffe wie Kapitel 5: „Nach Adjustierung für Ausgangswert und Reifestatus“, „Gruppenunterschied nachweisbar“, „die Nullhypothese wurde nicht verworfen“, „Die Befunde sind unschlüssig“. 6.1 A1 S5 fasst A5 S7 als „relevante Vorteile wie Nachteile des Programmangebots“ (ITT-Sprachregelung). 6.1 A1 S3 und S4 nehmen A5 S3 auf: Die IG lag in allen drei Post-Werten vorn (Tab. 3: 4,57 gegen 4,89 s, 2,47 gegen 2,53 s, 233 gegen 223 cm), die adjustierte Differenz beträgt 14 %, 20 % und −1 % der unadjustierten, was „weitgehend“ trägt. Kapitel 5 nennt Richtung und Abstand, die Größe nur Tab. 3 und Abb. 2. Doppelung des Hauptbefunds nach Register 15b (2e.3).";"erfüllt (Begriffe, Deckung), Doppelung bewusst anders · Register 15b";"§ 3, § 4"
"2e.5";"6.1 A2 S2 bis S4 und A4 S9: Umsetzung in Worten und Literaturvergleich";"Fundstelle · Befund § 6.5 Nr. 10, F17 § 3 (Bezugsmengen-Regel), § 11.7, TV 6.1 § 4";"6.1 A2 S2 bis S4, A4 S9 · A2 S1, S2, A5 S6";"„zugeteilten Spieler“, „angebotenen Einheiten“ und „als vollständig“ wie A2 S1 und S2, „Umsetzung“ wie „Umsetzungsrate“ (A2 S2). „weniger als die Hälfte“ trägt 42,6 % (K-10.5). „einige keine einzige“ sind 4 Spieler ohne vollständige Einheit (K-10.15), nur in Tab. H2. 6.1 A2 S3 vergleicht die eigene Umsetzung über „Auch“ mit einer Übersicht (TV 6.1 § 4), Kapitel 5 trägt die eigene Rate. 6.1 A2 S4 nimmt zudem A5 S6 auf („Ein nicht nachweisbarer Unterschied“). 6.1 A4 S9 (seit Rev. 163) bietet die eigene Umsetzung als Erklärung an, Kapitel 5 trägt die Rate. Längste gemeinsame Folge mit A2 S1 drei Wörter.";"erfüllt (zweiter Teil von 6.1 A2 S2 nur über Tab. H2)";"§ 2, § 3, § 4"
"2e.6";"6.1 A2 S5, S6: Per-Protokoll";"Fundstelle · Befund § 6.5 Nr. 10, Register 10h, V7, c4, F17 § 11.2b (R4)";"6.1 A2 S5, S6 · A2 S3, A6 S4";"„beobachtende Per-Protokoll-Vergleich“ wie A6 S4 und 4.7 A1 S4, „mindestens der Hälfte der Einheiten als vollständig gemeldet“ ist die Schwelle sechs (A2 S3, 4.7 A1 S3 „der Hälfte des Programms“). „änderte die Einordnung nicht“ trägt A6 S4, ebenso „beim Richtungswechsel reichte die Fallzahl nicht“ („Soweit die Fallzahl eine Inferenz zuließ“), bei welcher Zielgröße die Fallzahl nicht reichte, steht nur in Tab. H4 (505-Seitenmittel 7 und 10 Spieler, K-08.1). Punktschätzer und Vorzeichenwechsel (30-m-Sprint +0,033 gegen −0,045 s, Standweitsprung +0,5 gegen −0,1 cm, K-08.1, K-06) stehen nur in Tab. H4. „nahe null“ misst 2e.8 am SESOI.";"teilweise („nahe null“ beim Per-Protokoll-Schätzer des 30-m-Sprints, Schwere B, siehe 2e.8), Punktschätzer und Zielgröße ohne Inferenz nur über Tab. H4";"§ 3"
"2e.7";"6.1 A3 S2, A4 S2, A5 S2: beschreibende Prä- und Post-Mittel";"Fundstelle · Register 10d, V6 (Prä- und Post-Mittel nach 6.1), TV5 § 9.3 Nr. 4, Befund § 6.5 Nr. 10";"6.1 A3 S2, A4 S2, A5 S2 · Tab. 2 (A1 S3), Tab. 3 (A5 S1)";"30-m-Sprint IG 4,51 → 4,57 s, KG 4,89 → 4,89 s („etwas höher als zuvor“, „die der Kontrollgruppe gleich“) · 505-Seitenmittel IG 2,46 → 2,47 s, KG 2,53 → 2,53 s („nahezu unverändert“) · Standweitsprung IG 238 → 233 cm, KG 226 → 223 cm („sanken“), K-04.3, K-04.6, K-04.7, K-06.1 bis K-06.3. Prä in Tab. 2, Post M ± SD in Tab. 3 (Raster 5.2.1). A5 S1 nennt als Inhalt von Tab. 3 die Differenzen und g, nicht die Post-Mittel.";"erfüllt (nur über Tab. 2 und Tab. 3)";"§ 3"
"2e.8";"6.1 A3 S3, A4 S3, A5 S3 und A2 S6: „lag nahe null“ und Fall C1";"Fundstelle · Befund § 6.5 Nr. 10, F17 § 5a, § 10 (Nullbefund-Sprachregelung), § 11.2b, Umfangsdokument § 5.1, 4.7 A3 S6, Abgleich Diskussion 6.1 (2c.3)";"6.1 A3 S3, A4 S3, A5 S3, A2 S6 · A5 S4, S5, S7, A6 S4";"„ihr Intervall ließ relevante Unterschiede in beide Richtungen zu“ ist A5 S7 (Fall C1). „lag nahe null“ steht in Kapitel 5 nicht. 4.7 A3 S6 legt das Konfidenzintervall gegen null und den SESOI („mit null und dem SESOI in beide Richtungen verglichen“), für den Punktschätzer hat das Projekt keine Regel und keine Musterformulierung (F17 § 11.2b, Umfangsdokument § 5.1). Gemessen am SESOI liegt der Schätzer beim 30-m-Sprint bei 0,71 SESOI (−0,045 gegen 0,063 s), beim 505-Seitenmittel bei 0,60 (−0,012 gegen 0,020 s), beim Standweitsprung bei 0,02 (−0,1 gegen 3,3 cm), g −0,18, −0,11 und −0,00 (K-05, K-06). Beim 30-m-Sprint und 505-Seitenmittel liegt er damit näher am SESOI als an null, knapp ebenso der Per-Protokoll-Schätzer des 30-m-Sprints (6.1 A2 S6, nur Tab. H4, 0,52 SESOI). Nur beim Standweitsprung (0,02, Per-Protokoll 0,15 SESOI) trägt „nahe null“. Auf der Skala von g bliebe nur Cohens Konvention, F17 § 5a ordnet aber „Effektstärke ohne Schwellen, eingeordnet über das Konfidenzintervall gegen null und den SESOI“. Der parallele Task wertete die Formel als „Fall C1 sinngemäß nach dem Umfangsdokument § 5.1“ (Abgleich Diskussion 6.1, 2c.3), ohne den SESOI zu prüfen. Für die Klickfrage beim Abschluss: „lag nahe null“ streichen oder „lag dem Betrag nach unter dem SESOI“, das an allen vier Stellen getragen ist.";"teilweise (Fall C1 erfüllt, „nahe null“ beim 30-m-Sprint und 505-Seitenmittel und beim Per-Protokoll-Schätzer des 30-m-Sprints von Kapitel 5 nicht getragen, Schwere B, Folgeänderung für 6.1 als eigene Klickfrage beim Abschluss)";"§ 3"
"2e.9";"6.1 A3 S5, A4 S6 bis S8, A5 S4 bis S6: Rückbezüge und Markierungen gegen den eigenen Befund";"Fundstelle · Befund § 6.5 Nr. 10, TV 6.1 § 4 (Markierung nach der Lage im eigenen Intervall), Register 3c";"6.1 A3 S5, A4 S6 bis S8, A5 S4 bis S6 · A5 S4 bis S7, Tab. 3";"„eigene Befund“ meint die adjustierte Differenz mit Intervall (A5 S4, S5) und den Fall C1 (A5 S7). „vereinbar“ in 6.1 A4 S6 und A5 S6 (beide seit Rev. 163) misst die Lage einer Vorstudie im eigenen Intervall, A5 S7 nutzt das Wort für das Intervall selbst, gleichsinnig. 6.1 A5 S4 markiert mit „Das widerspricht“, 6.1 A4 S7, A4 S8 und A5 S5 über ihren Konnektor einen Widerspruch: Nach TV 6.1 § 4 liegen die Vorstudienwerte außerhalb des eigenen Intervalls, bei 6.1 A4 S8 und A5 S5 außerhalb der Intervalle aus A5 S5 (−0,085 bis +0,061 s, −8,7 bis +8,6 cm, „−0,18 s außerhalb des eigenen Intervalls“ und „+13,1 cm außerhalb von“), bei 6.1 A4 S7 außerhalb des g-Intervalls aus Tab. 3 (−0,81 bis +0,58, „g 1,01, außerhalb des eigenen Intervalls“). „solche Effekte“ in 6.1 A3 S5 bezieht sich auf die Befunde der Metaanalysen, Kapitel 5 meidet das Wort „Effekt“ (Register 3c). 6.1 A4 S4 ist seit Rev. 163 kein Rückbezug mehr.";"erfüllt (6.1 A4 S7 nur über Tab. 3)";"§ 2, § 3"
"2e.10";"6.1 A5 S8 und A6 S1: Ausgangswerte und Beanspruchung";"Fundstelle · Befund § 6.5 Nr. 10, F17 § 5.3 (Normwerteinordnung Standweitsprung), § 10 (Load-Sprachregelung), Register 10e";"6.1 A5 S8, A6 S1 · Tab. 2 (A1 S3), A3 S1";"6.1 A5 S8 stützt sich auf die Ausgangswerte im Standweitsprung (IG 238, KG 226 cm, K-04.7), die nur Tab. 2 trägt (der Text nennt nur die Richtung, Register 10e). 6.1 A6 S1 übernimmt „als vollständig gemeldeten Einheiten“ (A3 S1, vier Wörter, Bezeichnung) und ordnet 2,9 (Median 3,0, K-10.13) als „leicht bis mäßig anstrengend“ ein, ohne Load.";"erfüllt (6.1 A5 S8 nur über Tab. 2)";"§ 3, § 4"
"2e.11";"6.1 A6 S2, S3: Schmerzmeldungen, Bezugsmenge der neun Spieler und Status (Fortsetzung 4 § 5 Nr. 4, Punkte 2 und 3)";"Fundstelle · Register 2a (F17 § 3), Befund § 6.5 Nr. 10, TV5 § 10 Nr. 3 und Nr. 18, 2b.24, 2b.45";"6.1 A6 S2, S3 · A3 S3, Tab. H2";"(1) „Mehr als die Hälfte der Spieler mit Meldungen“ rechnet 9 von 15 (K-10.12, K-10.9). Die 15 stehen mit Grund nur in der Anmerkung zu Tab. H2 (TV5 § 10 Nr. 18 „die Zahl der meldenden Spieler steht in Tab. H2“), Kapitel 5 nennt die neun ohne Menge (A3 S3) und als Bezugsmenge sonst die 18 Zugeteilten (A2 S1), mit ihnen wäre es genau die Hälfte. (2) „überwiegend zu vollständig durchgeführten Einheiten“ sind 8 von 12 Meldungen (K-10.12), die Kapitel 5 nur als Rest nennt (12 − 2 − 2). (3) 6.1 A6 S2 schreibt „vollständig durchgeführten“. Diese Wendung verwarf TV5 § 10 Nr. 3 für Kapitel 5, sie „stellt die Selbstauskunft als Tatsache dar“. Kapitel 5 schreibt für denselben Status „als vollständig gemeldeten“ (A2 S1, A3 S1), „durchgeführten“ nur bei den übrigen Status („zu nicht und zu teilweise durchgeführten Einheiten“). (4) „Einige“ in 6.1 A6 S3 sind 4 von 12.";"teilweise (Bezugsmenge und Status „ganz“ nur über Tab. H2 und Rechnung, Statuswort gegen TV5 § 10 Nr. 3, Schwere B)";"§ 3, § 6"
"2e.12";"6.1 A6 S4, S5: Kontrollgruppe ohne Vergleichsdaten";"Fundstelle · Register c8, F17 § 5a „Nicht übernehmen“";"6.1 A6 S4, S5 · A3 S4";"6.1 A6 S4 nimmt A3 S4 ohne wörtliche Doppelung auf („ohne Vergleichsdaten der Kontrollgruppe“, längste gemeinsame Folge ein Wort), 6.1 A6 S5 folgert daraus.";"erfüllt (Register c8)";"§ 4"
"2e.13";"Bezugsmengen 31, 26, 18 und 16: 4.2, 4.7 und A1 S2, A2 S1";"Fundstelle · Register 2a, 2b, 2g (F17 § 3)";"4.2 A1 S4, S5, 4.7 A1 S1 · A1 S2, A2 S1";"31 steht nur in A1 S2, Kapitel 4 nennt keine Spielerzahl der Menge zur Eingangstestung angetreten (31, 18 und 13 als Spielerzahl in 4.1 bis 4.7 nicht vorhanden). 26 in „Analysiert wurden N = 26 Spieler.“ und A1 S2, „Analysiert wurden“ und „in die Analyse ein“ ohne wörtliche Doppelung. Die 18 in A2 S1 (K-10.4) ist als Nenner der Umsetzung gekennzeichnet („alle zugeteilten Spieler“, 4.7 A1 S1), 4.2 A1 S5 nennt für die IG 16 Analysierte.";"erfüllt (18 als Ausnahme nach Register 2g)";"§ 5"
"2e.14";"„planmäßig“ in A1 S1 gegen die Termine in 4.1";"Fundstelle · Register 8a, TV5 § 10 Nr. 12";"4.1 A5 S6 · A1 S1";"„Testtermine lagen teils außerhalb des geplanten Zeitfensters.“ (4.1 A5 S6) steht neben „bis zum planmäßigen Studienende“ (A1 S1). Die Zweitprüfung von Textvorschlag 5 sah die Spannung (§ 10 Nr. 12), entschieden ist „planmäßig“ nach dem Klick zu Rasterzeile 5.1.4, das Wort „bezieht sich auf das Studienende, nicht auf die Termine“.";"erfüllt (verschiedener Bezug, Register 8a)";"§ 6"
"2e.15";"Analyseset und Programmwoche: Begriffe ohne Einführung in Kapitel 4";"Fundstelle · TV5 § 9.1 Nr. 4 und § 10 Nr. 19, Raster 5.1.5, F17 § 3.2";"A1 S3, A2 S4 · 4.7 A1 S1, 4.5.1";"„Analyseset“ steht nur in A1 S3 (Raster 5.1.5 „Analyseset je Zielgröße“), Kapitel 4 beschreibt dieselbe Menge ohne Namen (4.7 A1 S1 „je Zielgröße mit vollständigen Prä- und Post-Werten und Reifestatus“). „Programmwoche“ steht nur in A2 S4 (F17 § 3.2), 4.5.1 zählt Wochen. TV5 § 9.1 Nr. 4 hält beide für „aus dem Zusammenhang verständlich“, vorgemerkt ist dort nur die Begriffsbrücke zur Adhärenz (2e.20).";"erfüllt (aus dem Zusammenhang verständlich nach TV5 § 9.1 Nr. 4, ohne Handlungsbedarf)";"§ 6"
"2e.16";"Untergrenzen und Einheitennummer: 4.6 A2 S2, S3 gegen A2 S4";"Fundstelle · Raster 4.6.3, 5.1.6, F17 § 3.2, S4a 6.3.2 G6-b, TV5 § 9.1 Nr. 3";"4.6 A2 S2, S3 · A2 S4";"A2 S4 nennt zwei Zählregeln, die Kapitel 4 nicht einführt („mit höchstens zwei Meldungen je Programmwoche“, „nach verschiedenen Einheitennummern“, K-10.11: 9 und 2, 9 und 1 Spieler). 4.6 A2 S2 und S3 legen die Zählung fest („Gezählt wurde je Meldung.“, „Die Einheitennummer diente nicht als Identitätsmerkmal.“), Raster 4.6.3 ebenso, ohne Untergrenzen. Raster 5.1.6 verlangt sie im Ergebnis („Untergrenzen wochengedeckelt und nach distinkten Nummern“), F17 § 3.2 nennt den Grund („Die Einheitennummer (H003) ist kein Identitätsmerkmal“), S4a plant ihn für 6.3 (6.3.2 G6-b „Untergrenzen nennt Kapitel 5, hier nur der Grund“). Ohne diesen Grund kann „nach verschiedenen Einheitennummern“ neben 4.6 A2 S3 als Widerspruch gelesen werden. Ein Halbsatz in 4.6 wäre eine Folgeänderung „im Rahmen des Budgets 725 des Abschnitts 4.5 (722)“ (TV5 § 9.1 Nr. 3), also nur mit Kürzung.";"teilweise (Zählregeln der Untergrenzen ohne Einführung in Kapitel 4, Grund erst in 6.3, Schwere C, Folgeänderung für 4.6 als mögliche Klickfrage beim Abschluss)";"§ 6"
"2e.17";"Versuche und Messgüte: 4.4 und A4";"Fundstelle · F17 § 10 (Versuchszahl-Sprachregelung), Raster 5.1.9, F17 § 5a „Nicht übernehmen“, TV5 § 9.1 Nr. 5";"4.4 A2 S1 bis S4, A3 S1, S2 · A4 S1, S2";"„gültigen Versuche“ und „beim 505-Test je Seite“ in A4 S2 wie in 4.4 A2 S4 (vier Wörter gleich, Bezeichnung), Tab. H1 seit 4.4 A2 S3 eingeführt, in A4 S2 Wiederaufruf. A4 S1 knüpft mit „auch bei der Abschlusstestung“ an „Der TE überstieg bei allen Zielgrößen den SESOI“ (4.4 A3 S2) an, gemeinsam vier Wörter, neue Aussage zur Abschlusstestung (TE post über dem SESOI in allen sieben Zielgrößen, K-05), 4.4 nennt den Zeitpunkt nicht. 4.4 A3 S1 führt „typischen Messfehler (TE)“ ein und nutzt in 4.4 A3 S2 die Abkürzung, A4 S1 schreibt die Langform, nach TV5 § 9.1 Nr. 5 „Kein Handlungsbedarf, zur Kenntnis“.";"erfüllt (Langform ohne Handlungsbedarf nach TV5 § 9.1 Nr. 5)";"§ 3, § 4, § 6"
"2e.18";"Ausgangswerte, Kovariaten und Umfang von „Zielgröße“: 4.1 A4 S2, S3, 4.4.2 A1 S6, 4.7 A3 S1, A4 S3 gegen A1 S3, A4 S1, A5 S1, S2, S6";"Fundstelle · TV 4.7 Nr. 43 und Zeile 4.7.5, F17 § 5.3 (Tab. 1 und Tab. 2), Raster 5.1.5";"4.1 A4 S2, S3, 4.4 A3 S1, 4.4.2 A1 S6, 4.7 A3 S1, A4 S3 · A1 S3, A4 S1, A5 S1, S2, S4, S6";"(1) „standardisierter Differenz d“ (A1 S3) führt Kapitel 4 nicht ein, 4.7 nennt nur Hedges' g. Den Satz mit d in 4.7 strich TV 4.7 Nr. 43 („berichtet wird die standardisierte Differenz d“), die Definition steht nach Zeile 4.7.5 in der Anmerkung zu Tab. 2 („Definition in der Anmerkung zu Tab. 2“, Task 18). (2) „Überlappung der Kovariaten“ in A1 S3 wie in 4.7 A4 S3, „Ausgangswert und Reifestatus“ in A5 S4 wie in 4.1 A4 S3. (3) „Zielgröße“ hat in Kapitel 4 wechselnden Umfang: Tab. 1 führt „sieben Zielgrößen“ (F17 § 5.3), darauf beziehen sich A4 S1 und 4.4 A3 S1 und S2. Drei konfirmatorische meinen A5 S1, S6 und 4.7 A3 S1, beim 505-Test ist nach 4.4.2 A1 S6 nur das Seitenmittel Zielgröße („Zielgröße war das Mittel der beiden Seiten-Bestwerte“), 4.1 A4 S2 nennt fünf abhängige Variablen. Kapitel 5 folgt 4.4 A3 und 4.7, die Spannung liegt in 4.4.2 A1 S6.";"teilweise (Umfang von „Zielgröße“ in 4.4.2 A1 S6 gegen Tab. 1, Schwere C, Vormerkung für die Endredaktion), d und Überlappung erfüllt";"§ 6"
"2e.19";"Folge der Zielgrößen über Kapitel 4, 5 und 6.1 (Fortsetzung 4 § 5 Nr. 4, Punkt 4)";"Fundstelle und Korpus · F17 § 5.1 (Reihenfolgetreue), Befund § 6.5 Nr. 3, 2b.8 · 2d.19";"alle Sätze mit mindestens zwei von Sprint, Richtungswechsel und Sprung";"18 Sätze nennen mindestens zwei der drei, 13 in der festen Folge Sprint, Richtungswechsel, Sprung (acht Sätze der Einleitung, 4.1 A4 S2, 4.7 A3 S1, 6.1 A1 S1, in Kapitel 5 A5 S5 im Anschluss an A5 S4 und A5 S11). F17 § 5.1: „Sprint → Richtungswechsel → Sprung in den Hypothesen, den Ergebnissen und der Diskussion identisch“. Abweichend in Kapitel 5 ist A4 S2, nach der Gruppe mit mehr gültigen Versuchen geordnet (2b.8). Außerhalb der Regel stehen B2 S9 (Kontrast der Vorstudie), 4.3 A5 S3 (Testfolge), 4.7 A1 S5 (Grund der Festlegung) und 6.1 A3 S6, das Fähigkeiten aufzählt, die ein Programm ansprechen dürfte, nicht die Zielgrößen („Sprung, Beschleunigung und Richtungswechsel“). Korpus: Eine nach dem Inhalt geordnete Folge in einem Satz hat ein Kernvorbild (Negra 2019 2.3, 2d.19), ein Potenzial für A4 S2 stützt sich auf F17 § 5.1. Die geplante G5-Zeile übernimmt die Folge von A4 S2 (S4a 6.2.6 b).";"teilweise (A4 S2 gegen den Wortlaut von F17 § 5.1, Schwere B, keine Entscheidung), Korpus: Ordnung nach dem Inhalt mit Kernvorbild (2d.19)";"§ 7"
"2e.20";"Umsetzung, Adhärenz und Status: 4.6, 4.7 und 4.1 gegen A2 und 6.1 (Fortsetzung 4 § 5 Nr. 4, Punkt 5)";"Fundstelle und Korpus · Raster 4.6.3, 5.1.6, TV5 § 9.1 Nr. 3 und 4, Register 10s, 10u, F17 § 3.2 · 2d.20";"Überschrift 4.6, 4.6 A2 S1, S4, 4.7 A1 S1 bis S3, S6, 4.1 A5 S9 · A2 S1 bis S3 · 6.1 A2 S2, S4, S5, A4 S9";"(1) „Adhärenz“ steht 2-mal in 4.6 und in dessen Überschrift, 4-mal in 4.7 (auch als Wortteil), einmal in 4.1, nicht in Kapitel 5 und 6.1. „im Median 6,0 vollständige je Spieler“ (A2 S1) ist die mediane Adhärenz im Sinn von 4.6 A2 S1 (Zahl der Meldungen mit dem Status „ganz“ je Spieler, K-10.8), A2 S3 nennt die Schwellen von 4.7 A1 S2 und S3 ohne das Wort. (2) „Umsetzungsrate“ (A2 S2, Raster 5.1.6) und „Umsetzung“ (6.1) führt Kapitel 4 nicht ein, A2 S2 bestimmt die Rate im Satz. (3) Status: 4.6 „ganz“ und „teilweise“, Kapitel 5 „als vollständig“, „als teilweise“ und „als nicht durchgeführt“ (A2 S1). (4) „Beteiligung“ (4.6 A2 S4) meidet Kapitel 5 nach Register 10s, die 45,4 % in A2 S2 umfassen beide Status (K-10.6). (5) Nenner „bei zwölf angebotenen Einheiten“ in A2 S2 wie in 4.6 A2 S1 (Bezugsmengen-Regel). Korpus: kein „adherence“ für einen Wert je Spieler, am nächsten „x out of a possible N“ (2d.20). Ort einer Begriffsbrücke wäre neben 4.6 und A2 S1 der Titel von Tab. H2 (Platzhalter „Adhärenz je Spieler“, Task 18).";"teilweise (Begriffsbrücke Adhärenz offen, Register 10u, TV5 § 9.1 Nr. 4, Status „ganz“ gegen „vollständig“, Schwere C), „Beteiligung“ bewusst anders · Register 10s, Korpus: kein Vorbild für einen Wert je Spieler (2d.20)";"§ 6"
"2e.21";"Beanspruchung, Load und Schmerzen: 4.6 und A3";"Fundstelle · F17 § 10 (Load-Sprachregelung), Register 3f, Raster 4.6.1, 4.6.7, 4.6.8, 5.1.7, 5.1.8, TV5 § 9.6 Nr. 5";"4.6 A1 S2, S3, S6, S8, S9 · A3 S1 bis S4";"„Beanspruchung“, „CR-10-Skala“, „sRPE-Load“ und „Solldauer“ wie 4.6. A3 S2 „Der mit der Solldauer berechnete sRPE-Load“ nimmt die Definition aus 4.6 A1 S8 knapp auf („das Produkt aus CR-10-Wert und Solldauer der Einheit“), nicht wörtlich, und hält die Load-Sprachregelung ein (F17 § 10 „Der sRPE-Load ist CR-10 mal Solldauer.“). „AU“ steht erstmals in A3 S2, im Text nicht aufgelöst (TV5 § 9.6 Nr. 5 „Abkürzungsverzeichnis: AU (A3)“). 4.6 A1 S3 nennt „Schmerzen“, Kapitel 5 und 6.1 „Schmerzen oder Probleme“ (Item H007, K-10.12), der Wortlaut des Items steht im Fragebogen (Anhang A). A3 S4 und 4.6 A1 S2 tragen dieselbe Tatsache aus Plan und Ergebnis, nicht wörtlich, wie Raster 5.1.8 es verlangt („Kontrollgruppe ohne Erfassungsinstrument“, CONSORT 19).";"teilweise („Schmerzen“ in 4.6 A1 S3 gegen „Schmerzen oder Probleme“, Schwere C, Vormerkung 4.6), AU über das Abkürzungsverzeichnis vorgemerkt";"§ 4, § 6"
"2e.22";"Analyse, Berichtsgrößen, Voraussetzungen und Sensitivität: 4.7 und A5, A6";"Fundstelle · F17 § 10 (ANCOVA-Sprachregelung), § 11.9, Register 6g, 10m, 10t, c4, Raster 4.7.4, 4.7.10 bis 4.7.12, 5.2.1, 5.2.3, 5.2.4";"4.7 A3 S1 bis S5, A4 S1 bis S4, A5 S1, S2 · A5 S1 bis S5, A6 S1 bis S4";"Zielgrößen wie 4.7 A3 S1 („30-m-Sprint, 505-Seitenmittel, Standweitsprung“), dazu „Ausgangswert und Reifestatus“, „Hedges' g“, „Shapiro-Wilk-Test“, „Bootstrap-Konfidenzintervall der adjustierten Differenz“, „nachträglich“ (c4), „sechs Sensitivitätsanalysen“ (Register 10t) und „beobachtende Per-Protokoll-Vergleich“ wie 4.7. „mit Tests geprüften Voraussetzungen“ grenzt die grafisch geprüfte Linearität (4.7 A4 S2) aus (Register 10m). Abweichende Wörter ohne Folge: 4.7 „Modellannahmen“ und „Voraussetzungsprüfung“, Kapitel 5 „Voraussetzungen“ · A5 S1 „Post-Wert“, A5 S2 „Abschlusswert“ (4.7 A1 S6 „Abschlusswerte“). A5 S1 nimmt 4.7 A3 S4 als Objektsatz auf, nicht wörtlich.";"erfüllt";"§ 4, § 6"
"2e.23";"Schlusslogik: 4.7 A3 S6, S8 gegen A5 S6 bis S10 und 6.1 A1 S5, S6 (Fortsetzung 4 § 5 Nr. 4, Punkt 6)";"Fundstelle und Korpus (mit Volltext) · F17 § 11.2b, Umfangsdokument § 5.1, Register 3c, 4a, 6f, TV5 § 9.6 Nr. 5 · Abgleichbefund § 3.4 (Lesart der Methodenteile), 2d.3, 2d.4";"4.7 A3 S6, S8 · A5 S6 bis S10 · 6.1 A1 S5, S6";"„nachweisbar“ (A5 S6) entspricht „Nachweisbarkeit“, „relevanten Unterschieden in beide Richtungen“ (A5 S7) entspricht „Relevanz“ und „mit null und dem SESOI in beide Richtungen“ (4.7 A3 S6). „unschlüssig“ (A5 S8, A6 S4, 6.1 A1 S6) führt 4.7 nicht ein, die Lesart trägt A5 S7 unmittelbar davor, im Umfangsdokument ist es das Urteil des Falls C1 („Der Befund ist unschlüssig.“). Im Korpus definieren die MBI-Studien ihr Urteil „unclear“ im Methodenteil als „ein 90-%-Intervall über beide Schwellen von ± 0,2 SD“ (Abgleichbefund § 3.4, Lesart der Methodenteile, 2d.3, 2d.4), hier steht es erst in Kapitel 5. A5 S9 nimmt 4.7 A3 S8 in dessen Sprache auf (Register 6f). 4.7 A3 S8 schreibt „H0“ ohne Einführung, Einleitung (B5 S3), Kapitel 5 und 6.1 schreiben „Nullhypothese“, die Abkürzungsliste in TV5 § 9.6 Nr. 5 führt „H0“ nicht. Neu vorzumerken: „H0“ in 4.7 A3 S8 ausschreiben oder in das Abkürzungsverzeichnis aufnehmen.";"teilweise („unschlüssig“ und „H0“ in 4.7 nicht eingeführt, Schwere C, neue Vormerkung zu 4.7 A3 S8), Korpus: Urteil im Methodenteil definiert (2d.3, 2d.4), im Übrigen erfüllt";"§ 4, § 6"
"2e.24";"Deskriptive Zielgrößen: A5 S11 gegen 4.7 A1 S5 und 4.4.1 A1 S5";"Fundstelle · Raster 4.7.6, 5.2.5, F17 § 5a „Nicht übernehmen“, TV5 § 9.1 Nr. 2, K-11.4";"A5 S11 · 4.7 A1 S5, 4.4.1 A1 S5";"Namen wie 4.7 A1 S5 („die 5- und 10-m-Sprintzeiten und“, fünf Wörter gleich, „505-Seitenwerte“). A5 S11 wiederholt die Regel („Beschreibend berichtet werden“ gegen „wurden nur beschrieben“) nicht wörtlich, mit dem Wiederaufruf von Tab. H3. Den Satz verlangt Raster 5.2.5 („ein Satz im Text. Ohne p und ohne Effektstärke, Grund in 4.7“), der Grund steht in 4.7 A1 S5 und 4.4.1 A1 S5 (10-m-Zeit von Verein B). A5 S11 nennt keinen Befund, für Schritt 3 als mögliche Kürzung vorgemerkt. 4.4.1 A1 S5 nennt als Ursache „wegen eines Lichtschrankenausfalls“, K-11.4 führt die 27 fehlenden 10-m-Zeilen der IG bei der Abschlusstestung aber als „falsch aufgenommen“ (technischer Ausfall 1), offen nach TV5 § 9.1 Nr. 2 („Der Verfasser klärt, was geschah.“). Kapitel 5 nennt keine Kategorie und ist nicht berührt.";"erfüllt (Inhalt der Regel wiederholt, Ort nach Raster 5.2.5), Ausfallgrund in 4.4.1 A1 S5 offen nach TV5 § 9.1 Nr. 2";"§ 4"
"2e.25";"Antragskriterium: A2 S3 gegen 4.6 A2 S5, 4.7 A1 S2 und 4.1 A5 S9";"Fundstelle · TV5 § 9.1 Nr. 5, Raster 4.6.4, 4.7.6, Register 9c, 6k";"A2 S3 · 4.6 A2 S5, 4.7 A1 S2, 4.1 A5 S9";"„drei mindestens neun Einheiten“ (A2 S3) und „da es nur drei Spieler erreichten“ (4.7 A1 S2): dieselbe Zahl als Ergebnis und als Grund der Festlegung, nicht wörtlich (TV5 § 9.1 Nr. 5 „beide Stellen sind nötig“, Raster 4.7.6 „Antragskriterium ≥ 75 % nur deskriptiv (n = 3)“). „mindestens 75 %“ (4.6 A2 S5) entspricht „mindestens neun von zwölf Einheiten“ (4.7 A1 S2), 4.1 A5 S9 nennt die Nichtanwendung in der Hauptanalyse. Die Quelle des Kriteriums nennt nur 4.6 A2 S5 („Ethikantrag“), 4.7 A1 S2 und Kapitel 5 nennen keine (Register 6k, Kapitel 4 nicht gebunden).";"erfüllt";"§ 6"
"2e.26";"Einleitung: Ankersatz, Hypothesen und 10-m-Erwartung";"Fundstelle · TV5 § 9.2 Nr. 1 bis 4, Nachtrag 6.1 § 11 Nr. 6, Teil 0 Rev. 134 (Einleitung pausiert)";"B1a S5, B5 S1, S3, S4 · A5 S6 bis S11";"B5 S3 spricht von „Veränderungen“, A5 S10 entscheidet an der adjustierten Differenz im Post-Wert (TV5 § 9.2 Nr. 1 „Rechnerisch ist es dieselbe Gruppendifferenz“). B5 S4 sagt „in mindestens einem der drei gleichrangigen Parameter“, Kapitel 4, 5 und 6.1 „Zielgröße“ (TV5 § 9.2 Nr. 2). B1a S5 hebt „die 10-m-Zeit“ hervor, A5 S11 beschreibt sie nur (TV5 § 9.2 Nr. 3 „Die Arbeit kann diese Erwartung nicht prüfen“), Kapitel 5 kündigt keine Prüfung an. Denselben Satz B1a S5 setzt 6.1 seit Stufe 3 voraus, der Nachtrag zu 6.1 verlangt, ihn in der Schlussfassung zu halten (§ 11 Nr. 6 a „Den Satz zu Programmen bis sieben Wochen (Absatz 1, Satz 5, Ramirez-Campillo et al., 2020) halten“). Den Ankersatz B5 S1 beantworten A5 S6 bis S8, 6.1 A1 S1 wiederholt ihn. Die Einleitung ist bis zur Schlussfassung pausiert.";"teilweise („Parameter“ in B5 S4, Schwere C, Entscheidung in der Schlussfassung), Kapitel 5 erfüllt";"§ 6"
"2e.27";"Anhang H: Platzhalter mit Bezug auf Kapitel 5";"Fundstelle · TV5 § 9.6 Nr. 4, Register 10t, V8, U6, F17 § 10 (Load-Sprachregelung), § 13 Nr. 8";"Anhang H A2 S1 bis A5 S1 (Platzhalter Tab. H2 bis Tab. H5)";"„(aus 5.1)“ und „(aus 5.2)“ nennen nach Gliederung v6 (E3, M28) entfallene Unterabschnitte, Tab. H4 „acht vorab festgelegte Varianten und Gegenprobe 30 m“ zählt anders als 4.7 A5 S1 (sechs Sensitivitätsanalysen, Per-Protokoll gesondert), dem A6 S4 folgt, Tab. H5 „(aus 4.7)“, Erstverweis jetzt A2 S3. Dazu nennt Tab. H2 „sRPE-Belastung“, A3 S2 und die Load-Sprachregelung „sRPE-Load“. Tab. H3 nennt nur deskriptive Zielgrößen, A1 S3 verweist dorthin auch für „die Ausgangswerte aller eingangsgetesteten Spieler“. Tab. H4 heißt „Sensitivitätsanalysen“, A6 S3 verweist dorthin für die Voraussetzungen. „Gegenprobe 30 m“ ersetzte F17 § 13 Nr. 8 durch das Bootstrap-Intervall für alle drei Zielgrößen („statt einer verteilungsfreien Gegenprobe nur beim 30-m-Sprint“). Task 18: Die Titel von Tab. H3 und Tab. H4 müssen tragen, wofür A1 S3 und A6 S3 auf sie verweisen. TV5 § 9.6 Nr. 4: „Task 18 ersetzt die Platzhalter durch die Objekte.“";"nicht erfüllt (Platzhalter veraltet, Schwere C, vorgemerkt für Task 18, TV5 § 9.6 Nr. 4)";"§ 5"
"2e.28";"Spätere Teile: 6.2 mit 6.3, Kapitel 7, Zusammenfassung und Abstract";"Fundstelle · TV5 § 8 Nr. 3, § 9.4, § 9.5, Raster 7.1, 7.2, S4a (Task 12b), Register V8";"im Master ohne Text (6.2, 6.3 und 7 nur Überschriften, Zusammenfassung und Abstract nur Titel)";"Geplant nach S4a für 6.2 und 6.3: G1 mit der verworfenen Normalverteilung und dem Bootstrap als Halbsatz (6.2.5 a „W und p stehen in Kapitel 5“), G5 mit der Folge der gültigen Versuche wie A4 S2 (6.2.6 b „Mechanismen nennt 4.4, die Richtung Kapitel 5 (5.1), hier nur die Folge“, mit der seit Gliederung v6 entfallenen Abschnittsbezeichnung „(5.1)“, Register V8), G6 mit dem Grund der Untergrenzen (6.3.2 G6-b „Untergrenzen nennt Kapitel 5, hier nur der Grund“), dazu V06 (Schmerzen und Abbrüche, A3 S3), V42 (fehlende Vergleichsdaten der Kontrollgruppe, A3 S4) und V73 (zusätzliche Ausfälle der Kontrollgruppe, A1 S1 mit Abb. 1). Kapitel 7 antwortet nach Raster 7.1 in der Reihenfolge der Zielgrößen mit der Nullbefund-Sprachregelung (A5 S6 bis S10) und nennt nach Raster 7.2 Umsetzungsrate und Belastungsverträglichkeit (A2 S2, A3 S3), nach TV5 § 8 Nr. 3 „können nur Zahl und Status der Meldungen nennen“, S4a K7-a merkt die Forschungsempfehlung zur Umsetzung vor. Die Zusammenfassung übernimmt den „Hauptbefund im Wortlaut von Kapitel 5“ und die Umsetzungsrate mit Bezugsmenge (TV5 § 9.5). Eine Änderung von A1 S1, A2 S2, A2 S4, A3 S3, A3 S4, A4 S2, A5 S6 bis S10, A6 S1 oder A6 S2 berührt diese Planung.";"erfüllt (am Master gegenstandslos, Abhängigkeiten vermerkt)";"§ 8"
