"Nr.";"Prüfgegenstand";"Befundstelle";"Fundstelle im Text";"Ergebnis";"Status";"Beleg"
"2c.1";"A1 S1 · X1 (O1) · Objekt einführen, Teilnehmerfluss";"Korpus und Fundstelle · § 5.1 „Objekt einführen, Subjekt“ (Kern 5 · 3), „Zuteilung, Fluss“ (Kern O1 in 3), § 3.1 · rechts: Stilprofil Teil 4, F17 § 10, CONSORT 13a, Raster 5.1.4, Register 1e";"A1 S1 „Abb. 1 zeigt den Teilnehmerfluss bis …“";"Korpusmuster: Objekt als Subjekt im Präsens wie „Fig 1 shows …“ (Moran 1.1) und „Table 3 displays …“ (Negra 2019 1.4). Abgewandelt: Der Satz trägt mit dem Fluss bis zum planmäßigen Ende eine zweite Funktion (O1), die kein Objektsatz des Kerns trägt (X1 mit O1 im Kern 0). Auf ein Flussdiagramm verweist kein Kern-Ergebnistext („Kein Kern-Ergebnistext verweist auf ein Flussdiagramm.“, § 3.1), den Fluss tragen dort O1-Sätze ohne Objekt („All subjects received treatment conditions as allocated.“, Negra 2019 1.1). Ein planmäßiges Studienende nennt kein Satz der Anlage. Projektregel: Erstverweis als Subjekt im Präsens („Tab. 3 zeigt …“, F17 § 10, dazu Stilprofil Teil 4 und Register 1e), Flussdiagramm im Ergebnisteil nach CONSORT 13a („Flussdiagramm im Methodikteil – es gehört nach 5.1 (CONSORT 13a).“, F17 § 5a), „planmäßig“ nach dem Klick zu Rasterzeile 5.1.4 (CONSORT 14b, Register 8a), gegen den Korpus bewusst anders (2b.33).";"Korpus: abgewandelt · Fundstelle: erfüllt (Register 1e)";"bausteine_2c.txt § 3, Moran2024 1.1, Negra2019 1.4, 1.1"
"2c.2";"A1 S2 · O1 · Teilnehmerfluss, Menge zur Eingangstestung angetreten";"Korpus und Fundstelle · § 5.1 „Zuteilung, Fluss“ (Kern O1 in 3), § 3.1 · rechts: F17 § 3 (Bezugsmengen-Regel), Raster 5.1.2, P11";"A1 S2 „Von 31 zur Eingangstestung angetretenen Spielern …“";"Korpusmuster: O1 in 3 Kernstudien als Zuteilung wie geplant („All subjects received treatment conditions as allocated.“, Negra 2019 1.1), Ausfall mit Grund („Three participants … withdrew …“, Negra 2019 1.2), Abschluss („All participants completed the aforementioned training programs.“, Negra 2020 1.2) oder Aufnahme in die Analyse mit Quantor („… were consequently fully included in the final analyses.“, Sammoud 1.1, O1 sekundär). Abgewandelt: Sammoud 1.1 ist das nächste Kernvorbild für die Analysemenge, eine Zahl nennt kein Kernsatz („n =“ im Kern 0). Eine Analysezahl nennt erweitert als O1 nur Klusemann 1.7 („Final data analysis included a total number of 36 subjects“, mit Zahl je Gruppe), als Bezugsmenge auch Rogers 2.1 und 2.7. A1 S2 nennt Eingangsgetestete und Analysierte ohne Gruppen und ohne Grund, beides steht in Abb. 1 (KF17, Register 11h). Projektregel: genau ein Satz zur Menge „zur Eingangstestung angetreten“ (F17 § 3, Raster 5.1.2, Register 2b, 2f), Spieler je Gruppe und Nenner im Objekt (P11).";"Korpus: abgewandelt · Fundstelle: erfüllt (2b.25)";"bausteine_2c.txt § 3, Negra2019 1.1, 1.2, Negra2020 1.2, Sammoud2024 1.1, Klusemann2012 1.7, Rogers2020 2.1, 2.7"
"2c.3";"A1 S3 · X1 (O4) · Objekte der Ausgangslage einführen";"Korpus und Fundstelle · § 5.1 „Objekt einführen, Subjekt“ (Kern 5 · 3) und „Objekt einführen, Ort“ (Kern 10 · 7), „Ausgangslage“ (Kern O4 in 7) · rechts: Stilprofil Teil 4, P1, Raster § 3.12, Register 1e, 1f";"A1 S3 „Tab. 2 enthält die Ausgangswerte im …“";"Korpusmuster: Objekt als Subjekt im Präsens wie Negra 2019 1.4 („Table 3 displays test data for all components of physical fitness assessed at baseline and follow-up.“). Abgewandelt: Der Satz trägt mit der Ausgangslage eine zweite Funktion (O4), die kein Objektsatz des Kerns trägt (X1 mit O4 nur Hilska 1.1, erweitert, in der Ort-Form: „The player characteristics for the intervention and study groups are provided in Table 1.“), und führt zwei Objekte ein, das zweite elliptisch. Zwei Objekte in einem Objektsatz hat der Kern nur in der Ort-Form („Within-group changes for CODJ-G and COD-G are reported in Tables 1 and 2, respectively.“, Beato 3.2), die Subjektform nur erweitert (Asimakidis 1.2). Ausgangswerte führt der Kern in beiden Formen ein, als Subjekt (Negra 2019 1.4) und als Ort (Negra 2020 1.3), die Ort-Form ist im Kern insgesamt die häufigere (10 Sätze in 7 Studien gegen 5 in 3). Projektregel: Erstverweis als Subjekt im Präsens (Register 1e), Größe und Überlappung im Objekt, keine Zahl aus Tab. 2 im Satz (P1, Raster § 3.12). Tab. H3 als Subjekt (elliptisch) nach Stilprofil Teil 4, die Auslegung für Anhangsobjekte lässt die Klammer zu, verlangt sie nicht (Register 1f, dazu 2b.4).";"Korpus: abgewandelt · Fundstelle: erfüllt (2b.15, Register 1e)";"bausteine_2c.txt § 3, Negra2019 1.4, Negra2020 1.3, Hilska2021 1.1, Beato2018 3.2, Asimakidis2022 1.2"
"2c.4";"A1 S4 · O4 · Richtung der Ausgangsunterschiede";"Korpus und Fundstelle · § 5.1 „Ausgangslage“ (Kern O4 in 7, Test in 4), § 3.1 · rechts: P1 (CONSORT 15, F17 § 4), Textvorschlag 5 § 3, F17 § 11.2b";"A1 S4 „Alle Ausgangsunterschiede lagen zugunsten der Interventionsgruppe.“";"Korpusmuster: Ausgangsvergleich der Gruppen vor den Befunden in 5 Kernstudien, davon 4 mit Signifikanzaussage („Baseline comparisons revealed no significant differences between groups …“, Liu 1.1). Ohne Signifikanzwort und mit Quantor über die Tests stehen Aloui 1.3 („No parameter showed between-group differences at baseline.“) und Negra 2019 1.6 (Anlage). Abgewandelt: A1 S4 hat diese Form (Quantor, kein Test) und berichtet die Richtung der Unterschiede. Vorhandene Unterschiede nennt der Kern ohne Richtung („Significant between groups differences were detected for the chronological age, height, body mass, and maturity offset.“, Sammoud 1.3, dazu 1.5), erweitert Rogers 1.1 (Ausgangsunterschied unter der SWC), eine Richtung nennt kein Satz der Anlage. Projektregel: ohne Test, im Satz nur die Richtung (P1, Textvorschlag 5 § 3), die Richtung als „zugunsten der ⟨Gruppe⟩“ (Befund § 5.1 rechts) wie in der Schlusslogik („zugunsten der IG“, F17 § 11.2b), Register 10e.";"Korpus: abgewandelt · Fundstelle: erfüllt (2b.15)";"bausteine_2c.txt § 3, Liu2024 1.1, Aloui2022 1.3, Negra2019 1.6, Sammoud2024 1.3, 1.5, Rogers2020 1.1"
"2c.5";"A2 S1 · O2 · Umsetzung: Meldungen nach Status, Median";"Korpus und Fundstelle · § 5.1 „Umsetzung“ (Kern O2 in 5), „Objekt wieder aufrufen“ (Klammer am Satzende 22 · 7), § 3.1 · rechts: F17 § 3.2, Raster 5.1.6, Register 1f, 2g";"A2 S1 „Die 18 zugeteilten Spieler der Interventionsgruppe …“";"Korpusmuster: Umsetzung im Kern als Rate je Gruppe, für beide Gruppen oder als „alle“ („The training compliance rate was 95% for the two groups.“, Negra 2019 1.3), immer hoch (§ 3.1). Abgewandelt: Zählungen nach Status und ein Median je Spieler, ohne Kernvorbild. „median“ steht im Korpus nur in einem Objektsatz (Moran 1.2). Erweitert am nächsten sind Spanne und Mittel je Teilnehmer (Rogers 2.5, 2.7, Hilska 7.1), der Anteil vollständiger Durchführung (Veith 3.2) und gezählte verpasste Einheiten (Klusemann 1.3). Erstverweis Tab. H2 als Klammer am Satzende, im Kern stehen 12 von 26 Objekten zuerst in einer Klammer, 3 davon vor dem ersten Befund. Projektregel: Meldungen nach Status und Median mit Nenner (F17 § 3.2, Raster 5.1.6), Nenner die 18 Zugeteilten (Register 2g), Anhangsobjekt in der Klammer (Register 1f). Stil: zweite Aussage nach dem Komma (2b.47), „6,0 vollständige je Spieler“ als offene Begriffsbrücke (Register 10u).";"Korpus: abgewandelt · Fundstelle: erfüllt (2b.27)";"bausteine_2c.txt § 3, Negra2019 1.3, Moran2024 1.2, Rogers2020 2.5, 2.7, Hilska2021 7.1, Veith2021 3.2, Klusemann2012 1.3"
"2c.6";"A2 S2 · O2 · Umsetzungsrate";"Korpus und Fundstelle · § 5.1 „Umsetzung“ (Kern O2 in 5), § 3.1, § 6.4 · rechts: F17 § 3.2, Raster 5.1.6, Register 10s";"A2 S2 „Bei zwölf angebotenen Einheiten je Spieler …“";"Korpusmuster: Rate in Prozent wie Negra 2019 1.3, Lloyd 1.3 und Beato 2.1 (Raten in drei Kernstudien, § 3.1), hier mit der Bezugsgröße als Themenanker („Bei zwölf angebotenen Einheiten je Spieler“). Die Höhe hat kein Kernvorbild, im Kern berichten alle fünf hohe Werte. Eine Gruppe als niedrig stuft erweitert nur Rogers ein („notably poor“, 2.6), eine Schwelle niedriger Umsetzung je Spieler nennt Klusemann 1.5 („low compliance (<75%)“), A2 S2 ohne Etikett. Projektregel: Rate mit Nenner (F17 § 3.2, Raster 5.1.6), Anteil mit den teilweise durchgeführten ohne das Wort „Beteiligungsrate“ (Register 10s).";"Korpus: wie Muster · Fundstelle: erfüllt (2b.27)";"bausteine_2c.txt § 3, Negra2019 1.3, Lloyd2016 1.3, Beato2018 2.1, Rogers2020 2.6, Klusemann2012 1.5"
"2c.7";"A2 S3 · O2 · Umsetzung an den Schwellen sechs und neun";"Korpus und Fundstelle · § 5.1 „Umsetzung“ (Kern O2 in 5), „Objekt wieder aufrufen“ (Kern 11 von 14 Wiederaufrufen als Klammer), § 3.1 · rechts: F17 § 3.2, Raster 5.1.6, 5.1.11, Register 9c";"A2 S3 „Zehn Spieler erreichten mindestens sechs, drei …“";"Korpusmuster: Eine Schwelle der Umsetzung nennen im Kern Lloyd 1.3 („above the predetermined attendance threshold“) und Sammoud 1.1 („more than 85% of the training sessions“), beide für alle Teilnehmer über der Schwelle. Abgewandelt: Spielerzahlen an Schwellen hat nur die Erweiterung, für Spieler Klusemann 1.5 („Only 5 subjects from the video group completed all 12 sessions“), für Teams Hilska 7.2 und 7.4. A2 S3 nennt die Zahl der Spieler an zwei Schwellen, zwei Hauptsätze mit Komma, der zweite elliptisch (Komma-Ausnahme, 2b.47), am Satzende Wiederaufruf (Tab. H2) und Erstverweis (Tab. H5) in einer Klammer. Projektregel: Schwellen ≥ 6 und ≥ 9 (F17 § 3.2, Raster 5.1.6), Schwellenlandschaft mit Erstverweis Tab. H5 (Raster 5.1.11), Antragskriterium bei der Umsetzung, Ort bewusst anders nach Textvorschlag 5 (Register 9c, dazu 2b.31).";"Korpus: abgewandelt · Fundstelle: erfüllt (2b.27), Ort bewusst anders (2b.31)";"bausteine_2c.txt § 3, Lloyd2016 1.3, Sammoud2024 1.1, Klusemann2012 1.5, Hilska2021 7.2, 7.4"
"2c.8";"A2 S4 · O2 (Z1, V2) · Untergrenzen der Umsetzung";"Korpus und Fundstelle · § 5.1 „Umsetzung“ (Kern O2 in 5), § 3.6 („respectively“ in 8 Sätzen aus 5 Studien) · rechts: F17 § 3.2";"A2 S4 „Als Untergrenzen ergaben sich mit höchstens …“";"Korpusmuster: Baustein Umsetzung (Kern O2 in 5), abgewandelt zu Untergrenzen nach zwei Zählregeln, die weder der Kern noch die Erweiterung hat. Parallele Werte ordnet der Kern mit „respectively“ zu (8 Sätze in 5 Kernstudien, in Umsetzungssätzen Beato 2.1, erweitert Hilska 2.1 und Veith 3.4), mit „=“ (Lloyd 1.3) oder mit Bezeichnungen in der Klammer (Aloui 3.1, 4.1). Erweitert ordnet Klusemann über die Folge ohne Zuordnungswort zu, die Bezugsfolge steht dort im selben Satz („Both the supervised and video groups had small increases in the number of push-ups performed“, 4.1, dazu 2.3 und 2.5). A2 S4 ordnet „neun und zwei“ und „neun und einer“ ebenso über die Folge zu, die Bezugsfolge der Schwellen steht aber im vorigen Satz (A2 S3), dafür hat der Korpus kein Vorbild. Die Zählregeln stehen als Themenanker und Präpositionalgruppe im Satz (V2 sekundär). Projektregel: Untergrenzen wochengedeckelt und nach distinkten Nummern an den Schwellen ≥ 6 und ≥ 9, „in 5.1 als Sensitivität“ (F17 § 3.2), als Untergrenzen benannt (Textvorschlag 5 § 10 Nr. 18), Raten der Untergrenzen in Tab. H2 (Register 10p).";"Korpus: abgewandelt · Fundstelle: erfüllt (2b.27)";"bausteine_2c.txt § 3 und § 6, Beato2018 2.1, Lloyd2016 1.3, Aloui2022 3.1, 4.1, Klusemann2012 2.3, 2.5, 4.1"
"2c.9";"A3 S1 · O3 · Beanspruchung CR-10";"Korpus und Fundstelle · keine Zeile in § 5.1 · § 2.2 (O3 in 1), § 3.1, § 3.4 · Raster 5.1.7";"A3 S1 „Die Beanspruchung der 92 als vollständig …“";"Korpusmuster: § 5.1 hat keine Zeile. Im Kern einmal, als RPE je Gruppe mit Mittelwert und Streuung („The average RPE was 5.5 ± 0.99 and 5.50 ± 1 for CODJ-G and COD-G, respectively.“, Beato 2.2), Mittelwert ± SD steht im Kern „nur in Orientierungssätzen (Beato)“ (§ 3.4), erweitert ± auch in 15 Befundsätzen (Klusemann 12 als 90-%-Grenzen, Asimakidis 3). A3 S1 hat diese Bauform (Größe als Subjekt, M ± SD, Präteritum) für eine Gruppe, mit Median und Spanne in der Klammer, und folgt auf die Umsetzung wie Beato 2.2 auf 2.1. Projektregel: CR-10 der Interventionsgruppe mit n, M, SD, Median, Minimum und Maximum im Satz (Raster 5.1.7), „als vollständig gemeldet“ als Selbstauskunft (Textvorschlag 5 § 10 Nr. 3).";"Korpus: wie Muster · Fundstelle: erfüllt";"bausteine_2c.txt § 3 und § 5, Beato2018 2.1, 2.2"
"2c.10";"A3 S2 · O3 (V2) · Beanspruchung sRPE-Load";"Korpus und Fundstelle · keine Zeile in § 5.1 · § 2.2 (O3 in 1) · Raster 5.1.7, F17 § 10, Register 3f";"A3 S2 „Der mit der Solldauer berechnete sRPE-Load …“";"Korpusmuster: Bauform wie A3 S1 (Beato 2.2), dazu die Definition der Größe im Satz („Der mit der Solldauer berechnete …“, V2 sekundär), wie Lloyd 1.3 die Anwesenheit an eine vorab festgelegte Schwelle bindet (O2 mit V2). Einen Load berichtet der Korpus nicht. Projektregel: sRPE-Load mit denselben Kennwerten (Raster 5.1.7), Load-Sprachregelung („Der sRPE-Load ist CR-10 mal Solldauer.“, F17 § 10), Klickentscheidung vom 24.09. Nr. 3 (Register 3f).";"Korpus: wie Muster · Fundstelle: erfüllt";"bausteine_2c.txt § 3 und § 5, Beato2018 2.2, Lloyd2016 1.3"
"2c.11";"A3 S3 · Z2 (O2) · Meldungen mit Schmerzangabe je Status";"Korpus und Fundstelle · § 5.1 „Ereignisse, Gründe“ (Kern 0) · rechts: CONSORT 19, P10, Raster 5.1.8, Register 9d";"A3 S3 „Zwölf Meldungen von neun Spielern nannten …“";"Korpusmuster: Kern 0. Erweitert stehen Beschwerden nur als Grund von Ausfällen oder verpassten Einheiten („Having no partner (48.9%) and injury/soreness/sickness (44.7%) were reported as the main reasons for not fully completing the programme.“, Veith 3.3, dazu Klusemann 1.1, 1.3, 1.6, alle als Sekundärcode). A3 S3 zählt Meldungen und Spieler je Status, ohne Grund und ohne Kausalzuschreibung. Projektregel: Meldungen und Spieler je Status, ohne Kausalzuschreibung (CONSORT 19, P10), ohne Lokalisation (Register 9d). Der Status „ganz“ ergibt sich nur rechnerisch (2b.24), die Menge der neun Spieler steht nicht im Satz (2b.45, Schwere B).";"Korpus: nur erweitert · Fundstelle: teilweise (2b.45)";"bausteine_2c.txt § 3 und § 5, Veith2021 3.3, Klusemann2012 1.1, 1.3, 1.6"
"2c.12";"A3 S4 · Z2 · Kontrollgruppe ohne Instrument";"Korpus und Fundstelle · § 5.1 „Ereignisse, Gründe“ (Kern 0) · rechts: CONSORT 19, Raster 5.1.8, Register c8";"A3 S4 „Für die Kontrollgruppe wurden solche Angaben …“";"Korpusmuster: Funktion Z2 im Kern 0, erweitert nur als Sekundärcode (§ 5.1 mit Veith 3.3). Dass für eine Gruppe nichts erhoben wurde, sagt kein Satz der Anlage. Eine Lücke der Erhebung benennt nur Klusemann 1.4 (erweitert, O2: „The training logs did not reveal all causes for the lower compliance in the video group.“). Eine Erhebung je Gruppe berichtet erweitert nur Hilska: den Rücklauf des Instruments je Gruppe („96% and 95% in the intervention and control groups, respectively“, 2.1, am nächsten an A3 S4), die Exposition je Gruppe (1.2) und Begleitbedingungen der Kontrollgruppe am Schluss (8.1 bis 8.3, O3). A3 S4 beginnt mit der Gruppe als Themenanker. Projektregel: Kontrollgruppe ohne Erfassungsinstrument (CONSORT 19, Raster 5.1.8), wörtliche Doppelung in 6.1 A6 S4 vermieden (Register c8).";"Korpus: nur erweitert · Fundstelle: erfüllt (2b.24)";"bausteine_2c.txt § 3, Klusemann2012 1.4, Hilska2021 1.2, 2.1, 8.1 bis 8.3"
"2c.13";"A4 S1 · O5 · Messgüte post gegen SESOI";"Korpus und Fundstelle · § 5.1 „Messgüte“ (Kern O5 in 1), „Objekt wieder aufrufen“ · rechts: F17 § 11.3, Raster 5.1.9";"A4 S1 „Der typische Messfehler überstieg auch bei …“";"Korpusmuster: Messgüte im Kern einmal, als Urteil über alle Zielgrößen im Präsens nach einem Objektsatz in der Ort-Form („Reliability is summarized in Table 3.“, „ICC and CV, including 95% CI, show acceptable reliability for all variables.“, Aloui 1.1, 1.2), erweitert als Kennwert (Klusemann 4.6) oder Urteil über alle Tests (Padrón-Cabo 1.2). Eine kleinste bedeutsame Veränderung nennt erweitert Asimakidis 1.7 als eigenen Wert, den Messfehler legt kein Satz der Anlage gegen sie. A4 S1 trägt Urteil und Quantor wie Aloui 1.2, misst den Fehler gegen den SESOI (ohne Vorbild), steht im Präteritum (F17 § 10) und ruft Tab. 1 aus 4.4 als Klammer am Satzende auf. Projektregel: Messfehler gegen den SESOI, Kennwerte im Objekt (F17 § 11.3, Raster 5.1.9), „auch“ knüpft an 4.4 an („Der TE überstieg bei allen Zielgrößen den SESOI“).";"Korpus: abgewandelt · Fundstelle: erfüllt";"bausteine_2c.txt § 3, Aloui2022 1.1, 1.2, Klusemann2012 4.6, PadronCabo2025 1.2, Asimakidis2022 1.7"
"2c.14";"A4 S2 · O5 · Gültige Versuche je Gruppe";"Korpus und Fundstelle · § 5.1 „Messgüte“ (Kern O5 in 1), „Gegenbefund“ (Kern als Kontrast 5 · 5), § 3.5 · rechts: Raster 5.1.9, F17 § 5.1";"A4 S2 „Mehr gültige Versuche je Spieler hatte …“";"Korpusmuster: Baustein Messgüte (Kern O5 in 1, Aloui 1.2), abgewandelt zu gültigen Versuchen je Gruppe, die weder der Kern noch die Erweiterung berichtet (trials und attempts in der Anlage 0). Den Kontrast der Gruppen trägt der Satz im selben Satz ohne Konnektor, wie der Korpus Kontraste im selben Satz mit „whereas“, „while“ oder „but“ führt (Hammami 1.4, Liu 2.4, Bouafif 1.4, § 3.5). Projektregel: gültige Versuche je Gruppe und Zeitpunkt in einem Satz (Raster 5.1.9), Wiederaufruf Tab. H1 aus 4.4 in der Klammer. Die Folge Sprint, Sprung, Richtungswechsel folgt der Gruppe mit mehr Versuchen, nicht der festen Reihenfolge (F17 § 5.1, 2b.8).";"Korpus: abgewandelt · Fundstelle: teilweise (2b.8)";"bausteine_2c.txt § 3, Aloui2022 1.2, Hammami2016 1.4, Liu2024 2.4, Bouafif2026 1.4"
"2c.15";"A5 S1 · X1 · Tab. 3 einführen";"Korpus und Fundstelle · § 5.1 „Objekt einführen, Subjekt“ (Kern 5 · 3), „unadjustiert neben adjustiert“ (Kern 0) · rechts: Stilprofil Teil 4, CONSORT 18, P3, P4";"A5 S1 „Tab. 3 enthält für die konfirmatorischen …“";"Korpusmuster: Objekt als Subjekt im Präsens wie „Table 3 displays test data …“ (Negra 2019 1.4), der Befundteil setzt mit Objektsätzen ein wie bei Moran (1.1 bis 1.4, Sequenz 6). Projektregel: Erstverweis als Subjekt im Präsens (Stilprofil Teil 4), unadjustiert und adjustiert beide im Objekt (P4, CONSORT 18), g im Objekt (P3, Register 10c). Satzende auf einen Einzelbuchstaben („… sowie Hedges' g.“, 2b.46, Schwere C).";"Korpus: wie Muster · Fundstelle: erfüllt (2b.17, 2b.18, Register 1e)";"bausteine_2c.txt § 3, Negra2019 1.4, Moran2024 1.1 bis 1.4"
"2c.16";"A5 S2 · X1 (Z1) · Abb. 2 einführen";"Korpus und Fundstelle · § 5.1 „Objekt einführen, Subjekt“ (Kern 5 · 3), § 2.2 (Z1 sekundär) · rechts: Stilprofil Teil 4, Raster 5.2.8, Register 12a";"A5 S2 „Abb. 2 zeigt je Zielgröße Ausgangswert …“";"Korpusmuster: Objekt als Subjekt im Präsens wie „Fig 1 shows pre- and post-training measures for each participant …“ (Moran 1.1), dort wie hier mit einem Wert je Teilnehmer, bei Moran als Einzelwertdarstellung (Z1 sekundär wie Moran 1.1 bis 1.3 und Liu 2.5). Projektregel: Abb. 2 mit einem einführenden Satz (Raster 5.2.8), Modellgrafik, keine Einzelwertgrafik im Sinn von F17 § 11.6 (Register 10f, 12a).";"Korpus: wie Muster · Fundstelle: erfüllt (Register 1e, 12a)";"bausteine_2c.txt § 3, Moran2024 1.1, Liu2024 2.5"
"2c.17";"A5 S3 · B1 · Richtung unadjustiert gegen adjustiert";"Korpus und Fundstelle · § 5.1 „unadjustiert neben adjustiert“ (Kern 0), „Wechselwirkung mit Richtung“ (Kern 4 Studien mit Wechselwirkung), „Sammelbefund“ (Kern B4 in 6), § 3.3 · rechts: CONSORT 18, F17 § 11.2b, K8, Raster 5.2.2";"A5 S3 „Alle unadjustierten Differenzen lagen zugunsten der …“";"Korpusmuster: Unadjustiert neben adjustiert hat der Kern nicht, erweitert Hilska 3.3 mit beiden Schätzern in einer Klammer („unadjusted IRR, 0.81 [95% CI, 0.63-1.03]“). Die Richtung tragen im Kern Richtungsformeln („with the EG improving more than CG“, Aloui 3.1, „favored the LPJT group“, Negra 2019 2.6, 9 Sätze in 5 Studien, Anlage), A5 S3 „zugunsten der Interventionsgruppe“ und „weiter von null entfernt als“. Der Quantor am Satzanfang macht den Satz nach dem Codebuch nicht zum Sammelbefund (B1, nach dem Hinweis H2 B4, das zählt nicht), als Blockbeginn hat ein Quantor über Einzelbefunde im Kern nur Hammami 1.3. Projektregel: beide Schätzer im Objekt, im Satz die Richtung beider (CONSORT 18), die adjustierte über das Vorzeichen bei genannter Subtraktionsrichtung (2b.39), Richtung als „zugunsten der IG“ (F17 § 11.2b), Quantor gilt für alle Zielgrößen der Aussage (K8). Stellung vor dem Modellergebnis ohne Entscheidung (2b.6), zweite Angabe mit „und“ (2b.47).";"Korpus: nur erweitert · Fundstelle: erfüllt (2b.18)";"bausteine_2c.txt § 3 und § 6, Hilska2021 3.3, Aloui2022 3.1, Negra2019 2.6, Hammami2016 1.3"
"2c.18";"A5 S4 · B1 · Adjustierte Differenz 30-m-Sprint";"Korpus und Fundstelle · § 5.1 „Gruppenvergleich im Post-Wert“ (Kern 2 Studien), „Intervall im Satz“ (Kern 1), „Analyse als Subjekt“ (Kern 9 · 5) · rechts: P3, P5, CONSORT 18, F17 § 5.3, Zeile 16";"A5 S4 „Adjustiert für Ausgangswert und Reifestatus betrug …“";"Korpusmuster: Den Gruppenvergleich im Post-Wert nennen im Kern Sammoud und Bouafif, Sammoud alle Zielgrößen in einem Satz mit p und d, ohne Schätzer und Intervall und mit Größenklasse („A significant large between-group difference at post-test was observed for CMJ height“, 2.1). Abgewandelt: Rohdifferenz mit 95-%-Intervall und p. Eine Rohdifferenz zwischen den Gruppen mit Einheit und p, ohne Intervall, hat im Kern Liu („mean difference: 0.031s“, 4.3, dazu 2.3 und 3.3), ein Intervall im Befundsatz steht im Kern nur bei Beato 4.1 (90-%-Grenzen einer standardisierten Effektstärke), das nächste Vorbild für eine Rohdifferenz mit 95-%-Intervall und p ist erweitert Veith 2.5 („(1.6 kg, CI 0.1 to 3.2, p = 0.036)“, wachstumsadjustiertes Modell). Das Verfahren steht als Partizip am Satzanfang („Adjustiert für …“), nicht als Subjekt wie „the ANCOVA analysis indicated …“ (Sammoud 3.1). Projektregel: adjustierte Differenz mit Richtung, 95-%-KI und p, g im Objekt, ohne „signifikant“ und ohne Größenklasse (P3, P5), das Verfahren nur zur Unterscheidung der Schätzer (CONSORT 18), Spanne mit „bis“ (F17 § 5.3), keine Teststatistik (Zeile 16). Den Fall je Zielgröße im Block bewertet 2c.34 (2b.9).";"Korpus: abgewandelt · Fundstelle: erfüllt (2b.17, 2b.19)";"bausteine_2c.txt § 3, Sammoud2024 2.1, 3.1, Liu2024 2.3, 3.3, 4.3, Beato2018 4.1, Veith2021 2.5"
"2c.19";"A5 S5 · B1 · Adjustierte Differenzen 505 und Standweitsprung";"Korpus und Fundstelle · § 5.1 „Themenanker“ (Kern 14 · 6, als Blockbeginn 5 von 38), „Gruppenvergleich im Post-Wert“, „Intervall im Satz“ · rechts: F17 § 5a, Plan § 3 Task 11, Stilprofil Teil 7, P3";"A5 S5 „Beim 505-Seitenmittel betrug sie −0,012 s …“";"Korpusmuster: Themenanker am Blockbeginn wie „Regarding the asymmetry scores, the ANCOVA analysis indicated …“ (Sammoud 3.1), das zweite Glied „beim Standweitsprung“ elliptisch im selben Satz. Zwei Tests in einem Satz wie Sammoud 2.1 (alle, Post-Wert) und Aloui 4.1 (zwei Tests als Wechselwirkung). Abgewandelt wie A5 S4: Rohdifferenz mit Intervall und p ohne Kernvorbild (2c.18). Projektregel: Folge der Zielgrößen erfüllt (F17 § 5a, Plan § 3 Task 11), den Fall je Zielgröße im Block bewertet 2c.34 (2b.9). Je Zielgröße derselbe Satzkern mit „betrug“ und einer Klammer aus Intervall und p (Stilprofil Teil 7: „Kap. 5: je Zielgröße derselbe Satzbau“), zwei Hauptsätze mit Komma (Komma-Ausnahme, 2b.47).";"Korpus: abgewandelt · Fundstelle: erfüllt (2b.17, 2b.19)";"bausteine_2c.txt § 3, Sammoud2024 2.1, 3.1, Aloui2022 4.1"
"2c.20";"A5 S6 · B1 · Nullbefund";"Korpus und Fundstelle · § 5.1 „Nullbefund“ (Kern 9 Studien), „Sammelbefund“ (Kern B4 in 6), § 3.5 · rechts: F17 § 10, § 11.2b, P6, Umfangsdokument § 5.1, K8";"A5 S6 „Bei keiner Zielgröße war damit ein …“";"Korpusmuster: Nullbefunde ausdrücklich in 9 von 10, als fehlende Signifikanz („No significant changes of RSSA performance were seen (Table 5).“, Hammami 1.5), fehlender Unterschied („No differences were found in the improvements between experimental groups“, Negra 2020 1.5) oder Größenklasse („trivial between-group differences“, Negra 2019 2.8). Abgewandelt: A5 S6 nennt den fehlenden Nachweis, diese Form hat der Kern nicht, erweitert am nächsten „No clear changes were found …“ (Klusemann 4.4, Veränderung je Gruppe). Den Quantor über die Tests trägt im Kern Hammami 1.3 als Einzelbefund („None of the 3 agility tests showed any significant gains for the experimental group“), nach dem Codebuch ist A5 S6 ebenso kein Sammelbefund (B1). Projektregel: „kein Gruppenunterschied nachweisbar“ mit Schätzer, Intervall und Fall (F17 § 10, P6), erster Satz der Musterformulierung C1 („Ein Gruppenunterschied ist nicht nachweisbar.“, Umfangsdokument § 5.1) im Präteritum mit Quantor. Der Quantor bindet nur über „damit“ an die drei geprüften Zielgrößen (2b.11).";"Korpus: abgewandelt · Fundstelle: erfüllt (2b.20)";"bausteine_2c.txt § 3, Hammami2016 1.3, 1.5, Negra2020 1.5, Negra2019 2.8, Klusemann2012 4.4"
"2c.21";"A5 S7 · B1 · Intervall gegen den SESOI (Fall C1)";"Korpus und Fundstelle · § 3.4, § 3.5, § 6.4 · Umfangsdokument § 5.1, F17 § 11.2b, Register 3c";"A5 S7 „Jedes Intervall war mit relevanten Unterschieden …“";"Korpusmuster: Kern 0. Ein Intervall gegen Relevanzschwellen in beide Richtungen liest erweitert Klusemann über die qualitative Inferenz (Schätzer ± 90-%-Grenzen, „mean ± 90% confidence limits“, 2.2), am Gruppenvergleich mit dem Urteil in der Klammer („but with little difference compared with the video group“, 3.3, darauf „unclear“). Dass „unclear“ dort ein Intervall über beide Relevanzschwellen bezeichnet, steht nicht in der Anlage und ist an der Methodik zu bestätigen (2 d). Im Kern liest Beato eine Effektstärke mit 90-%-Grenzen gegen Schwellen in beide Richtungen („with chances for beneficial, trivial, detrimental performance of 71/27/2%“, 4.1), dort bei einem Befund mit Unterschied. Befund § 3.5 („Keine Studie liest einen Nullbefund über ein Intervall oder gegen eine Relevanzschwelle.“) und § 6.4 sind in 2 (d) nachzuzählen. Projektregel: Fall C1 nach der Musterformulierung („Das Intervall ist mit relevanten Effekten in beide Richtungen vereinbar.“, Umfangsdokument § 5.1), abgewandelt im Präteritum, mit Quantor über die drei Intervalle und „Unterschieden“ statt „Effekten“ (Wortliste Plan § 3 Task 11, 2b.19).";"Korpus: nur erweitert · Fundstelle: erfüllt (2b.19)";"bausteine_2c.txt § 3 und § 5, Klusemann2012 2.2, 3.3, Beato2018 4.1"
"2c.22";"A5 S8 · B1 · Fall der Schlusslogik";"Korpus und Fundstelle · § 3.5, § 6.4 · Umfangsdokument § 5.1, Register 3c, 6i";"A5 S8 „Die Befunde waren unschlüssig.“";"Korpusmuster: Kern 0. Erweitert urteilt Klusemann über Gruppenunterschiede mit „unclear“, den Vergleich als Subjekt und mit Kopula wie A5 S8 („Differences between the supervised and video groups were trivial or unclear in vertical jump, sit and reach, and 20-m sprint performance.“, 2.7, dazu 4.3). Projektregel: dritter Satz der Musterformulierung C1 („Der Befund ist unschlüssig.“, Umfangsdokument § 5.1), im Präteritum und im Plural für drei Zielgrößen, „waren“ statt „blieben“ (Textvorschlag 5 § 10 Nr. 17), der Fall statt einer Größenklasse (Register 6i).";"Korpus: nur erweitert · Fundstelle: erfüllt (2b.19)";"bausteine_2c.txt § 3 und § 5, Klusemann2012 2.7, 4.3"
"2c.23";"A5 S9 · B1 · Entscheidungsregel";"Korpus und Fundstelle · § 3.7 · rechts: 4.7 A3 S8, Register 4a, 6f, Textvorschlag 5 § 7.2";"A5 S9 „Keine adjustierte Differenz zeigte mit p …“";"Korpusmuster: Kern 0, erweitert 0. Eine Regel für die Entscheidung über eine Hypothese nennt kein Ergebnisteil („Entscheidung über eine Hypothese 0“, § 3.7, „hypothes…“ kommt in der Anlage nicht vor), Regeln mit Entscheidung stehen nur als Analyseregeln mit V2 (Rogers 1.9, Veith 2.3). Die Bauform gleicht dem Einzelbefund mit Quantor über die Tests („None of the 3 agility tests showed any significant gains for the experimental group“, Hammami 1.3). Projektregel: Entscheidungsregel an der adjustierten Differenz in der Sprache von 4.7 („H0 gilt als verworfen, wenn mindestens eine davon einen Vorteil der Interventionsgruppe mit p < 0,05 (zweiseitig) zeigt“, 4.7 A3 S8, Register 4a, 6f), Satzende ohne Ziffer (Textvorschlag 5 § 7.2).";"Korpus: kein Muster · Fundstelle: erfüllt (2b.21)";"bausteine_2c.txt § 3, Hammami2016 1.3, Rogers2020 1.9, Veith2021 2.3"
"2c.24";"A5 S10 · B4 (B1) · Entscheidung über H0";"Korpus und Fundstelle · § 5.1 „Sammelbefund“ (Kern B4 in 6), § 2.1, § 3.7 · rechts: P7, Register 4a, 6k";"A5 S10 „Die Nullhypothese wurde nicht verworfen.“";"Korpusmuster: B4 steht im Kern nur als Sammelbefund mit Quantor („Irrespective of maturation, none of the control groups made any significant changes in performance“, Lloyd 1.2), eine Entscheidung über eine Hypothese trifft kein Ergebnisteil („Kein Ergebnisteil endet mit einem Resümee, keiner entscheidet über eine Hypothese.“, § 0 Nr. 4). Projektregel: Entscheidung über H0 im Ergebnisteil (P7, F17 § 11.2b, Umfangsdokument § 5.1, Textvorschlag 4.7 § 7), weder „Studienprotokoll“ noch „Ethikantrag“ im Kapitel (Register 6k).";"Korpus: kein Muster · Fundstelle: erfüllt (2b.21)";"bausteine_2c.txt § 3, Lloyd2016 1.2"
"2c.25";"A5 S11 · V2 · Deskriptive Zielgrößen";"Korpus und Fundstelle · keine Zeile in § 5.1 für V2 · § 2.2 (V2 Kern 2, tragend 0), „Objekt wieder aufrufen“ (Kern 11 von 14 Wiederaufrufen als Klammer) · rechts: Raster 5.2.5, Stilprofil Teil 4";"A5 S11 „Die 5- und 10-m-Sprintzeiten und die …“";"Korpusmuster: V2 steht im Kern nur als Sekundärcode (Lloyd 1.3, Sammoud 1.1), erweitert als eigener Satz vorn (Rogers 1.2, 1.9) oder im Befundteil mit Grund („The number of injuries was too small for analyzing each severity group separately.“, Hilska 6.1, dazu Veith 2.3), nie nach dem letzten Befund (2b.28). A5 S11 nennt die Behandlung ohne Grund, der Grund steht in 4.7 (die 505-Seitenwerte „laut Studienprotokoll“, die Sprintzeiten als „alle Teilmengen unter acht Spielern je Gruppe“, 4.7 A1 S5). Wiederaufruf Tab. H3 als Klammer am Satzende wie im Kern. Projektregel: deskriptive Zielgrößen in einem Satz ohne p und Effektstärke (Raster 5.2.5: „ein Satz im Text. Ohne p und ohne Effektstärke, Grund in 4.7“), danach höchstens die Klammer am Satzende (Stilprofil Teil 4).";"Korpus: nur erweitert · Fundstelle: erfüllt (2b.28)";"bausteine_2c.txt § 3 und § 5, Hilska2021 6.1, Rogers2020 1.2, 1.9, Veith2021 2.3"
"2c.26";"A6 S1 · V1 · Verworfene Normalverteilung 30-m-Sprint";"Korpus und Fundstelle · § 5.1 „Datenprüfung“ (Kern 0), „Themenanker“ (Kern 14 · 6), „Analyse als Subjekt“ (Kern 9 · 5) · rechts: P8 (R2), F17 § 11.9, Raster 5.2.3, Zeile 16";"A6 S1 „Beim 30-m-Sprint verwarf der Shapiro-Wilk-Test die …“";"Korpusmuster: Datenprüfung im Kern 0, erweitert als erster Satz des Ergebnisteils mit Sammelurteil („A normal distribution was observed for all data (p > 0.05).“, Asimakidis 1.1) oder mit der Ausnahme im selben Satz („All data except age were normally distributed.“, Veith 1.1). Ein einzelnes Prüfergebnis mit p im Befundteil hat erweitert Veith 2.3 („ROG impacted upon the statistical model assessing EH-S (p = 0.016)“, V2 mit V1). A6 S1 nennt die verworfene Prüfung mit Prüfgröße und p in eigenem Satz, in der Bauform der Kernbausteine Themenanker und Analyse als Subjekt („Regarding the asymmetry scores, the ANCOVA analysis indicated …“, Sammoud 3.1). Die Projektregel zur Analyse als Subjekt („das Verfahren nur, wo es den Schätzer unterscheidet“) gilt für Befundsätze, nicht für eine Datenprüfung. Projektregel: verworfene Prüfung mit Prüfgröße und p (P8, R2, O7, Raster 5.2.3), ein Satz zur verworfenen Prüfung (Zeile 16), Stellung nach dem Gruppenvergleich nach Plan (2b.28). Die übrigen Prüfungen folgen in A6 S3 (2b.22).";"Korpus: nur erweitert · Fundstelle: erfüllt";"bausteine_2c.txt § 3, Asimakidis2022 1.1, Veith2021 1.1, 2.3, Sammoud2024 3.1"
"2c.27";"A6 S2 · Z1 (B1) · Bootstrap-Intervall";"Korpus und Fundstelle · keine Zeile in § 5.1 für Z1 · § 2.2 (Z1 Kern 2, tragend 0), § 3.7, „Intervall im Satz“ (Kern 1) · rechts: P8 (R2), Raster 5.2.4, Register 6a, 6b, c4";"A6 S2 „Das nachträglich festgelegte Bootstrap-Konfidenzintervall der adjustierten …“";"Korpusmuster: Z1 steht im Kern nur sekundär in Objektsätzen zu Einzelwerten (Moran 1.1 bis 1.3, Liu 2.5), Sensitivitätsanalysen berichtet kein Kern-Ergebnisteil („Sensitivitätsanalysen 0“, § 3.7), erweitert stehen Zusatzanalysen vorn als Objektsatz (Rogers 1.3, 1.8), im Befundteil (Hilska 4.2, Rogers 2.1, 2.3, 2.4) oder danach (Asimakidis 1.6). Die Form des Intervalls (Spanne mit Einheit, „von … bis“) entspricht erweitert Veith 2.5 („CI 0.1 to 3.2“). Projektregel: Bootstrap-KI neben der verworfenen Prüfung in genau einem Satz, als nachträglich festgelegt gekennzeichnet (P8, R2, Raster 5.2.4, Register 6a, c4), streichbar nur mit dem Streichpaket aus acht Punkten (Register 6b, Textvorschlag 4.7 § 7). Satzende auf einen Einzelbuchstaben („… bis +0,107 s.“, 2b.46, Schwere C).";"Korpus: nur erweitert · Fundstelle: erfüllt";"bausteine_2c.txt § 3 und § 5, Moran2024 1.1, Liu2024 2.5, Rogers2020 1.3, 1.8, Veith2021 2.5"
"2c.28";"A6 S3 · V1 · Übrige Voraussetzungen";"Korpus und Fundstelle · § 5.1 „Datenprüfung“ (Kern 0), „Sammelbefund mit Ausnahme“ (Kern in Sammelbefunden 3 · 2) · rechts: P8, F17 § 11.9, Register 6g";"A6 S3 „Die übrigen mit Tests geprüften Voraussetzungen …“";"Korpusmuster: Datenprüfung im Kern 0, erweitert Asimakidis 1.1 (Sammelurteil über alle Daten). Die Bauform „Die übrigen … wurden nicht verworfen (Tab. H4)“ gleicht den Kern-Sammelbefunden über die übrigen Tests („For the remaining tests (ICoD, 10-m, 20-m, and CMJ), trivial between-group differences were demonstrated (Table 4).“, Negra 2019 2.8, „All the other tests did not report any substantial variation between groups after the protocol.“, Beato 4.2), die dort Befunde sind (B4) und wie A6 S3 auf A6 S1 dem Einzelbefund in eigenem Satz folgen (Negra 2019 2.6, 2.7, Beato 4.1). Bei der Datenprüfung nennt nur Veith 1.1 eine Ausnahme, mit „except“ im selben Satz. Projektregel: übrige „geprüft und nicht verworfen“ (F17 § 11.9, P8, Register 6g), sinngleich, nicht wörtlich (2b.22, Schwere C), „mit Tests“ grenzt die grafisch geprüfte Linearität aus (Textvorschlag 5 § 3), Wiederaufruf Tab. H4 aus 4.7.";"Korpus: nur erweitert · Fundstelle: teilweise (2b.22)";"bausteine_2c.txt § 3, Asimakidis2022 1.1, Negra2019 2.6 bis 2.8, Beato2018 4.1, 4.2, Veith2021 1.1"
"2c.29";"A6 S4 · Z1 (B1, V2) · Sammelsatz Per-Protokoll und Sensitivität";"Korpus und Fundstelle · keine Zeile in § 5.1 für Z1 · § 2.1 (Schluss), § 3.7, „Sammelbefund“ (Bauform) · rechts: P9 (R1, R4), Stilprofil Teil 3, Register 10h, 10t, c4";"A6 S4 „Soweit die Fallzahl eine Inferenz zuließ, …“";"Korpusmuster: Kern 0, Sensitivitäts- und Per-Protokoll-Analysen berichtet kein Kern-Ergebnisteil, keiner endet mit einem Z-Satz (2b.13), erweitert nennt Hilska Unteranalysen im Befundteil („Significant reductions in the incidence rates were also seen in the subanalyses of acute noncontact injuries“, 4.2). Die Bauform, eine vorangestellte Einschränkung mit verneintem Quantor, gleicht Lloyd 1.2 („Irrespective of maturation, none of the control groups made any significant changes in performance“), dort ein Sammelbefund (B4). A6 S4 ist nach dem Codebuch Z1 und zählt nicht als Sammelbefund. Klammer am Satzende im letzten Satz wie 5 von 10 Kernstudien. Projektregel: Sensitivität und Per-Protokoll in einem Sammelsatz (P9, R1) in der Zählung von 4.7 (Register 10t), Inferenz nur, soweit die Fallzahl reicht (R4), Per-Protokoll als beobachtend (Register c4). Gegen Stilprofil Teil 3 steht die Bedingung als Nebensatz vorn und „und keine davon …“ hängt eine zweite Aussage an (2b.47).";"Korpus: nur erweitert · Fundstelle: erfüllt (2b.23)";"bausteine_2c.txt § 3, Hilska2021 4.2, Lloyd2016 1.2"
"2c.30";"Zugfolge A1 gegen Sequenz 1";"Korpus und Fundstelle · § 5.2 Sequenz 1 (Negra 2019, Absatz 1), § 3.1 · Plan § 3 Task 11, F17 § 5a";"A1 (X1 O1 X1 O4)";"Sequenz 1: Fluss → Ausfall mit Grund → Umsetzung → Objekt → Merkmale → Zielgrößen (O1 O1 O2 X1 O4 O4). A1: Objekt (Abb. 1) → Fluss → Objekt (Tab. 2, Tab. H3) → Ausgangslage (X1 O1 X1 O4). Gemeinsam ist die Folge Fluss → Objekt → Ausgangslage, das Objekt vor dem Ausgangsvergleich wie Negra 2019 1.4 vor 1.5 und 1.6. Anders: Ein Objektsatz zum Flussdiagramm eröffnet (im Kern ohne Vorbild), der Ausfall mit Grund steht in Abb. 1 (KF17), die Stichprobenmerkmale stehen in 4.2 (Register 5b), die Umsetzung folgt erst in A2. „Eine feste Folge innerhalb der Orientierung zeigt der Korpus nicht.“ (§ 3.1). Projektseite: Folge nach Plan § 3 Task 11, gegen F17 § 5a bewusst anders und gedeckt (2b.42).";"Korpus: abgewandelt · Fundstelle: bewusst anders (2b.42)";"bausteine_2c.txt § 2, Negra2019 1.1 bis 1.6"
"2c.31";"Zugfolge A2 (Umsetzung)";"Korpus und Fundstelle · § 5.2 (keine Sequenz zur Umsetzung), § 3.1 („Umsetzung im Setting“) · F17 § 3.2, Raster 5.1.6";"A2 (O2 O2 O2 O2)";"Keine der sechs Sequenzen hat eine mehrsätzige Umsetzung, Sequenz 1 trägt sie in einem Satz (Negra 2019 1.3). Mehrsätzig berichten nur die Settingstudien: Klusemann 1.2 bis 1.6 (Rate je Gruppe → verpasste Einheiten mit Grund → unbekannte Gründe → Spieler an Schwellen mit Ausschluss → Krankheit), Rogers 2.5 bis 2.7 (Spanne und Mittel → Einstufung → Spanne und Mittel), Hilska 7.1 bis 7.5, Veith 3.2 bis 3.5. A2: Status und Median → Rate → Spieler an Schwellen → Untergrenzen (O2 O2 O2 O2), die Folge Rate → Schwelle wie Klusemann 1.2 → 1.5, ohne Gründe. Projektseite: Inhalt nach F17 § 3.2 und Raster 5.1.6, Umfang wie die Settingstudien (2b.27).";"Korpus: nur erweitert · Fundstelle: erfüllt (2b.27)";"bausteine_2c.txt § 2, Klusemann2012 1.2 bis 1.6, Rogers2020 2.5 bis 2.7"
"2c.32";"Zugfolge A3 (Beanspruchung, Schäden)";"Korpus und Fundstelle · § 5.2 (keine Sequenz), § 2.1 (Beato), § 3.1 · Raster 5.1.7, 5.1.8, Plan § 3 Task 11, F17 § 5a";"A3 (O3 O3 Z2 Z2)";"Keine Sequenz in § 5.2. Die Folge Umsetzung → Beanspruchung (A2 → A3 S1) hat im Kern Beato (2.1 Compliance → 2.2 RPE, Zugfolge O4 O2 O3 … in § 2.1). Schäden nach der Beanspruchung (Z2) haben kein Kernvorbild, erweitert stehen sie bei der Umsetzung (Klusemann 1.3, 1.6, Veith 3.3), Z2 im Rahmen ist gegen K1 bewusst anders (2b.2). Projektseite: Beanspruchung und unerwünschte Ereignisse im Orientierungszug erfüllt (Raster 5.1.7, 5.1.8, Plan § 3 Task 11), die Folge des Orientierungszugs gegen F17 § 5a bewusst anders und gedeckt (2b.42).";"Korpus: abgewandelt · Fundstelle: bewusst anders (2b.42)";"bausteine_2c.txt § 2, Beato2018 2.1, 2.2, Klusemann2012 1.3, 1.6, Veith2021 3.3"
"2c.33";"Zugfolge A4 (Messgüte)";"Korpus und Fundstelle · § 5.2 (keine Sequenz), § 3.1 · Raster 5.1.9, Plan § 3 Task 11";"A4 (O5 O5)";"Keine Sequenz in § 5.2. Messgüte steht im Kern einmal, am Anfang (Aloui 1.1 Objektsatz → 1.2 Urteil), erweitert am Anfang (Padrón-Cabo 1.1 → 1.2, Objektsatz → Urteil, dazu Rogers 1.1 mit dem Ausgangsunterschied gegen die SWC) oder am Schluss (Klusemann 4.6, Asimakidis 1.7). A4 steht am Ende der Orientierung vor den Befunden, ohne eigenen Objektsatz, weil Tab. 1 aus 4.4 eingeführt ist. Eine Folge innerhalb der Orientierung gibt der Korpus nicht vor (§ 3.1). Projektseite: TE post vor den gültigen Versuchen, der Plan nennt „unerwünschte Ereignisse, gültige Versuche und TE post“, Teil der gedeckten Folge des Orientierungszugs (2b.42).";"Korpus: abgewandelt · Fundstelle: bewusst anders (2b.42)";"bausteine_2c.txt § 2, Aloui2022 1.1, 1.2, PadronCabo2025 1.1, 1.2, Rogers2020 1.1"
"2c.34";"Zugfolge A5 gegen die Sequenzen 2 bis 6";"Korpus und Fundstelle · § 5.2 Sequenz 2 (Sammoud), 4 (Aloui), 6 (Moran), 3 und 5 · § 6.4, § 7 Nr. 7 · P2, P3, P12, Plan § 3 Task 11, Register 7a";"A5 (X1 X1 B1 B1 B1 B1 B1 B1 B1 B4 V2)";"Sequenz 6 (Objekte zuerst, Befunde kurz): Wie dort führen Objektsätze den Befundteil ein (hier zwei, Moran vier), die Befundsätze folgen ohne Objektsatz (Moran mit einer Klammer in 1.5). Sequenz 2 (a priori geplante ANCOVA): Sammoud stellt den Gruppenvergleich im Post-Wert über alle Zielgrößen in einen Satz (2.1, 49 Wörter, p und d), dann die Veränderungen je Gruppe (2.2, 2.3, nach P2 ausgeschlossen), dann die nächste Zielgröße mit Themenanker (3.1). Ohne die B2-Sätze bleibt die Folge Post-Wert-Vergleich → Themenanker, A5 S4 und S5 folgen ihr mit einem Satz für den 30-m-Sprint und einem für 505 und Standweitsprung, mit Intervall statt d (P3, P12 mit höchstens 32 Wörtern). Vor ihnen steht A5 S3 (unadjustiert, in der Sequenz ohne Vorbild), danach die Schlusslogik (A5 S6 bis S10) und A5 S11 ohne Sequenz. Sequenz 4 (ein Satz je Zielgröße, eigener Absatz mit Unterüberschrift) trifft nur A5 S4 und ohne Absatz (Register 7a). Die Sequenzen 3 und 5 beruhen auf Veränderungen je Gruppe (P2), sie sind nicht übertragbar. Nächstes Vorbild für A5 ist nach der Funktion Sequenz 2 (§ 7 Nr. 7, Post-Wert-Vergleich zuerst). Nach der Codefolge lägen die Sequenzen 3 und 4 vorn (gemeinsame Teilfolge je 6 gegen 2), ihre gleichförmigen B1-Folgen beruhen aber auf Veränderungen je Gruppe oder tragen nur einen Satz je Zielgröße. Projektseite: P2, P3 und P12 erfüllt, der Fall steht einmal für alle drei Zielgrößen statt je Zielgröße im Block (2b.9), Abb. 2 vor den Befunden, Tab. 3 vor Abb. 2 und A5 S11 vor der Absicherung sind nach Textvorschlag 5 bewusst anders (2b.31).";"Korpus: abgewandelt · Fundstelle: teilweise (2b.9), bewusst anders bei Abb. 2, Objektfolge und A5 S11 (2b.31)";"bausteine_2c.txt § 2, Sammoud2024 2.1 bis 3.2, Moran2024 1.1 bis 1.9, Aloui2022 2.1 bis 6.2"
"2c.35";"Zugfolge A6 (Absicherung)";"Korpus und Fundstelle · § 5.2 (keine Sequenz), § 3.1, § 3.5, § 3.7, § 6.4 · Plan § 3 Task 11, Textvorschlag 5 § 2, Raster § 3.13";"A6 (V1 Z1 V1 Z1)";"Keine Sequenz in § 5.2 und keine Stellungsregel (§ 6.4). Der Kern berichtet weder Datenprüfung noch Sensitivität (§ 3.7), erweitert steht die Datenprüfung als erster Satz (Veith 1.1, Asimakidis 1.1) oder als Analyseregel im Befundteil (Hilska 6.1, Veith 2.3), Zusatzanalysen stehen vorn als Objektsatz (Rogers 1.3, 1.8), im Befundteil (Hilska 4.2, Rogers 2.1) oder danach (Asimakidis 1.6). A6: verworfene Prüfung → Bootstrap → übrige Prüfungen → Sammelsatz (V1 Z1 V1 Z1). Die Ausnahme steht vor den übrigen wie bei Befunden im Kern (Beato 4.1 → 4.2, Negra 2019 2.6, 2.7 → 2.8), die umgekehrte Folge hat Lloyd 4.2 → 4.3, Veith 1.1 nennt die Ausnahme mit „except“ im selben Satz. Projektseite: Stellung nach Plan § 3 Task 11 und Textvorschlag 5 erfüllt (2b.28). Schluss mit dem Z1-Satz A6 S4, nach dem Codebuch kein Befundsatz, damit gegen Raster § 3.13 („Schluss = letzter Befundsatz mit Objektverweis“) teilweise, Textvorschlag 5 und Registerprüfung 10g lesen A6 S4 als Befundsatz (2b.13).";"Korpus: nur erweitert · Fundstelle: teilweise (Raster § 3.13 nach dem Codebuch), Stellung erfüllt (2b.28)";"bausteine_2c.txt § 2, Veith2021 1.1, 2.3, Asimakidis2022 1.1, 1.6, Hilska2021 4.2, 6.1, Rogers2020 1.3, 1.8, 2.1, Beato2018 4.1, 4.2, Negra2019 2.6 bis 2.8, Lloyd2016 4.2, 4.3"
"2c.36";"Funktion ohne Muster: V1 Datenprüfung";"Korpus und Fundstelle · § 5.1 „Datenprüfung“ (Kern 0), § 2.2, § 3.1 · P8, F17 § 11.9, Zeile 16";"A6 S1, S3";"A6 S1 und A6 S3. Kern 0 als Primär- und Sekundärcode, erweitert in 3 Studien (Veith 1.1 und Asimakidis 1.1 primär, Hilska 6.1 und Veith 2.3 sekundär), jeweils am Anfang oder im Befundteil. In Kapitel 5 zwei Sätze nach den Befunden. Projektform: verworfene Prüfung mit Prüfgröße und p, übrige „geprüft und nicht verworfen“ (P8, F17 § 11.9, R2, O7), ein Satz zur verworfenen und ein Sammelsatz zu den übrigen (Zeile 16).";"Korpus: nur erweitert · Fundstelle: teilweise (2b.22)";"bausteine_2c.txt § 5"
"2c.37";"Funktion ohne Muster: V2 Analyseregel";"Korpus und Fundstelle · keine Zeile in § 5.1 · § 2.2 (V2 Kern 2, tragend 0, erweitert 4) · Raster 5.2.5, F17 § 3.2, § 10, R4";"A5 S11, sekundär A2 S4, A3 S2, A6 S4";"A5 S11 primär, A2 S4, A3 S2 und A6 S4 sekundär. Kern primär 0, sekundär 2 Studien (Lloyd 1.3, Sammoud 1.1), erweitert primär 4 Sätze in 3 Studien (Rogers 1.2, 1.9, Hilska 6.1, Veith 2.3), im Korpus nie nach dem letzten Befund (2b.28), in Kapitel 5 A5 S11 nach der Entscheidung über H0. Projektform: Raster 5.2.5 (A5 S11), Zählregeln der Untergrenzen nach F17 § 3.2 (A2 S4), Load-Sprachregelung F17 § 10 (A3 S2), R4 (A6 S4).";"Korpus: nur erweitert · Fundstelle: erfüllt (2b.28)";"bausteine_2c.txt § 5"
"2c.38";"Funktion ohne Muster: Z1 Zusatz- und Sensitivitätsanalysen";"Korpus und Fundstelle · keine Zeile in § 5.1 · § 2.2 (Z1 Kern 2, tragend 0, erweitert 3), § 3.7 · P8, P9, F17 § 3.2, § 11.6";"A6 S2, S4, sekundär A2 S4, A5 S2";"A6 S2 und A6 S4 primär, A2 S4 und A5 S2 sekundär. Kern primär 0, sekundär 2 Studien (Moran 1.1 bis 1.3, Liu 2.5, Objektsätze zu Einzelwerten), keine Sensitivitätsanalyse im Kern (§ 3.7). Erweitert primär Asimakidis 1.6 (individuelle Antworten nach den Befunden), sekundär Hilska 4.2 (Unteranalysen im Befundteil) und Rogers 1.3, 1.8, 2.1, 2.3, 2.4 (Responder). Projektform: Bootstrap-KI neben der verworfenen Prüfung (P8, R2), Sammelsatz aus Per-Protokoll und Sensitivität (P9, R1, R4), Untergrenzen „in 5.1 als Sensitivität“ (F17 § 3.2), Abb. 2 als Modellgrafik ohne Einzelwertdarstellung (F17 § 11.6).";"Korpus: nur erweitert · Fundstelle: erfüllt (2b.23)";"bausteine_2c.txt § 5"
"2c.39";"Funktion ohne Muster: Z2 Schäden";"Korpus und Fundstelle · § 5.1 „Ereignisse, Gründe“ (Kern 0), § 2.2, § 3.7 · P10, CONSORT 19, Raster 5.1.8";"A3 S3, S4";"A3 S3 und A3 S4. Kern 0, erweitert nur sekundär als Grund von Ausfällen oder verpassten Einheiten (Klusemann 1.1, 1.3, 1.6, Veith 3.3). In Kapitel 5 eigene Sätze im Orientierungszug, ohne Grund und ohne Kausalzuschreibung. Projektform: Meldungen und Spieler je Status, Kontrollgruppe ohne Instrument (P10, CONSORT 19, Raster 5.1.8), ohne Lokalisation (Register 9d), Bezugsmenge der neun Spieler offen (2b.45).";"Korpus: nur erweitert · Fundstelle: teilweise (2b.45)";"bausteine_2c.txt § 5"
"2c.40";"Funktion ohne Zeile in § 5.1: O3 Beanspruchung";"Korpus und Fundstelle · keine Zeile in § 5.1 · § 2.2 (O3 in 1), § 3.1, § 3.4 · Raster 5.1.7, F17 § 10, Register 3f";"A3 S1, S2";"A3 S1 und A3 S2. § 5.1 hat keine Zeile, § 2.2 nennt Beato als Beispiel: Kern O3 in 1 Studie (Beato 2.2, RPE je Gruppe mit M ± SD), erweitert Hilska 1.2 (Exposition je Gruppe) und 8.1 bis 8.3 (Begleitbedingungen der Kontrollgruppe). Projektform: CR-10 und sRPE-Load mit sechs Kennwerten im Satz (Raster 5.1.7), Load-Sprachregelung (F17 § 10), Klickentscheidung vom 24.09. Nr. 3 (Register 3f).";"Korpus: wie Muster · Fundstelle: erfüllt";"bausteine_2c.txt § 5, Beato2018 2.2"
"2c.41";"Funktion ohne Kernmuster: Fall C1 der Schlusslogik";"Korpus und Fundstelle · § 3.4, § 3.5, § 6.4 · Umfangsdokument § 5.1 (C1), P5, P6, Register 3c";"A5 S6 bis S8";"A5 S6 bis A5 S8. Nur der fehlende Nachweis (A5 S6) hat als Nullbefund ein Kernmuster in anderer Form (9 von 10). Lesart des Intervalls und Urteil haben im Kern kein Vorbild. Erweitert liest Klusemann Gruppenvergleiche über Schätzer ± 90-%-Grenzen mit dem Urteil „unclear“ (3.3, ohne Intervall im Satz 2.7 und 4.3), Nullformel und Intervall zugleich tragen dort nur Veränderungen je Gruppe (2.2, 2.5, 2.6, 4.4). Dass „unclear“ ein Intervall über beide Relevanzschwellen bezeichnet, ist an der Methodik zu bestätigen (2 d). Projektform: Musterformulierung C1 des Umfangsdokuments in drei Sätzen, abgewandelt im Präteritum, mit Quantor über drei Zielgrößen, „Unterschieden“ statt „Effekten“ und Plural (P6, Register 3c). Der Fall steht einmal für alle drei Zielgrößen, nicht je Zielgröße im Block, bewertet in 2c.34 (2b.9). Ein Vorbild für den Fall je Vergleich in der Klammer ist Klusemann 3.3.";"Korpus: nur erweitert · Fundstelle: erfüllt (2b.19, 2b.20)";"bausteine_2c.txt § 3 und § 5, Klusemann2012 2.2, 2.5, 2.6, 2.7, 3.3, 4.3, 4.4"
"2c.42";"Funktion ohne Muster: Entscheidungsregel und Entscheidung über H0";"Korpus und Fundstelle · § 3.7, § 0 Nr. 4 · 4.7 A3 S8, P7, Register 4a, 6f, 6k";"A5 S9, S10";"A5 S9 und A5 S10. Kern 0 und erweitert 0: Kein Ergebnisteil entscheidet über eine Hypothese („Kein Ergebnisteil endet mit einem Resümee, keiner entscheidet über eine Hypothese.“, § 0 Nr. 4), Regeln mit Entscheidung stehen nur als Analyseregeln mit V2 (Rogers 1.9, Veith 2.3). Projektform: Entscheidungsregel in der Sprache von 4.7 (A5 S9, 4.7 A3 S8) und Entscheidung über H0 (A5 S10, P7), weder „Studienprotokoll“ noch „Ethikantrag“ im Kapitel (Register 6k).";"Korpus: kein Muster · Fundstelle: erfüllt (2b.21)";"bausteine_2c.txt § 3 und § 5, Rogers2020 1.9, Veith2021 2.3"
"2c.43";"Funktion ohne Kernmuster: unadjustiert neben adjustiert";"Korpus und Fundstelle · § 5.1 „unadjustiert neben adjustiert“ (Kern 0), § 3.7 · CONSORT 18, P4, Raster 5.2.2, Register 10n";"A5 S1, S3";"A5 S1 und A5 S3. Kern 0, erweitert Hilska 3.3, 4.1 und 6.4 (beide Schätzer mit 95-%-KI in einer Klammer, nach den Inzidenzen je Gruppe). Kapitel 5 setzt beide Werte in Tab. 3 (A5 S1) und nennt im Satz Richtung und Abstand der unadjustierten (A5 S3), vor dem Modellergebnis, Hilska nennt beide Schätzer im selben Satz nach dem Rohbefund. Projektform: CONSORT 18, P4, Raster 5.2.2 („der Abstand ist der Befund, nicht die Deutung“), kein unadjustierter p-Wert (Register 10n). Stellung von A5 S3 vor dem Modellergebnis ohne Entscheidung (2b.6).";"Korpus: nur erweitert · Fundstelle: erfüllt (2b.18)";"bausteine_2c.txt § 3, Hilska2021 3.3, 4.1, 6.4"
"2c.44";"Umsetzung jenseits der Rate (Teile ohne Kernvorbild)";"Korpus und Fundstelle · § 5.1 „Umsetzung“ (Kern O2 in 5), § 3.1, § 6.4 · F17 § 3.2, Raster 5.1.6, 5.1.11";"A2 S1, S3, S4";"A2 S1, A2 S3 und A2 S4. Der Kern berichtet Raten (Lloyd 1.3, Beato 2.1, Negra 2019 1.3) oder dass alle Teilnehmer das Programm absolvierten (Negra 2020 1.2, Sammoud 1.1), Schwellen nur mit allen Teilnehmern darüber (Lloyd 1.3, Sammoud 1.1), alle Werte hoch (§ 3.1, § 6.4). Abgewandelt sind Meldungen nach Status, Median je Spieler, Spielerzahlen an Schwellen und Untergrenzen, die der Kern nicht hat. Erweitert stehen Spanne, Mittel, Schwellen mit Beleg und Einstufung (Rogers 1.9, 2.5 bis 2.7), Spieler an Schwellen (Klusemann 1.5), Anteile an Schwellen für Teams (Hilska 7.2, 7.4) und der Anteil vollständiger Durchführung (Veith 3.2). Untergrenzen nach zwei Zählregeln hat auch die Erweiterung nicht. Projektform: F17 § 3.2 (Zählregel, Untergrenzen „in 5.1 als Sensitivität“), Raster 5.1.6 und 5.1.11.";"Korpus: abgewandelt · Fundstelle: erfüllt (2b.27)";"bausteine_2c.txt § 3, Rogers2020 1.9, 2.5 bis 2.7, Klusemann2012 1.5, Hilska2021 7.2, 7.4, Veith2021 3.2"
"2c.45";"Prüfpunkt Objektsätze: Formen";"Korpus und Fundstelle · § 5.1 „Objekt einführen, Subjekt“ (Kern 5 · 3) und „Objekt einführen, Ort“ (Kern 10 · 7), K3 · Stilprofil Teil 4, Plan § 3 Task 11, Raster § 3.12, Textvorschlag 5 § 0, Register 1e, U2";"A1 S1, S3, A5 S1, S2";"Kapitel 5 führt fünf Objekte in vier Objektsätzen ein (A1 S1, A1 S3, A5 S1, A5 S2), alle in der Subjektform im Präsens („zeigt“, „enthält“), die Ort-Form („… stehen in Tab. ⟨n⟩.“, Befund § 5.1 rechts) bleibt ungenutzt. Im Kern ist die Ort-Form die häufigere (10 Sätze in 7 Studien gegen 5 in 3), erweitert stehen beide gleich oft (je 5 Sätze in 3 Studien, Ort bei Hilska, Veith und Rogers, Subjekt bei Rogers, Padrón-Cabo und Asimakidis). Stilprofil Teil 4 und Register 1e lassen beide Formen zu, Plan § 3 Task 11, Raster § 3.12 und Textvorschlag 5 § 0 verlangen die Subjektform (Register 1e, U2). Die Ort-Form wiche vom freigegebenen Wortlaut ab.";"Korpus: wie Muster · Fundstelle: erfüllt (Register 1e, U2)";"bausteine_2c.txt § 6"
"2c.46";"Prüfpunkt Blockanfänge im Gruppenvergleich";"Korpus und Fundstelle · § 3.3, K6, § 5.1 „Themenanker“ (als Blockbeginn 5 von 38) · F17 § 5a, Plan § 3 Task 11";"A5 S3 bis S6";"Vier Blöcke (2a.29): A5 S3 Quantor (nach dem Codebuch Einzelbefund), A5 S4 Modell als Partizip, A5 S5 Themenanker, A5 S6 Quantor. Kern 38 Blöcke: Zielgröße, Befund, Modellterm oder Analyse als Satzanfang 20 (davon Modellterm 9), Sammelbefund 6, Themenanker 5, Konnektor 4, Quantor über die Tests einer Zielgröße als Einzelbefund 1 (Hammami 1.3), Zeitangabe 1, Gruppe 1. Zwei der vier Blockanfänge (A5 S3, S6) haben die nächste Form, im Kern einmal (Hammami 1.3, Quantor über die Tests einer Zielgröße), A5 S3 und S6 quantifizieren über die drei konfirmatorischen Zielgrößen. A5 S4 entspricht dem Modellterm, A5 S5 dem Themenanker. Nach dem Hinweis H2 wären A5 S3 und S6 Sammelbefunde (Kern 6 von 38), das zählt nach der Zählregel nicht. Projektseite: je Zielgröße ein Block in fester Reihenfolge (F17 § 5a, Plan § 3 Task 11), teilweise erfüllt (2b.9).";"Korpus: abgewandelt · Fundstelle: teilweise (2b.9)";"bausteine_2c.txt § 6, 2a.29"
"2c.47";"Prüfpunkt Zuordnung paralleler Werte";"Korpus und Fundstelle · § 3.6 („respectively“ in 8 Sätzen aus 5 Studien) · Stilprofil Teil 3, Register r1";"A2 S1, S3, S4, A3 S3, A5 S5";"Parallele Werte ordnet der Kern mit „respectively“ zu (8 Sätze in 5 Kernstudien, erweitert in 6 Studien), darunter Umsetzung und Beanspruchung bei Beato (2.1, 2.2), mit „=“ (Lloyd 1.3) oder mit Bezeichnungen in der Klammer (Aloui 3.1, 4.1). Erweitert ordnet Klusemann auch über die Folge ohne Zuordnungswort zu, die Bezugsfolge im selben Satz (2.3, 2.5, 4.1). Kapitel 5 ordnet zu über „als …“ (A2 S1), direkte Paarung (A2 S3), „je“ (A3 S3) und einen Themenanker je Glied (A5 S5). Nur A2 S4 ordnet die Paare „neun und zwei“ und „neun und einer“ über die Folge der Schwellen zu, deren Bezugsfolge im vorigen Satz steht (A2 S3), dafür hat der Korpus kein Vorbild. Für Schritt 3 vorgemerkt: neben einem Zuordnungswort die Bezugsfolge im Satz. Projektseite: keine Regel in § 5.1, Stilprofil Teil 3 (eine Aussage je Satz, Komma-Ausnahme, 2b.47), Leseführung (2b.34).";"Korpus: abgewandelt · Fundstelle: keine Regel";"bausteine_2c.txt § 6, Beato2018 2.1, 2.2, Lloyd2016 1.3, Aloui2022 3.1, 4.1, Klusemann2012 2.3, 2.5, 4.1"
"2c.48";"Prüfpunkt Ausnahmen in eigenem Satz";"Korpus und Fundstelle · § 5.1 „Sammelbefund mit Ausnahme“ (Kern in Sammelbefunden 3 · 2), § 3.5, § 7 Nr. 5 · Stilprofil Teil 3";"A5 S11, A6 S1, S3";"Der Kern nennt Ausnahmen im selben Satz mit „except“ (in Sammelbefunden 3 Sätze in 2 Studien: Negra 2020 1.4, 1.5, Bouafif 1.1, dazu Sammoud 1.5 beim Ausgangsvergleich) oder in eigenem Satz, davor (Beato 4.1 → 4.2, Negra 2019 2.6, 2.7 → 2.8) oder danach (Lloyd 4.2 → 4.3, § 7 Nr. 5), erweitert mit „except“ bei einem Sammelbefund (Klusemann 2.2) und bei der Datenprüfung („All data except age were normally distributed.“, Veith 1.1). Kapitel 5 stellt Ausnahmen in eigene Sätze, A5 S11 hinter die drei konfirmatorischen Zielgrößen, A6 S1 vor die übrigen Prüfungen (A6 S3), beide Folgen haben Kernvorbilder. Stilprofil Teil 3 verlangt den eigenen Satz („Eine Aussage je Satz, Ausnahmen in einen eigenen Satz.“), die Folge „erst die Regel …, dann die Einschränkung“ gilt dort für Bedingungen. § 5.1 nennt für Ausnahmen keine Projektregel („keine eigene Projektregel (K8)“).";"Korpus: wie Muster · Fundstelle: keine Regel";"bausteine_2c.txt § 6, Negra2020 1.4, 1.5, Bouafif2026 1.1, Beato2018 4.1, 4.2, Negra2019 2.6 bis 2.8, Lloyd2016 4.2, 4.3, Klusemann2012 2.2, Veith2021 1.1"
