"Nr.";"Potenzial (Schritt 3)";"Korpusaussage (Wortlaut am Ort)";"Befundstelle";"Zahl laut Befund";"Nachzählung";"Ergebnis";"Folge für das Potenzial";"Beleg"
"2d.1";"Fall C1 je Zielgröße oder in der Klammer (2b.9, 2c.41)";"„berichten 9 von 10 ausdrücklich (alle außer Aloui). Drei Formen: fehlende Signifikanz … fehlender Unterschied … und Größenklasse ‚trivial‘“ (Befund § 3.5)";"Korpus · Befund § 3.5, § 0 Nr. 7 · 2a.33, 2b.10";"9 von 10 (alle außer Aloui), drei Formen";"24 Nullbefundsätze in 9 von 10 Kernstudien, ohne Aloui. Fehlende Signifikanz 18, fehlender Unterschied ohne Signifikanzwort 3, Größen- oder Relevanzkategorie 5 (Lloyd 4.2, Beato 4.2, Negra 2019 2.8, Moran 1.5, Moran 1.6). Zwei Formen tragen 2 Sätze (Lloyd 4.2, Negra 2020 1.4).";"bestätigt";"Zur dritten Form gehört neben „trivial“ auch „not … any substantial“ (Beato 4.2). Für den Fall C1 ohne Folge: Die Formen tragen den Nullbefund, die Lesart des Intervalls steht in 2d.2.";"nachzaehlung_2d.txt § 3"
"2d.2";"Fall C1 je Zielgröße oder in der Klammer (2b.9, 2c.41)";"„Keine Studie liest einen Nullbefund über ein Intervall oder gegen eine Relevanzschwelle.“ (Befund § 3.5) · „Nullbefunde berichten 9 von 10, immer ohne Intervall“ (Befund § 0 Nr. 7)";"Korpus (mit Volltext) · Befund § 3.5, § 0 Nr. 7 · 2a.33";"Intervall 0, Relevanzschwelle 0";"Intervall im Satz: 0 der 24 Nullbefundsätze des Kerns. Kategorie, die der Methodenteil an der kleinsten bedeutsamen Veränderung (SWC, 0,2 SD) festmacht: 2 Sätze (Lloyd 4.2, Negra 2019 2.8), dazu Beato 4.2 als Verneinung des im Methodenteil nicht definierten „substantial“, das nach Abb. 2 die Urteile unclear (3) und trivial (3) zusammenfasst. Moran 1.5, 1.6 „trivial“ ohne Schwelle. Negra 2019 nennt die 4 Vergleiche aus 2.8 in Tab. 4 „similar“, ihre 90-%-Grenzen (−0,6 bis 0,6, −0,7 bis 0,5) überschreiten beide Schwellen. Lloyd 4.2 übergeht mit „Nearly all“ ein „U“ in Abb. 1 (COM 20 m). Kern-Objekte mit „unclear“ je Vergleich: Lloyd Abb. 1 (1 von 16), Beato Abb. 2 (3 von 7). Erweitert Klusemann mit eigenen ± 90-%-Grenzen im Nullbefund (2.5, 2.6, 3.3, 4.4) und „unclear“ in 5 Sätzen. „unclear“ im Kern-Ergebnistext 0.";"abweichend („ohne Intervall“ bestätigt, „gegen keine Relevanzschwelle“ nicht)";"Der Kern liest Nullbefunde gegen die SWC nur als Kategorie ohne Intervall, auch wo das Intervall beide Schwellen überschreitet (Negra 2019 2.8), und fasst „unclear“ aus den Objekten im Text in Sammelbefunde (Lloyd 4.2, Beato 4.2). Für § 3.5 und 2a.33 heißt es genauer „nie über ein Intervall, gegen die SWC nur als Kategorie oder als ‚nicht substantiell‘“. Der Status von 2c.20 (abgewandelt) bleibt.";"nachzaehlung_2d.txt § 2, § 3"
"2d.3";"Fall C1 je Zielgröße oder in der Klammer (2b.9, 2c.41)";"„Kein Vorbild für die Schlusslogik (Intervall gegen null und SESOI, Fall C1)“ (Befund § 6.4) · „Ohne Korpusvorbild umgesetzt: Schlusslogik mit Intervall gegen null und SESOI (A5 S7, S8)“ (2b.37)";"Korpus (mit Volltext) · Befund § 6.4, § 2.1 · 2b.37";"kein Vorbild";"MBI nach Befund § 2.1 in 3 Kernstudien, ihre Methodenteile setzen die Schwelle 0,2 SD als SWC und lesen „unclear“ als Intervall über beide Schwellen (Lloyd S. 1244, Beato Manuskript S. 8 f. über die Chancen, Negra 2019 akzeptiertes Manuskript PDF-Seite 11), erweitert ebenso Klusemann. Ergebnistext: Fall C1 („unclear“) Kern 0, erweitert Klusemann 5 Sätze. Kern-Objekte tragen „unclear“ je Vergleich (Lloyd Abb. 1, Beato Abb. 2), Beato 4.2 fasst es im Text als „not … any substantial“. Ein Intervall gegen beide Schwellen liest im Kern-Ergebnistext nur Beato 4.1 (1 Satz, Chancen 71/27/2, Vorteil „possible“). Urteil als Kategorie an der SWC 2 Sätze (2d.2).";"abweichend (Fall C1 erweitert bei Klusemann im Text, im Kern in Objekten, nur für den Kern-Ergebnistext bestätigt)";"„Kein Vorbild“ gilt nur für den Fall C1 im Ergebnistext des Kerns. Im Kern stehen Schwelle und Lesart im Methodenteil, das Urteil „unclear“ in Objekten und als Sammelbefund im Text, erweitert liest Klusemann den Fall C1 im Text. 2b.37 bleibt „bewusst anders“ (P3, P5, P6), sein Korpusteil heißt genauer „ohne Kernvorbild für den Fall C1 im Text, erweitert Klusemann“.";"nachzaehlung_2d.txt § 2, § 4"
"2d.4";"Fall C1 je Zielgröße oder in der Klammer (2b.9, 2c.41)";"„Erweitert liest Klusemann Gruppenvergleiche über Schätzer ± 90-%-Grenzen mit dem Urteil ‚unclear‘ (3.3, ohne Intervall im Satz 2.7 und 4.3)“ (2c.41) · „Dass ‚unclear‘ ein Intervall über beide Relevanzschwellen bezeichnet, ist an der Methodik zu bestätigen (2 d).“ (2c.41) · „Klusemann (Veränderung mit 90-%-Grenzen, erklärt in 2.2, ± in 12 Befundsätzen)“ (Befund § 3.4)";"Korpus (mit Volltext) · 2c.41, 2c.21, 2c.22 · Befund § 3.4";"Gruppenvergleich mit „unclear“ 3.3, ohne Intervall 2.7 und 4.3 · ± in 12 Befundsätzen";"„unclear“ in 5 Sätzen (2.5, 2.7, 3.2, 3.3, 4.3), davon Gruppenvergleich (B1) 3 (2.7, 3.3, 4.3), mit ± im Satz 2 (2.5, 3.3). ± in 12 Sätzen mit Primärcode B. Methodik S. 2679: Grenzen als 90-%-Vertrauensgrenzen, „unclear“, wenn die Grenzen die Schwellen für kleine positive und negative Effekte überschreiten (0,2 SD auf beiden Seiten der Null), „substantial“ für einen klaren Effekt ab „small“ (Wortlaut im Protokoll § 2). Nullbefund mit eigenen Grenzen: 2.5, 2.6, 3.3, 4.4, darunter der Gruppenvergleich 3.3.";"bestätigt (in 2c.41 ungenau: Nullformel mit eigenen Grenzen auch im Gruppenvergleich 3.3)";"„unclear“ ist ein 90-%-Intervall über beide Schwellen (± 0,2 SD), „substantial“ ein klarer Effekt ab „small“. Das erweiterte Vorbild trifft den Fall C1 mit 90 statt 95 % und der Schwelle 0,2 SD wie der SESOI (0,2 × Zwischen-Athleten-SD), für den Fall C1 bleibt 2c.41 „nur erweitert“. In 2c.41 tragen Nullformel und Grenzen nicht „nur Veränderungen je Gruppe (2.2, 2.5, 2.6, 4.4)“, sondern 2.5, 2.6, 3.3, 4.4, darunter der Gruppenvergleich 3.3, 2.2 hat Grenzen nur an der Ausnahme.";"nachzaehlung_2d.txt § 2, § 3, § 4"
"2d.5";"Fall C1 je Zielgröße oder in der Klammer (2b.9, 2c.41)";"„Im Kern liest Beato eine Effektstärke mit 90-%-Grenzen gegen Schwellen in beide Richtungen“ (2c.21) · „ein Intervall nur bei Beato (90-%-Grenzen)“ (Befund § 0 Nr. 7) · „Beato 4.1 (ANCOVA, ES mit 90-%-Grenzen der MBI)“ (Befund § 3.4)";"Korpus (mit Volltext) · Befund § 0 Nr. 7, § 3.4 · 2c.21, 2c.22, 2c.41";"Intervall im Befundsatz nur Beato 4.1";"Kern-Befundsätze mit Intervall (Spalte ki): 1 (Beato 4.1). Methodik (Manuskript S. 8 f., Z. 190 bis 199): Schwellen für Nutzen und Schaden an der SWC (0,2 × Zwischen-Personen-SD), Effektstärkeklassen nach Cohen (trivial unter 0,2, small 0,2 bis 0,6), Chancen über 25 bis 75 % „possible“, „unclear“ nach dem Wortlaut bei einer Chance für Nutzen oder Schaden über 5 %. Tab. 1 wendet „und“ an (505 COD test 29/47/24), wörtlich angewandt wären 12 von 14 Zeilen unclear. „substantial“ ist im Methodenteil nicht definiert. 4.1 „substantially better“ mit ES 0,32 (small), Grenzen −0,05 bis 0,69 und Chancen 71/27/2 („possible“). 4.2 Nullbefund ohne Intervall, in Abb. 2 dreimal unclear und dreimal trivial, in der Diskussion „trivial and unclear differences“ (Manuskript S. 12).";"bestätigt („substantial“ im Methodenteil nicht definiert)";"Beato 4.1 ist ein Kernbaustein der Funktion „Lesart des Intervalls“ in anderer Bauform (Grenzen und Chancen in der Klammer, bei möglichem Vorteil statt im Fall C1), Lloyd 4.2 und Negra 2019 2.8 sind Kernbausteine der Funktion „Urteil“ als Kategorie an der SWC (2d.2). Nach der Statusregel von § 3.3 stehen 2c.21 und 2c.22 deshalb auf „abgewandelt“ statt „nur erweitert“, der Teil ohne Kernvorbild ist der Fall C1 im Text (erweitert Klusemann 2.7, 3.3, 4.3). 2c.41 bleibt für den Fall C1 „nur erweitert“, sein Satz „Lesart des Intervalls und Urteil haben im Kern kein Vorbild.“ gilt nur für diesen Fall. 2c je Satz danach: abgewandelt 14 Sätze mit 220 Wörtern, nur erweitert 8 mit 122, Kernbaustein 19 Sätze mit 311 von 450 Wörtern, über alle Zeilen abgewandelt 21, nur erweitert 16.";"nachzaehlung_2d.txt § 2, § 4"
"2d.6";"Fall C1 je Zielgröße oder in der Klammer (2b.9, 2c.41)";"„Ein Vorbild für den Fall je Vergleich in der Klammer ist Klusemann 3.3.“ (2c.41)";"Korpus (mit Volltext) · 2c.41 · 2b.9";"Klusemann 3.3 (erweitert)";"Befundsätze mit Klasse oder Urteil in der Klammer neben Schätzer und Grenzen: Kern 1 (Beato 4.1), erweitert 7 (Klusemann 2.2, 2.4, 2.8, 2.9, 3.1, 3.3, 4.2), „unclear“ in der Klammer nur Klusemann 3.3. Klasse in der Klammer ohne Grenzen: Padrón-Cabo 2.1, 2.2, 3.1, 3.2, 3.5, 4.1, 4.2, 5.1, 5.3, Asimakidis 1.3, 1.4, 1.5. Den Fall für mehrere Vergleiche in einem Satz fassen Beato 4.2 (Kern, „not … any substantial“ über sechs Tests, je Test in Abb. 2 dreimal unclear und dreimal trivial) und Klusemann 2.7 (erweitert, „trivial or unclear“ über drei Tests).";"bestätigt";"Für den Fall je Zielgröße in der Klammer gibt es ein Kernvorbild der Form (Beato 4.1, Klasse neben Grenzen und Chancen) und ein erweitertes Vorbild des Falls (Klusemann 3.3, „unclear“ neben Schätzer ± Grenzen). Auch die jetzige Form, der Fall einmal für mehrere Zielgrößen (2b.9), hat Vorbilder: Beato 4.2 im Kern mit dem Fall je Test in Abb. 2, Klusemann 2.7 erweitert.";"nachzaehlung_2d.txt § 2, § 4"
"2d.7";"Zuordnung in A2 S4 (2c.8, 2c.47, 2b.34)";"„‚respectively‘ ordnet parallele Werte Gruppen oder Tests zu (8 Sätze in 5 Studien).“ (Befund § 3.6) · „Parallele Werte ordnet der Kern mit ‚respectively‘ zu (8 Sätze in 5 Kernstudien, erweitert in 6 Studien)“ (2c.47)";"Korpus · Befund § 3.6 · 2c.47, 2b.34";"Kern 8 Sätze in 5 Studien, erweitert 6 Studien";"„respectively“ im Kern 7 Sätze in 5 Studien, mit dem Schreibfehler „respectfully“ (Beato 1.1) 8 in 5. Davon ordnen 6 Werte zu (Hammami 1.4, Beato 1.1, 2.1, 2.2, Negra 2019 2.3, Liu 2.4), 2 Objekte (Lloyd 1.1, Beato 3.2). Mit „respective“ (Hammami 1.3) steht ein Zuordnungswort für Werte im Kern in 7 Sätzen aus 4 Studien. Erweitert 11 Sätze in 6 Studien.";"ungenau (zwei der acht Sätze ordnen Objekte zu)";"Werte ordnet der Kern am häufigsten über eine Bezeichnung je Wert zu (2d.8), ein Zuordnungswort steht in 7 Sätzen aus 4 Studien. Für A2 S4 ist das Zuordnungswort eine von drei belegten Lösungen, nicht die mit der breitesten Kernbasis.";"nachzaehlung_2d.txt § 5"
"2d.8";"Zuordnung in A2 S4 (2c.8, 2c.47, 2b.34)";"„mit ‚=‘ (Lloyd 1.3) oder mit Bezeichnungen in der Klammer (Aloui 3.1, 4.1)“ (2c.47) · „Erweitert ordnet Klusemann auch über die Folge ohne Zuordnungswort zu, die Bezugsfolge im selben Satz (2.3, 2.5, 4.1)“ (2c.47) · „Nur A2 S4 ordnet die Paare ‚neun und zwei‘ und ‚neun und einer‘ über die Folge der Schwellen zu, deren Bezugsfolge im vorigen Satz steht (A2 S3), dafür hat der Korpus kein Vorbild.“ (2c.47)";"Korpus · 2c.47, 2c.8";"„=“ 1, Bezeichnungen Aloui 3.1 und 4.1, Folge erweitert (3), Bezugsfolge im vorigen Satz 0";"Kern: „=“ 1 (Lloyd 1.3). Bezeichnung je Wert 19 Sätze in 5 Studien (Negra 2020 1.4, Aloui 2.1, 3.1, 4.1, 6.1, 6.2, Liu 1.1, 2.3, 2.4, 3.4, 4.3, 4.4, Sammoud 2.1, 2.2, 2.3, 3.2, Bouafif 1.2, 3.1, 3.2). Folge ohne Zuordnungswort mit Bezugsfolge im selben Satz 1 (Aloui 5.1). Grenzfälle mit einem benannten Wert und einem Sammelwert 3 (Liu 3.3, Sammoud 1.5, Bouafif 1.1). Erweitert: Bezeichnung je Wert 27 Sätze in 5 Studien, Folge 3 (Klusemann 2.3, 2.5, 4.1). Bezugsfolge im vorigen Satz: 0.";"ungenau (häufigste Kernform ist die Bezeichnung je Wert, die Folge hat auch der Kern, Aloui 5.1)";"Für A2 S4 bestätigt: Die Bezugsfolge im vorigen Satz hat kein Vorbild. Häufigste Kernform ist die Bezeichnung je Wert (19 Sätze in 5 Studien), dann das Zuordnungswort (7 in 4), die Folge mit der Bezugsfolge im selben Satz hat der Kern einmal (Aloui 5.1). Lösbar mit einer Bezeichnung je Wert (wie A2 S3), einem Zuordnungswort oder der Bezugsfolge im Satz, jede Lösung kostet Wörter.";"nachzaehlung_2d.txt § 5"
"2d.9";"Fall C1 je Zielgröße im Block (2b.9)";"„Nach Zielgröße geordnet sind 6 von 10 (Lloyd, Hammami, Aloui, Liu, Moran, Bouafif teilweise).“ (Befund § 3.3) · „Nach Gruppe oder Analyseschritt über alle Zielgrößen ordnen Negra 2019 (Veränderung je Gruppe, dann Gruppenvergleich), Negra 2020 (Sammelbefunde je Analyseart) und Sammoud“ (Befund § 3.3) · „Beato berichtet den Weitsprung und einen Sammelbefund.“ (Befund § 3.3)";"Korpus · Befund § 3.3, § 0 Nr. 4 · 2b.9";"nach Zielgröße 6 (Bouafif teilweise), nach Gruppe oder Analyseschritt 3, Beato 1";"Regel: nach Zielgröße, wenn die Befundsätze mit einer einzelnen Zielgröße mindestens zwei Zielgrößen nennen, jede in einem zusammenhängenden Lauf, und Sätze über alle oder mehrere Zielgrößen höchstens die Hälfte stellen. Nach Gruppe oder Analyseschritt, wenn diese Sätze mehr als die Hälfte stellen. Nach Zielgröße 6 (Lloyd, Hammami, Aloui, Liu, Moran, Bouafif), nach Gruppe oder Analyseschritt 3 (Negra 2019, Negra 2020, Sammoud), sonst 1 (Beato). Bouafif beginnt mit 3 Sätzen über alle Zielgrößen, im Asymmetrieteil kehren Gleichgewicht, Sprung und Richtungswechsel wieder.";"bestätigt";"Beide Ordnungen sind im Kern belegt. Ein Fall je Zielgröße im Block folgte der Mehrheit, die Ordnung nach Analyseschritt hat mit Sammoud (2.1 bis 2.3 je ein Satz über alle Zielgrößen) das nächste ANCOVA-Vorbild. Für 2b.9 entscheiden Plan § 3 Task 11 und die Wortbilanz, nicht der Korpus.";"nachzaehlung_2d.txt § 6"
"2d.10";"Blockanfänge mit Quantor (2c.46), Fall je Zielgröße im Block (2b.9)";"„Von 38 Befundblöcken beginnen 20 mit Zielgröße, Befund, Modellterm oder der Analyse als Satzanfang (9 davon mit einem Modellterm), 6 mit einem Sammelbefund, einer mit einem Quantor über die Tests einer Zielgröße (Hammami 1.3), 5 mit einem Themenanker, 4 mit einem Konnektor (dreimal ‚However‘, einmal ‚Also‘), einer mit einer Zeitangabe (Beato 4.1) und einer mit einer Gruppe.“ (Befund § 3.3)";"Korpus · Befund § 3.3 · 2a.29, 2c.46";"38 · 20 (9) · 6 · 1 · 5 · 4 · 1 · 1";"38 Blöcke: Zielgröße, Befund oder Analyse 11 und Modellterm 9 (zusammen 20), Sammelbefund 6, Quantor 1 (Hammami 1.3), Themenanker 5, Konnektor 4 (However 3, Also 1), Zeitangabe 1, Gruppe 1. Doppelt zugehörig und nach dem Vorrang des Befunds gezählt: Negra 2019 2.8, Negra 2020 1.4, Lloyd 1.2. Quantor heißt hier All- oder Nullquantor („None of the 3 agility tests“), die Teilangabe Hammami 1.4 („Two of the 3 RCOD scores“) zählt wie im Befund zu Zielgröße oder Befund, als Quantor gezählt wären es 2 und 19. Modellterm heißt ein Haupteffekt oder eine Wechselwirkung als Gegenstand des Satzes, auch nach „There was“ oder „Analysis of … showed“ (Lloyd 3.1).";"bestätigt (mit der Vorrangfolge des Befunds, Quantor als All- oder Nullquantor)";"Für A5 S3 und A5 S6: Ein All- oder Nullquantor als Einzelbefund eröffnet einen von 38 Blöcken, Mehrheitsform ist Zielgröße, Befund, Modellterm oder Analyse am Satzanfang. Sammelbefunde mit Quantor am Satzanfang: Beato 4.2, Bouafif 1.1.";"nachzaehlung_2d.txt § 6"
"2d.11";"Blockanfänge mit Quantor (2c.46), Fall je Zielgröße im Block (2b.9)";"„(14 Sätze in 6 Studien, erweitert durchgehend bei Padrón-Cabo). Einen Befundblock eröffnen sie in 5 von 38 Blöcken (Negra 2019 2.4 und 2.8, Aloui 5.1, Sammoud 3.1, Bouafif 3.1).“ (Befund § 3.6)";"Korpus · Befund § 3.6 · 2c.46, 2b.34";"14 · 6, Blockbeginn 5";"Themenanker am Satzanfang 14 Sätze in 6 Studien, davon Blockbeginn 5 (Negra 2019 2.4, Negra 2019 2.8, Aloui 5.1, Sammoud 3.1, Bouafif 3.1).";"bestätigt";"Ein Block je Zielgröße mit Themenanker (wie A5 S5 „Beim 505-Seitenmittel“) ist im Kern belegt, als Blockbeginn selten (5 von 38).";"nachzaehlung_2d.txt § 6"
"2d.12";"Unadjustiert vor dem Modellergebnis (2b.6, 2c.17, 2c.43)";"„Das Modellergebnis vor Vergleiche einzelner Gruppen stellen … 4 von 5 (Lloyd innerhalb der Zielgrößenblöcke)“ (Befund § 6.2 K4) · „Ausnahme Negra 2020: erst die Veränderungen je Gruppe, dann der Gruppenvergleich.“ (Befund § 3.3)";"Korpus · Befund § 6.2 K4, § 3.3 · 2b.6";"4 von 5";"Modellergebnis vor den Einzelgruppen in 4 von 5 (Lloyd, Liu, Bouafif, Sammoud), Einzelgruppen zuerst bei Negra 2020 (1.4 vor 1.5). Die übrigen fünf Kernstudien haben keine zwei Befundarten in eigenen Sätzen nebeneinander, Grenzfall Aloui mit der Veränderung der Interventionsgruppe in der Klammer des Modellsatzes (Protokoll § 7).";"bestätigt";"K4 ordnet Modellergebnis und Einzelgruppen, nicht unadjustiert und adjustiert. Für A5 S3 trägt K4 nur die Grundfigur „Modellergebnis zuerst“, das Vorbild für die Folge der Schätzer steht in 2d.13.";"nachzaehlung_2d.txt § 7"
"2d.13";"Unadjustiert vor dem Modellergebnis (2b.6, 2c.17, 2c.43)";"„unadjustierter neben adjustiertem Schätzer 0 (erweitert: Hilska, IRR mit 95-%-KI)“ (Befund § 3.7) · „Kern 0, erweitert Hilska 3.3, 4.1 und 6.4 (beide Schätzer mit 95-%-KI in einer Klammer, nach den Inzidenzen je Gruppe)“ (2c.43)";"Korpus · Befund § 3.7 · 2c.43, 2c.17";"Kern 0, erweitert 3 Sätze";"Kern 0 Sätze mit „unadjusted“, „adjusted“ oder „crude“. Erweitert „unadjusted“ in 4 Sätzen (3.3, 4.1, 4.2, 6.4), beide Schätzer in einer Klammer in 3 (3.3, 4.1, 6.4), jeweils der unadjustierte zuerst, nach den Inzidenzen je Gruppe in 3.3 und 4.1, nach einem Vergleich in Worten ohne Werte je Gruppe in 6.4. Hilska 4.2 nennt nur das unadjustierte Modell.";"ungenau (2c.43: Hilska 6.4 ohne Inzidenzen je Gruppe, Befund § 3.7 bestätigt)";"Das einzige Vorbild stellt beide Schätzer in denselben Satz, den unadjustierten zuerst, meist nach den Werten je Gruppe. Ein eigener Satz zum unadjustierten Vergleich vor dem Modellergebnis (A5 S3) hat kein Vorbild. Hilska zu folgen hieße beide Werte im Satz, Kapitel 5 führt sie in Tab. 3 und nennt im Satz die Richtung. Vormerkung für 2c.43: „nach den Inzidenzen je Gruppe“ gilt für 3.3 und 4.1, nicht für 6.4.";"nachzaehlung_2d.txt § 7"
"2d.14";"Schluss mit dem Z1-Satz (2b.13, 2c.35)";"„8 von 10: Rahmen vor dem ersten Befund, letzter Satz ist ein Befundsatz (die übrigen zwei enden mit einem Objektsatz). … 7 von 10: der letzte Satz verweist auf ein Objekt, 5 davon in der Klammer am Satzende.“ (Befund § 2.1)";"Korpus · Befund § 2.1, § 6.2 K10 · 2b.13";"8 · 2 · 7 · 5";"Letzter Satz B-Code 8, Objektsatz 2 (Beato, Negra 2020), mit Objektverweis 7, Klammer am Satzende 5 (Lloyd, Hammami, Negra 2019, Aloui, Bouafif).";"bestätigt";"A6 S4 hat die Klammer am Satzende wie 5 von 10, ist nach dem Codebuch aber kein Befundsatz (2d.15).";"nachzaehlung_2d.txt § 8"
"2d.15";"Schluss mit dem Z1-Satz (2b.13, 2c.35)";"„Kein Kern-Ergebnisteil endet mit einem Z-Satz (Befundsatz 8, Objektsatz 2, Klammer am Satzende 5), erweitert enden vier mit einem O-Satz.“ (2b.13)";"Korpus · 2b.13";"Z am Schluss 0, erweitert O-Satz 4";"Letzter Satz mit Z-Primärcode 0 von 16. Erweitert O-Satz 4 (Hilska, Klusemann, Rogers, Asimakidis), die übrigen Veith 3.5 (X1 mit O2), Padrón-Cabo 5.3 (B3).";"bestätigt";"Ein Schluss mit Z1 hat kein Vorbild. Erweitert schließen Orientierungssätze nach den Befunden (Umsetzung, Messgüte, Begleitbedingungen).";"nachzaehlung_2d.txt § 8"
"2d.16";"Schluss und Entscheidung über H0 (2b.30)";"„Kein Ergebnisteil endet mit einem Resümee, keiner entscheidet über eine Hypothese.“ (Befund § 0 Nr. 4) · „10 von 10: kein Beleg, kein Resümee über die Studie, keine Entscheidung über eine Hypothese.“ (Befund § 2.1)";"Korpus · Befund § 0 Nr. 4, § 2.1 · 2b.30";"10 von 10";"„hypothes…“ in 0 von 212 Sätzen. Zusammenfassende Wendungen („in summary“, „overall“, „taken together“, „in conclusion“, „to summarize“, „collectively“, „in sum“) in 0. Letzter Satz im Kern Befundsatz 8 oder Objektsatz 2 (2d.14), erweitert Orientierungssatz 4 von 6 (2d.15).";"bestätigt";"A5 S10 (Entscheidung über H0) hat kein Vorbild, sie steht nach P7 (Register 4a). A6 S4 fasst die Absicherung zusammen, nicht die Studie (2b.30). Ein Potenzial, das P7 zurücknähme, bräuchte einen neuen Grund.";"nachzaehlung_2d.txt § 8"
"2d.17";"A5 S11 nach den Befunden (2b.28, 2b.30, 2c.25)";"„Analyseregeln (V2) stehen vorn (Rogers 1.2, 1.9, sekundär Sammoud 1.1, Klusemann 1.5) oder im Befundteil (Hilska 6.1, Veith 2.3, sekundär Lloyd 1.3), nie nach dem letzten Befund.“ (2b.28)";"Korpus · 2b.28 · 2c.25";"V2 7 Sätze, nach dem letzten Befund 0";"V2 primär oder sekundär in 7 Sätzen, vor dem ersten Befund: Sammoud 1.1 sekundär, Klusemann 1.5 sekundär, Rogers 1.2, Rogers 1.9 · im Befundteil: Lloyd 1.3 sekundär, Hilska 6.1, Veith 2.3 · nach dem letzten Befund: keine.";"bestätigt";"A5 S11 (V2) nach der Entscheidung über H0 hat kein Vorbild, eine Stellung vor den Befunden oder im Befundteil hätte eines.";"nachzaehlung_2d.txt § 8"
"2d.18";"Schluss mit dem Z1-Satz (2b.13, 2c.35), Einschränkung des 30-m-Befunds (2b.12)";"„keine Stellungsregel für Voraussetzungen und Sensitivität (im Kern nie berichtet, erweitert vorn oder im Befundteil)“ (Befund § 6.4) · „Der Kern hat keine Datenprüfung und keine Sensitivitätsanalyse, Z1 steht dort nur sekundär in Objektsätzen zu Einzelwertdarstellungen (Moran 1.1 bis 1.3 vorn, Liu 2.5 im Befundteil).“ (2b.28) · „Erweitert steht die Datenprüfung vorn (Veith 1.1, Asimakidis 1.1) oder mit einer Analyseregel im Befundteil (Hilska 6.1, Veith 2.3), Zusatzanalysen stehen vorn als Objektsatz (Rogers 1.3, 1.8), im Befundteil (Hilska 4.2, Rogers 2.1, 2.3, 2.4) oder danach (Asimakidis 1.6).“ (2b.28)";"Korpus · Befund § 6.4, § 3.7 · 2b.28, 2c.35";"V1 Kern 0, erweitert 4 · Z1 Kern 4 sekundär, erweitert 7, danach 1";"Lage nach dem Primärcode B. V1 Kern 0, alle 4 Sätze, vor dem ersten Befund: Veith 1.1, Asimakidis 1.1 · im Befundteil: Hilska 6.1 sekundär, Veith 2.3 sekundär · nach dem letzten Befund: keine. Z1 in 11 Sätzen, vor dem ersten Befund: Moran 1.1 sekundär, Moran 1.2 sekundär, Moran 1.3 sekundär, Rogers 1.3 sekundär, Rogers 1.8 sekundär · im Befundteil: Liu 2.5 sekundär, Hilska 4.2 sekundär, Rogers 2.1 sekundär, Rogers 2.3 sekundär, Rogers 2.4 sekundär · nach dem letzten Befund: Asimakidis 1.6. Z1 im Kern nur sekundär in Objektsätzen (Liu 2.5 X1, Moran 1.1 X1, Moran 1.2 X1, Moran 1.3 X1). Nach dem letzten Befund nur Asimakidis 1.6 (Primärcode Z1, sekundär B4, B2, Einzelreaktionen), darauf folgt Asimakidis 1.7 (O5). Veith 2.3 steht am Anfang des Blocks der Zielgröße, deren Modell er prüft.";"ungenau (§ 6.4: Z1 erweitert auch nach dem letzten Befund, 2b.28 bestätigt)";"Eine Zusatzanalyse nach allen Befunden hat ein erweitertes Vorbild (Asimakidis 1.6), keine Studie schließt mit ihr. Eine Datenprüfung steht nie nach dem letzten Befund, sondern vorn oder am Block, den sie betrifft (Veith 2.3). Die Stellung von A6 entscheiden Plan § 3 Task 11 und Textvorschlag 5 (2b.28).";"nachzaehlung_2d.txt § 8"
"2d.19";"Folge in A4 S2 (2b.8, 2b.7)";"„Wo Zielgrößen wiederkehren (Lloyd, Bouafif), kehren sie in derselben Folge wieder.“ (Befund § 3.3) · „bei Wiederkehr gleich (geprüft an Lloyd und Bouafif)“ (Befund § 6.2 K5)";"Korpus · Befund § 3.3, § 6.2 K5 · 2b.7, 2b.8";"2 Studien, Folge gleich";"Blockebene: Lloyd Sprint 2.1 bis 2.6, Sprung 3.1 bis 3.6, beide wieder in 4.3 in derselben Folge. Bouafif 1.4 Gleichgewicht, 2.1 Sprung, 2.3 Richtungswechsel, 3.1 Gleichgewicht, 3.2 Sprung, 3.3 Richtungswechsel, 4.1 Gleichgewicht, 4.2 Sprung, in jedem Teil steigend nach Gleichgewicht, Sprung, Richtungswechsel. Satzebene: 14 Kernsätze in 6 Studien nennen mindestens zwei von Sprint, Richtungswechsel und Sprung. Gegen die erste solche Aufzählung ihrer Studie geprüft, folgen 7 der übrigen 8 derselben Folge, abweichend Negra 2019 2.3 (SC gegen CSJ).";"bestätigt (Blockebene), auf Satzebene eine Ausnahme";"Eine nach dem Inhalt geordnete Folge in einem Satz hat ein Kernvorbild (Negra 2019 2.3, nach den Größenklassen „large and very large“ mit „respectively“). Ein Potenzial für A4 S2 stützt sich auf F17 § 5.1 (Reihenfolgetreue), nicht auf den Korpus.";"nachzaehlung_2d.txt § 9"
"2d.20";"„6,0 vollständige je Spieler“ in A2 S1 (Register 10u)";"„Knapp: Raten je Gruppe (Lloyd, Beato), eine Rate für beide Gruppen (Negra 2019) oder ‚alle‘ (Negra 2020, Sammoud mit ‚more than 85%‘).“ (Befund § 3.1) · „‚median‘ steht im Korpus nur in einem Objektsatz (Moran 1.2).“ (2c.5) · „Erweitert am nächsten sind Spanne und Mittel je Teilnehmer (Rogers 2.5, 2.7, Hilska 7.1)“ (2c.5)";"Korpus · Befund § 3.1 · 2c.5";"Kern 5 Studien, „median“ 1, je Teilnehmer 3 Sätze";"O2 im Kern 5 Sätze in 5 Studien, Wortwahl „compliance“ 2, „attendance“ 1, „completed“ 2, „adherence“ 0, Werte 82 bis 96 % oder „all“. „adherence“ erweitert 1 (Hilska 7.3), ohne Zahl. „median“ Moran 1.2 X1. Je Teilnehmer mit der angebotenen Zahl („out of … possible“) nur Rogers 2.5, 2.7 im ganzen Korpus, Hilska 7.1 zählt je Team und Woche.";"ungenau (Hilska 7.1 je Team, nicht je Teilnehmer)";"Der Korpus kennt kein „adherence“ als Bezeichnung eines Werts je Spieler. Am nächsten an A2 S1 ist „x out of a possible N“ (Rogers 2.5, 2.7, erweitert). Die Begriffsbrücke bleibt eine Projektfrage (4.6, Textvorschlag 5 § 9.1 Nr. 4).";"nachzaehlung_2d.txt § 10"
"2d.21";"Quantor in A5 S6 über „damit“ (2b.11)";"„Sammelbefunde (B4) in 6 von 10 (Codierer B: 8, darunter Liu 3.3 mit einem Nebensatz über die übrigen Paarvergleiche einer Zielgröße).“ (Befund § 3.5) · „Mit Quantor über alle oder alle übrigen Zielgrößen“ (Befund § 3.5) · „Mit Ausnahmeformel ‚except‘ in 2 Studien (Negra 2020 zweimal, Bouafif), dazu Sammoud beim Ausgangsvergleich (1.5).“ (Befund § 3.5) · „Sammelbefund mit Quantor, wo er über alle Zielgrößen gilt, Ausnahmen benennen“ (Befund § 6.2 K8)";"Korpus · Befund § 3.5, § 6.2 K8 · 2b.11";"6 von 10 (B: 8), „except“ 2 Studien";"B4 im Kern nach dem Konsens 6 Studien, nach Codierer B 8 (codes_B.json). „except“ in Sammelbefunden 2 Studien (Negra 2020, Bouafif), dazu Sammoud 1.5 (O4). Quantoren über Tests in Kern-Befundsätzen 18 Sätze in 8 Studien: über alle Tests der Studie 10 (Lloyd 1.2, 4.1, 4.2, Hammami 1.1, Negra 2020 1.4, 1.5, Sammoud 2.3, Bouafif 1.1, 1.2, 1.3, darunter vollständige Listen Hammami 1.1, Sammoud 2.3), über einen Teil mit der Menge in der Nominalphrase 8 (Lloyd 2.2, 3.2, 3.3, Hammami 1.3, 1.4, Beato 4.2, Negra 2019 2.8, Aloui 5.1), über einen Teil nur aus dem Zusammenhang 0. Die übrigen 15 Quantoren gelten Gruppen, Seiten, Modelltermen, Paarvergleichen oder einem Einzeltest.";"bestätigt";"Meint ein Kern-Quantor nur einen Teil der Tests, steht die Menge in der Nominalphrase („the 3 agility tests“, „both jumping variables“, „the other tests“, „the remaining tests (…)“ oder eine Liste). A5 S6 bindet „keiner Zielgröße“ nur über „damit“ an die drei konfirmatorischen, dafür hat der Kern kein Vorbild. Eine benannte Menge kostet Wörter.";"nachzaehlung_2d.txt § 11"
