"Code","ZeitKenn","Ziel","K","BEST","MEAN","Grund"
"BW-01","PRE","Z05",2,1.05,1.055,""
"BW-02","PRE","Z05",2,1.08,1.135,""
"BW-04","PRE","Z05",2,1.16,1.18,""
"BW-05","PRE","Z05",2,1.04,1.075,""
"BW-06","PRE","Z05",3,1.02,1.04333333333333,""
"BW-07","PRE","Z05",1,1.05,1.05,""
"BW-08","PRE","Z05",2,1.09,1.11,""
"BW-09","PRE","Z05",2,1.12,1.135,""
"BW-10","PRE","Z05",2,1.12,1.14,""
"BW-11","PRE","Z05",2,1.18,1.195,""
"BW-21","PRE","Z05",2,1.13,1.14,""
"HL-01","PRE","Z05",3,1.02,1.08666666666667,""
"HL-02","PRE","Z05",3,0.87,0.94,""
"HL-03","PRE","Z05",2,1,1.005,""
"HL-05","PRE","Z05",2,0.97,0.985,""
"HL-06","PRE","Z05",2,1.06,1.07,""
"HL-07","PRE","Z05",3,1.03,1.05333333333333,""
"HL-08","PRE","Z05",3,0.93,1,""
"VS-01","PRE","Z05",1,1.09,1.09,""
"VS-02","PRE","Z05",2,1.12,1.155,""
"VS-03","PRE","Z05",2,1.1,1.175,""
"VS-04","PRE","Z05",3,1.17,1.19666666666667,""
"VS-05","PRE","Z05",2,1.14,1.17,""
"VS-06","PRE","Z05",0,,,"zu wenige Werte"
"VS-07","PRE","Z05",1,1.19,1.19,""
"VS-08","PRE","Z05",0,,,"zu wenige Werte"
"VS-10","PRE","Z05",1,1.1,1.1,""
"VS-16","PRE","Z05",0,,,"zu wenige Werte"
"VS-17","PRE","Z05",0,,,"zu wenige Werte"
"VS-18","PRE","Z05",0,,,"zu wenige Werte"
"VS-11","PRE","Z05",1,1.18,1.18,""
"BW-01","POST","Z05",3,1.08,1.09666666666667,""
"BW-02","POST","Z05",3,1.08,1.08666666666667,""
"BW-04","POST","Z05",3,1.13,1.14333333333333,""
"BW-05","POST","Z05",3,1.1,1.11333333333333,""
"BW-06","POST","Z05",3,1.03,1.04,""
"BW-07","POST","Z05",0,,,"zu wenige Werte"
"BW-08","POST","Z05",2,1.03,1.06,""
"BW-09","POST","Z05",2,1.07,1.08,""
"BW-10","POST","Z05",2,1.09,1.1,""
"BW-11","POST","Z05",2,1.18,1.19,""
"BW-21","POST","Z05",0,,,"zu wenige Werte"
"HL-01","POST","Z05",3,1.1,1.12333333333333,""
"HL-02","POST","Z05",3,1.01,1.02666666666667,""
"HL-03","POST","Z05",3,1.08,1.09333333333333,""
"HL-05","POST","Z05",3,1.07,1.09333333333333,""
"HL-06","POST","Z05",3,1.03,1.04333333333333,""
"HL-07","POST","Z05",3,1.08,1.15333333333333,""
"HL-08","POST","Z05",2,1.07,1.12,""
"VS-01","POST","Z05",2,1.21,1.22,""
"VS-02","POST","Z05",2,1.24,1.25,""
"VS-03","POST","Z05",2,1.15,1.18,""
"VS-04","POST","Z05",3,1.13,1.17,""
"VS-05","POST","Z05",1,1.17,1.17,""
"VS-06","POST","Z05",2,1.12,1.155,""
"VS-07","POST","Z05",0,,,"zu wenige Werte"
"VS-08","POST","Z05",2,1.22,1.235,""
"VS-10","POST","Z05",2,1.15,1.16,""
"VS-16","POST","Z05",0,,,"zu wenige Werte"
"VS-17","POST","Z05",2,1.13,1.24,""
"VS-18","POST","Z05",1,1.24,1.24,""
"VS-11","POST","Z05",2,1.17,1.175,""
"BW-01","PRE","Z10",3,1.84,1.89,""
"BW-02","PRE","Z10",3,1.92,1.94666666666667,""
"BW-04","PRE","Z10",3,1.95,1.96333333333333,""
"BW-05","PRE","Z10",3,1.86,1.86333333333333,""
"BW-06","PRE","Z10",3,1.84,1.85,""
"BW-07","PRE","Z10",3,1.79,1.79666666666667,""
"BW-08","PRE","Z10",2,1.87,1.88,""
"BW-09","PRE","Z10",2,1.93,1.94,""
"BW-10","PRE","Z10",2,1.85,1.88,""
"BW-11","PRE","Z10",2,2.06,2.065,""
"BW-21","PRE","Z10",2,1.97,1.985,""
"HL-01","PRE","Z10",2,1.87,1.87,""
"HL-02","PRE","Z10",3,1.65,1.70333333333333,""
"HL-03","PRE","Z10",3,1.71,1.75333333333333,""
"HL-05","PRE","Z10",3,1.73,1.75333333333333,""
"HL-06","PRE","Z10",2,1.81,1.83,""
"HL-07","PRE","Z10",3,1.82,1.84,""
"HL-08","PRE","Z10",2,1.8,1.85,""
"VS-01","PRE","Z10",1,1.93,1.93,""
"VS-02","PRE","Z10",2,1.96,1.99,""
"VS-03","PRE","Z10",1,1.92,1.92,""
"VS-04","PRE","Z10",2,2,2.025,""
"VS-05","PRE","Z10",2,1.98,2.015,""
"VS-06","PRE","Z10",2,1.78,1.815,""
"VS-07","PRE","Z10",2,2.06,2.065,""
"VS-08","PRE","Z10",2,2.09,2.125,""
"VS-10","PRE","Z10",1,1.87,1.87,""
"VS-16","PRE","Z10",1,1.98,1.98,""
"VS-17","PRE","Z10",1,2.02,2.02,""
"VS-18","PRE","Z10",2,2,2.025,""
"VS-11","PRE","Z10",2,1.97,2.035,""
"BW-01","POST","Z10",0,,,"zu wenige Werte"
"BW-02","POST","Z10",0,,,"zu wenige Werte"
"BW-04","POST","Z10",0,,,"zu wenige Werte"
"BW-05","POST","Z10",0,,,"zu wenige Werte"
"BW-06","POST","Z10",0,,,"zu wenige Werte"
"BW-07","POST","Z10",0,,,"zu wenige Werte"
"BW-08","POST","Z10",0,,,"zu wenige Werte"
"BW-09","POST","Z10",0,,,"zu wenige Werte"
"BW-10","POST","Z10",0,,,"zu wenige Werte"
"BW-11","POST","Z10",0,,,"zu wenige Werte"
"BW-21","POST","Z10",0,,,"zu wenige Werte"
"HL-01","POST","Z10",3,1.98,1.99,""
"HL-02","POST","Z10",3,1.76,1.78666666666667,""
"HL-03","POST","Z10",3,1.83,1.85666666666667,""
"HL-05","POST","Z10",3,1.83,1.84333333333333,""
"HL-06","POST","Z10",3,1.88,1.88,""
"HL-07","POST","Z10",3,1.91,1.95,""
"HL-08","POST","Z10",2,1.88,1.915,""
"VS-01","POST","Z10",1,2.05,2.05,""
"VS-02","POST","Z10",1,2.06,2.06,""
"VS-03","POST","Z10",1,2.06,2.06,""
"VS-04","POST","Z10",3,1.93,2.00333333333333,""
"VS-05","POST","Z10",1,1.98,1.98,""
"VS-06","POST","Z10",2,1.84,1.885,""
"VS-07","POST","Z10",0,,,"zu wenige Werte"
"VS-08","POST","Z10",2,2.07,2.14,""
"VS-10","POST","Z10",2,1.94,1.96,""
"VS-16","POST","Z10",0,,,"zu wenige Werte"
"VS-17","POST","Z10",2,1.91,2,""
"VS-18","POST","Z10",1,2.08,2.08,""
"VS-11","POST","Z10",2,1.92,1.935,""
"BW-01","PRE","Z30",3,4.53,4.58666666666667,""
"BW-02","PRE","Z30",3,4.69,4.74,""
"BW-04","PRE","Z30",3,4.63,4.67666666666667,""
"BW-05","PRE","Z30",3,4.42,4.44666666666667,""
"BW-06","PRE","Z30",3,4.5,4.54666666666667,""
"BW-07","PRE","Z30",3,4.29,4.29666666666667,""
"BW-08","PRE","Z30",2,4.45,4.46,""
"BW-09","PRE","Z30",2,4.82,4.82,""
"BW-10","PRE","Z30",2,4.55,4.625,""
"BW-11","PRE","Z30",2,4.89,4.895,""
"BW-21","PRE","Z30",2,5,5.03,""
"HL-01","PRE","Z30",3,4.66,4.71,""
"HL-02","PRE","Z30",3,4.09,4.16333333333333,""
"HL-03","PRE","Z30",3,4.22,4.25,""
"HL-05","PRE","Z30",3,4.25,4.28666666666667,""
"HL-06","PRE","Z30",2,4.51,4.525,""
"HL-07","PRE","Z30",2,4.48,4.495,""
"HL-08","PRE","Z30",3,4.48,4.52,""
"VS-01","PRE","Z30",1,4.91,4.91,""
"VS-02","PRE","Z30",2,4.89,4.915,""
"VS-03","PRE","Z30",2,4.94,5,""
"VS-04","PRE","Z30",3,5.02,5.07333333333333,""
"VS-05","PRE","Z30",2,4.95,5,""
"VS-06","PRE","Z30",3,4.45,4.47666666666667,""
"VS-07","PRE","Z30",3,5.19,5.26,""
"VS-08","PRE","Z30",3,5.44,5.45666666666667,""
"VS-10","PRE","Z30",3,4.64,4.68333333333333,""
"VS-16","PRE","Z30",2,4.92,4.92,""
"VS-17","PRE","Z30",3,4.66,4.88,""
"VS-18","PRE","Z30",2,5.07,5.13,""
"VS-11","PRE","Z30",2,5.04,5.045,""
"BW-01","POST","Z30",3,4.54,4.57,""
"BW-02","POST","Z30",3,4.7,4.72666666666667,""
"BW-04","POST","Z30",3,4.68,4.71,""
"BW-05","POST","Z30",3,4.54,4.57333333333333,""
"BW-06","POST","Z30",3,4.51,4.51333333333333,""
"BW-07","POST","Z30",0,,,"zu wenige Werte"
"BW-08","POST","Z30",2,4.44,4.485,""
"BW-09","POST","Z30",2,4.78,4.795,""
"BW-10","POST","Z30",2,4.51,4.51,""
"BW-11","POST","Z30",2,4.89,4.89,""
"BW-21","POST","Z30",0,,,"zu wenige Werte"
"HL-01","POST","Z30",2,4.72,4.765,""
"HL-02","POST","Z30",2,4.24,4.48,""
"HL-03","POST","Z30",3,4.35,4.38666666666667,""
"HL-05","POST","Z30",3,4.3,4.43333333333333,""
"HL-06","POST","Z30",3,4.49,4.5,""
"HL-07","POST","Z30",3,4.79,4.82,""
"HL-08","POST","Z30",2,4.58,4.65,""
"VS-01","POST","Z30",3,4.79,4.93,""
"VS-02","POST","Z30",3,4.91,5.01333333333333,""
"VS-03","POST","Z30",2,5.23,5.245,""
"VS-04","POST","Z30",3,4.99,5.06,""
"VS-05","POST","Z30",2,5.03,5.12,""
"VS-06","POST","Z30",2,4.5,4.52,""
"VS-07","POST","Z30",0,,,"zu wenige Werte"
"VS-08","POST","Z30",2,5.22,5.33,""
"VS-10","POST","Z30",2,4.86,4.88,""
"VS-16","POST","Z30",0,,,"zu wenige Werte"
"VS-17","POST","Z30",2,4.76,4.81,""
"VS-18","POST","Z30",1,5.18,5.18,""
"VS-11","POST","Z30",2,4.64,4.68,""
"BW-01","PRE","SBJ",2,222,220.5,""
"BW-02","PRE","SBJ",2,228,224.5,""
"BW-04","PRE","SBJ",3,251,246.666666666667,""
"BW-05","PRE","SBJ",3,238,232.666666666667,""
"BW-06","PRE","SBJ",3,243,241.666666666667,""
"BW-07","PRE","SBJ",3,247,245.666666666667,""
"BW-08","PRE","SBJ",2,246,238,""
"BW-09","PRE","SBJ",2,237,237,""
"BW-10","PRE","SBJ",2,207,201,""
"BW-11","PRE","SBJ",2,222,216.5,""
"BW-21","PRE","SBJ",2,223,222,""
"HL-01","PRE","SBJ",3,236,229.666666666667,""
"HL-02","PRE","SBJ",2,251,248.5,""
"HL-03","PRE","SBJ",3,248,241.333333333333,""
"HL-05","PRE","SBJ",2,232,226,""
"HL-06","PRE","SBJ",3,243,238,""
"HL-07","PRE","SBJ",3,255,250,""
"HL-08","PRE","SBJ",3,245,238.333333333333,""
"VS-01","PRE","SBJ",3,228,219,""
"VS-02","PRE","SBJ",3,208,207,""
"VS-03","PRE","SBJ",2,235,231.5,""
"VS-04","PRE","SBJ",3,210,207.333333333333,""
"VS-05","PRE","SBJ",2,228,217.5,""
"VS-06","PRE","SBJ",2,259,257,""
"VS-07","PRE","SBJ",2,219,213,""
"VS-08","PRE","SBJ",1,202,202,""
"VS-10","PRE","SBJ",2,232,231.5,""
"VS-16","PRE","SBJ",2,226,225.5,""
"VS-17","PRE","SBJ",1,258,258,""
"VS-18","PRE","SBJ",2,209,205,""
"VS-11","PRE","SBJ",2,204,201.5,""
"BW-01","POST","SBJ",2,218,216,""
"BW-02","POST","SBJ",3,235,233.666666666667,""
"BW-04","POST","SBJ",2,250,244.5,""
"BW-05","POST","SBJ",3,237,227.666666666667,""
"BW-06","POST","SBJ",3,244,232.333333333333,""
"BW-07","POST","SBJ",0,,,"zu wenige Werte"
"BW-08","POST","SBJ",2,239,239,""
"BW-09","POST","SBJ",2,236,232.5,""
"BW-10","POST","SBJ",2,202,201.5,""
"BW-11","POST","SBJ",1,210,210,""
"BW-21","POST","SBJ",0,,,"zu wenige Werte"
"HL-01","POST","SBJ",2,237,237,""
"HL-02","POST","SBJ",1,238,238,""
"HL-03","POST","SBJ",2,240,236.5,""
"HL-05","POST","SBJ",1,216,216,""
"HL-06","POST","SBJ",2,243,237,""
"HL-07","POST","SBJ",2,243,237,""
"HL-08","POST","SBJ",2,245,237.5,""
"VS-01","POST","SBJ",2,224,223,""
"VS-02","POST","SBJ",2,197,195.5,""
"VS-03","POST","SBJ",2,226,222,""
"VS-04","POST","SBJ",2,212,211,""
"VS-05","POST","SBJ",2,225,225,""
"VS-06","POST","SBJ",2,262,261.5,""
"VS-07","POST","SBJ",0,,,"zu wenige Werte"
"VS-08","POST","SBJ",2,213,207.5,""
"VS-10","POST","SBJ",1,220,220,""
"VS-16","POST","SBJ",0,,,"zu wenige Werte"
"VS-17","POST","SBJ",2,235,233.5,""
"VS-18","POST","SBJ",2,227,222.5,""
"VS-11","POST","SBJ",2,218,215,""
"BW-01","PRE","CL",2,2.44,2.52,""
"BW-02","PRE","CL",2,2.44,2.475,""
"BW-04","PRE","CL",2,2.37,2.37,""
"BW-05","PRE","CL",2,2.46,2.515,""
"BW-06","PRE","CL",2,2.54,2.585,""
"BW-07","PRE","CL",2,2.41,2.47,""
"BW-08","PRE","CL",1,2.42,2.42,""
"BW-09","PRE","CL",2,2.49,2.51,""
"BW-10","PRE","CL",2,2.49,2.55,""
"BW-11","PRE","CL",1,2.69,2.69,""
"BW-21","PRE","CL",2,2.7,2.71,""
"HL-01","PRE","CL",2,2.48,2.53,""
"HL-02","PRE","CL",3,2.24,2.36333333333333,""
"HL-03","PRE","CL",3,2.39,2.41666666666667,""
"HL-05","PRE","CL",1,2.45,2.45,""
"HL-06","PRE","CL",3,2.45,2.46,""
"HL-07","PRE","CL",0,,,"zu wenige Werte"
"HL-08","PRE","CL",1,2.47,2.47,""
"VS-01","PRE","CL",2,2.5,2.52,""
"VS-02","PRE","CL",1,2.54,2.54,""
"VS-03","PRE","CL",2,2.47,2.555,""
"VS-04","PRE","CL",3,2.64,2.72666666666667,""
"VS-05","PRE","CL",1,2.58,2.58,""
"VS-06","PRE","CL",2,2.35,2.425,""
"VS-07","PRE","CL",2,2.49,2.59,""
"VS-08","PRE","CL",2,2.65,2.665,""
"VS-10","PRE","CL",2,2.4,2.495,""
"VS-16","PRE","CL",0,,,"zu wenige Werte"
"VS-17","PRE","CL",2,2.54,2.58,""
"VS-18","PRE","CL",1,2.61,2.61,""
"VS-11","PRE","CL",2,2.75,2.8,""
"BW-01","POST","CL",2,2.41,2.49,""
"BW-02","POST","CL",2,2.4,2.425,""
"BW-04","POST","CL",2,2.39,2.425,""
"BW-05","POST","CL",1,2.5,2.5,""
"BW-06","POST","CL",1,2.56,2.56,""
"BW-07","POST","CL",0,,,"zu wenige Werte"
"BW-08","POST","CL",2,2.46,2.485,""
"BW-09","POST","CL",1,2.55,2.55,""
"BW-10","POST","CL",2,2.36,2.38,""
"BW-11","POST","CL",2,2.51,2.52,""
"BW-21","POST","CL",0,,,"zu wenige Werte"
"HL-01","POST","CL",1,2.49,2.49,""
"HL-02","POST","CL",1,2.32,2.32,""
"HL-03","POST","CL",2,2.49,2.535,""
"HL-05","POST","CL",2,2.48,2.52,""
"HL-06","POST","CL",1,2.56,2.56,""
"HL-07","POST","CL",2,2.42,2.43,""
"HL-08","POST","CL",2,2.34,2.43,""
"VS-01","POST","CL",2,2.4,2.455,""
"VS-02","POST","CL",2,2.53,2.53,""
"VS-03","POST","CL",2,2.59,2.635,""
"VS-04","POST","CL",2,2.52,2.52,""
"VS-05","POST","CL",2,2.51,2.515,""
"VS-06","POST","CL",2,2.24,2.27,""
"VS-07","POST","CL",0,,,"zu wenige Werte"
"VS-08","POST","CL",2,2.75,2.76,""
"VS-10","POST","CL",2,2.45,2.495,""
"VS-16","POST","CL",0,,,"zu wenige Werte"
"VS-17","POST","CL",2,2.58,2.595,""
"VS-18","POST","CL",2,2.52,2.52,""
"VS-11","POST","CL",2,2.5,2.5,""
"BW-01","PRE","CR",2,2.67,2.695,""
"BW-02","PRE","CR",2,2.5,2.52,""
"BW-04","PRE","CR",2,2.48,2.59,""
"BW-05","PRE","CR",2,2.49,2.49,""
"BW-06","PRE","CR",2,2.61,2.625,""
"BW-07","PRE","CR",2,2.5,2.56,""
"BW-08","PRE","CR",1,2.41,2.41,""
"BW-09","PRE","CR",1,2.57,2.57,""
"BW-10","PRE","CR",2,2.52,2.56,""
"BW-11","PRE","CR",0,,,"zu wenige Werte"
"BW-21","PRE","CR",2,2.52,2.56,""
"HL-01","PRE","CR",2,2.49,2.555,""
"HL-02","PRE","CR",2,2.15,2.2,""
"HL-03","PRE","CR",2,2.47,2.515,""
"HL-05","PRE","CR",3,2.45,2.56333333333333,""
"HL-06","PRE","CR",3,2.37,2.49333333333333,""
"HL-07","PRE","CR",2,2.42,2.48,""
"HL-08","PRE","CR",2,2.49,2.51,""
"VS-01","PRE","CR",1,2.42,2.42,""
"VS-02","PRE","CR",2,2.47,2.48,""
"VS-03","PRE","CR",3,2.74,2.80666666666667,""
"VS-04","PRE","CR",3,2.59,2.63,""
"VS-05","PRE","CR",2,2.5,2.53,""
"VS-06","PRE","CR",2,2.29,2.405,""
"VS-07","PRE","CR",2,2.55,2.565,""
"VS-08","PRE","CR",2,2.55,2.655,""
"VS-10","PRE","CR",2,2.41,2.48,""
"VS-16","PRE","CR",2,2.32,2.405,""
"VS-17","PRE","CR",2,2.48,2.5,""
"VS-18","PRE","CR",0,,,"zu wenige Werte"
"VS-11","PRE","CR",2,2.64,2.685,""
"BW-01","POST","CR",2,2.68,2.71,""
"BW-02","POST","CR",1,2.44,2.44,""
"BW-04","POST","CR",2,2.52,2.58,""
"BW-05","POST","CR",0,,,"zu wenige Werte"
"BW-06","POST","CR",1,2.62,2.62,""
"BW-07","POST","CR",0,,,"zu wenige Werte"
"BW-08","POST","CR",2,2.5,2.54,""
"BW-09","POST","CR",1,2.55,2.55,""
"BW-10","POST","CR",2,2.49,2.545,""
"BW-11","POST","CR",2,2.55,2.595,""
"BW-21","POST","CR",0,,,"zu wenige Werte"
"HL-01","POST","CR",2,2.61,2.685,""
"HL-02","POST","CR",1,2.29,2.29,""
"HL-03","POST","CR",1,2.52,2.52,""
"HL-05","POST","CR",2,2.36,2.435,""
"HL-06","POST","CR",2,2.45,2.515,""
"HL-07","POST","CR",1,2.31,2.31,""
"HL-08","POST","CR",1,2.42,2.42,""
"VS-01","POST","CR",2,2.49,2.495,""
"VS-02","POST","CR",1,2.59,2.59,""
"VS-03","POST","CR",2,2.66,2.685,""
"VS-04","POST","CR",2,2.54,2.55,""
"VS-05","POST","CR",2,2.64,2.705,""
"VS-06","POST","CR",1,2.34,2.34,""
"VS-07","POST","CR",0,,,"zu wenige Werte"
"VS-08","POST","CR",2,2.62,2.66,""
"VS-10","POST","CR",1,2.37,2.37,""
"VS-16","POST","CR",0,,,"zu wenige Werte"
"VS-17","POST","CR",2,2.65,2.705,""
"VS-18","POST","CR",1,2.56,2.56,""
"VS-11","POST","CR",1,2.67,2.67,""
"BW-01","PRE","CM",,2.555,2.6075,""
"BW-02","PRE","CM",,2.47,2.4975,""
"BW-04","PRE","CM",,2.425,2.48,""
"BW-05","PRE","CM",,2.475,2.5025,""
"BW-06","PRE","CM",,2.575,2.605,""
"BW-07","PRE","CM",,2.455,2.515,""
"BW-08","PRE","CM",,2.415,2.415,""
"BW-09","PRE","CM",,2.53,2.54,""
"BW-10","PRE","CM",,2.505,2.555,""
"BW-11","PRE","CM",,,,"Eingang fehlt"
"BW-21","PRE","CM",,2.61,2.635,""
"HL-01","PRE","CM",,2.485,2.5425,""
"HL-02","PRE","CM",,2.195,2.28166666666667,""
"HL-03","PRE","CM",,2.43,2.46583333333333,""
"HL-05","PRE","CM",,2.45,2.50666666666667,""
"HL-06","PRE","CM",,2.41,2.47666666666667,""
"HL-07","PRE","CM",,,,"Eingang fehlt"
"HL-08","PRE","CM",,2.48,2.49,""
"VS-01","PRE","CM",,2.46,2.47,""
"VS-02","PRE","CM",,2.505,2.51,""
"VS-03","PRE","CM",,2.605,2.68083333333333,""
"VS-04","PRE","CM",,2.615,2.67833333333333,""
"VS-05","PRE","CM",,2.54,2.555,""
"VS-06","PRE","CM",,2.32,2.415,""
"VS-07","PRE","CM",,2.52,2.5775,""
"VS-08","PRE","CM",,2.6,2.66,""
"VS-10","PRE","CM",,2.405,2.4875,""
"VS-16","PRE","CM",,,,"Eingang fehlt"
"VS-17","PRE","CM",,2.51,2.54,""
"VS-18","PRE","CM",,,,"Eingang fehlt"
"VS-11","PRE","CM",,2.695,2.7425,""
"BW-01","POST","CM",,2.545,2.6,""
"BW-02","POST","CM",,2.42,2.4325,""
"BW-04","POST","CM",,2.455,2.5025,""
"BW-05","POST","CM",,,,"Eingang fehlt"
"BW-06","POST","CM",,2.59,2.59,""
"BW-07","POST","CM",,,,"Eingang fehlt"
"BW-08","POST","CM",,2.48,2.5125,""
"BW-09","POST","CM",,2.55,2.55,""
"BW-10","POST","CM",,2.425,2.4625,""
"BW-11","POST","CM",,2.53,2.5575,""
"BW-21","POST","CM",,,,"Eingang fehlt"
"HL-01","POST","CM",,2.55,2.5875,""
"HL-02","POST","CM",,2.305,2.305,""
"HL-03","POST","CM",,2.505,2.5275,""
"HL-05","POST","CM",,2.42,2.4775,""
"HL-06","POST","CM",,2.505,2.5375,""
"HL-07","POST","CM",,2.365,2.37,""
"HL-08","POST","CM",,2.38,2.425,""
"VS-01","POST","CM",,2.445,2.475,""
"VS-02","POST","CM",,2.56,2.56,""
"VS-03","POST","CM",,2.625,2.66,""
"VS-04","POST","CM",,2.53,2.535,""
"VS-05","POST","CM",,2.575,2.61,""
"VS-06","POST","CM",,2.29,2.305,""
"VS-07","POST","CM",,,,"Eingang fehlt"
"VS-08","POST","CM",,2.685,2.71,""
"VS-10","POST","CM",,2.41,2.4325,""
"VS-16","POST","CM",,,,"Eingang fehlt"
"VS-17","POST","CM",,2.615,2.65,""
"VS-18","POST","CM",,2.54,2.54,""
"VS-11","POST","CM",,2.585,2.585,""
