"Code","Gruppe","Alter","S_in","W_lb","Mutter_in","Vater_in","MP_in","Grund_MP","a_lo","w","beta0","beta1","beta2","beta3","PAS_in","PAH","Grund_PAH"
"BW-01","IG",14.6036960985626,68.503937007874,117.50638574454,70.0787401574803,72.4409448818898,71.259842519685,"",14.5,0.207392197125255,-5.62722587268994,0.612888193018481,-0.000799698973305955,0.537677330595483,74.5788604633197,91.8543627273126,""
"BW-02","IG",15.4852840520192,66.1417322834646,121.474706463868,61.8110236220472,66.1417322834646,63.9763779527559,"",15,0.970568104038328,-4.52741834360028,0.684069917864476,-0.000589611088295688,0.428885790554415,68.0850876281607,97.145696051227,""
"BW-04","IG",15.0855578370979,70.4724409448819,139.993536487397,68.8976377952756,70.8661417322835,69.8818897637795,"",15,0.171115674195757,-5.02227939767283,0.645768151950719,-0.000679549486652977,0.483640287474333,74.1891432735089,94.9902341978463,""
"BW-05","IG",15.1074606433949,67.3228346456693,126.324876231935,64.5669291338583,72.4409448818898,68.503937007874,"",15,0.21492128678987,-4.99516372347707,0.647866878850103,-0.000674621355236139,0.480640041067762,71.4615846713186,94.2084267446837,""
"BW-06","IG",15.1129363449692,58.2677165354331,97.0033953613461,68.1102362204724,74.4094488188976,71.259842519685,"",15,0.225872689938399,-4.98838480492813,0.648391560574949,-0.00067338932238193,0.479889979466119,66.9234741634795,87.0661860636489,""
"BW-07","IG",14.6392881587953,68.503937007874,136.907064816809,68.503937007874,72.4409448818898,70.4724409448819,"",14.5,0.278576317590691,-5.5824083504449,0.615104866529774,-0.000790637234770705,0.533876810403833,74.0700548494262,92.4853331715937,""
"BW-08","IG",15.0171115674196,74.4094488188976,140.434461011767,65.3543307086614,74.8031496062992,70.0787401574803,"",15,0.0342231348391522,-5.10701587953456,0.639209630390144,-0.000694949897330595,0.493016057494866,76.9085696699136,96.7505300621998,""
"BW-09","IG",15.0937713894593,64.1732283464567,97.6647821479008,64.9606299212598,72.4409448818898,68.7007874015748,"",15,0.187542778918548,-5.01211101984942,0.646555174537988,-0.000677701437371663,0.482515195071869,69.5624081057796,92.2527412347084,""
"BW-10","IG",15.192334017796,64.9606299212598,114.860838598321,62.992125984252,70.8661417322835,66.9291338582677,"",15,0.38466803559206,-4.89009048596851,0.655999445585216,-0.000655524845995893,0.4690140862423,69.0394591532352,94.0920318872686,""
"BW-11","IG",14.8145106091718,67.7165354330709,147.489253401683,67.3228346456693,72.8346456692913,70.0787401574803,"",14.5,0.629021218343599,-5.36176824093087,0.62601772073922,-0.00074602559890486,0.515166557152635,73.022175465159,92.7342071113458,""
"BW-21","IG",14.8856947296372,65.3543307086614,100.310329294119,64.5669291338583,77.9527559055118,71.259842519685,"",14.5,0.77138945927447,-5.27213319644079,0.630451067761807,-0.00072790212183436,0.507565516769336,72.0265970735634,90.7363853965121,""
"HL-01","IG",15.0636550308008,76.7716535433071,187.613385119331,66.5354330708661,72.8346456692913,69.6850393700787,"",15,0.127310061601644,-5.04939507186858,0.643669425051335,-0.000684477618069815,0.486640533880903,78.1493186241945,98.2371374374838,""
"HL-02","IG",15.2717316906229,69.6850393700787,151.237111858826,65.748031496063,67.3228346456693,66.5354330708661,"",15,0.543463381245722,-4.7917961670089,0.663607330595482,-0.000637660369609856,0.458138193018481,71.8376919579522,97.0034496805195,""
"HL-03","IG",15.3401779603012,69.2913385826772,135.5842912437,62.992125984252,70.4724409448819,66.7322834645669,"",15,0.680355920602327,-4.70705968514716,0.670165852156058,-0.000622259958932238,0.448762422997947,71.5922018273903,96.7861538184556,""
"HL-05","IG",14.5681040383299,70.0787401574803,146.386942090759,62.992125984252,72.0472440944882,67.5196850393701,"",14.5,0.136208076659823,-5.67204339493498,0.610671519507187,-0.000808760711841204,0.541477850787132,73.5650692756354,95.2608905932074,""
"HL-06","IG",15.482546201232,66.9291338582677,149.473413761347,61.8110236220472,70.8661417322835,66.3385826771654,"",15,0.965092402464066,-4.53080780287474,0.683807577002053,-0.000590227104722793,0.429260821355236,69.6241722788983,96.1291627140143,""
"HL-07","IG",15.1101984941821,69.6850393700787,134.70244219496,65.3543307086614,68.503937007874,66.9291338582677,"",15,0.220396988364133,-4.9917742642026,0.648129219712526,-0.000674005338809035,0.480265010266941,72.2260669227715,96.4818414445718,""
"HL-08","IG",15.211498973306,70.8661417322835,136.245678030254,66.5354330708661,75.1968503937008,70.8661417322835,"",15,0.422997946611911,-4.86636427104723,0.657835831622177,-0.00065121273100616,0.46638887063655,74.714377898076,94.8494034561296,""
"VS-01","KG",14.009582477755,65.3543307086614,111.774366927733,66.9291338582677,70.8661417322835,68.8976377952756,"",14,0.0191649555099254,-6.41701923340178,0.591795941136208,-0.000974696509240246,0.586875058179329,72.5847675199112,90.038630613143,""
"VS-02","KG",13.7084188911704,62.2047244094488,101.192178342859,66.5354330708661,73.2283464566929,69.8818897637795,"",13.5,0.416837782340863,-6.84097104722793,0.591959034907597,-0.00108536837782341,0.602146570841889,71.9509870756368,86.4543030439006,""
"VS-03","KG",14.2368240930869,64.9606299212598,96.7829330991613,66.9291338582677,71.259842519685,69.0944881889764,"",14,0.473648186173854,-6.11156105407255,0.598576830937714,-0.000905842299794661,0.569209295003422,72.0139217758829,90.2056551279434,""
"VS-04","KG",13.7056810403833,64.1732283464567,96.1215463126066,67.7165354330709,71.259842519685,69.488188976378,"",13.5,0.411362080766597,-6.84483086926762,0.59196325119781,-0.00108638028747433,0.602282970568104,72.8904903455355,88.040604531874,""
"VS-05","KG",13.8562628336756,66.1417322834646,116.18361217143,65.748031496063,80.3149606299213,73.0314960629921,"",13.5,0.71252566735113,-6.63254065708419,0.59173135523614,-0.00103072525667351,0.594780985626283,75.8235880513081,87.2310767444928,""
"VS-06","KG",14.4859685147159,67.7165354330709,130.072734689078,67.3228346456693,69.6850393700787,68.503937007874,"",14,0.971937029431896,-5.77666112251882,0.606011300479124,-0.000830351540041068,0.549840807665982,72.8185785363597,92.9934870937624,""
"VS-07","KG",13.7878165639973,64.1732283464567,112.215291452103,66.9291338582677,72.4409448818898,69.6850393700787,"",13.5,0.575633127994525,-6.72903620807666,0.591836762491444,-0.00105602299794661,0.598190978781656,72.8174994738454,88.1288547535286,""
"VS-08","KG",14.4339493497604,67.3228346456693,121.695168726052,68.8976377952756,70.8661417322835,69.8818897637795,"",14,0.867898699520875,-5.84658528405202,0.604459048596852,-0.000846113347022587,0.553884777549624,73.4508583547434,91.6569746816602,""
"VS-10","KG",13.8069815195072,66.9291338582677,120.151932890758,63.7795275590551,74.4094488188976,69.0944881889764,"",13.5,0.613963039014372,-6.70201745379877,0.591807248459959,-0.00104893963039014,0.597236180698152,74.0468252058717,90.3875806588403,""
"VS-16","KG",13.7494866529774,65.3543307086614,109.349282043699,67.3228346456693,75.5905511811024,71.4566929133858,"",13.5,0.498973305954827,-6.78307371663244,0.591895790554415,-0.00107018973305955,0.600100574948665,74.6640575466178,87.531180136917,""
"VS-17","KG",14.4640657084189,72.0472440944882,143.30047042017,67.3228346456693,71.259842519685,69.2913385826772,"",14,0.928131416837783,-5.80610287474333,0.60535772073922,-0.000836988090349076,0.551543531827515,75.9055014157011,94.9170254470978,""
"VS-18","KG",13.8097193702943,,,66.1417322834646,70.8661417322835,68.503937007874,"",,,,,,,,,"Eingang fehlt"
"VS-11","KG",14.1190965092402,67.3228346456693,138.670762914288,64.5669291338583,69.2913385826772,66.9291338582677,"",14,0.238193018480494,-6.26981047227926,0.595063839835729,-0.000941513757700205,0.578361437371663,72.3702436498321,93.0255741177478,""
