"CASE","STARTED","H010","Listenlabel_roh","Listenlabel","korrigiert","Analysecode","Status","CR10","Woche","H003","H006","H007","H008","H009","dublette","sammel"
18,"2026-07-20 18:05:21",1,"HL-01","HL-01",0,"HL-01","TEILW",9,"W1",1,1,2,1,2,0,0
26,"2026-07-21 19:42:03",3,"HL-03","HL-03",0,"HL-03","GANZ",4,"W1",1,4,1,2,2,0,0
36,"2026-07-23 20:13:19",2,"HL-02","HL-02",0,"HL-02","GARN",0,"W1",1,5,2,2,1,0,0
37,"2026-07-23 20:18:32",7,"HL-07","HL-07",0,"HL-07","GANZ",2,"W1",1,4,2,2,1,0,0
38,"2026-07-23 20:18:52",6,"HL-06","HL-06",0,"HL-06","GARN",0,"W1",1,5,2,2,1,0,0
39,"2026-07-23 21:02:28",15,"BW-07","BW-07",0,"BW-07","GANZ",2,"W1",1,4,2,1,2,0,0
40,"2026-07-23 21:06:29",13,"BW-05","BW-05",0,"BW-05","GANZ",2,"W1",2,4,2,2,2,0,0
41,"2026-07-24 09:49:03",1,"HL-01","HL-01",0,"HL-01","GARN",0,"W1",1,4,1,2,1,0,0
44,"2026-07-24 17:14:01",10,"BW-02","BW-02",0,"BW-02","GANZ",4,"W1",1,2,1,1,1,0,0
46,"2026-07-24 17:26:54",16,"BW-08","BW-08",0,"BW-08","GANZ",3,"W1",1,4,2,2,2,0,0
48,"2026-07-24 18:14:52",15,"BW-07","BW-07",0,"BW-07","GANZ",3,"W1",2,4,2,2,1,0,0
49,"2026-07-24 18:14:59",17,"BW-09","BW-09",0,"BW-09","GANZ",2,"W1",1,4,1,2,1,0,0
50,"2026-07-25 09:13:04",7,"HL-07","HL-07",0,"HL-07","TEILW",4,"W1",2,4,2,1,2,0,0
51,"2026-07-25 15:12:10",19,"BW-11","BW-11",0,"BW-11","GANZ",3,"W1",1,1,1,2,1,0,0
53,"2026-07-25 15:16:39",18,"BW-10","BW-10",0,"BW-10","GANZ",3,"W1",1,2,2,1,1,0,0
56,"2026-07-25 16:21:47",2,"HL-02","HL-02",0,"HL-02","GANZ",3,"W1",2,1,2,2,1,0,0
57,"2026-07-25 16:23:35",8,"HL-08","HL-08",0,"HL-08","GANZ",3,"W1",1,4,2,1,2,0,0
59,"2026-07-25 17:33:42",6,"HL-06","BW-06",1,"BW-06","GANZ",3,"W1",1,4,2,2,2,0,0
61,"2026-07-26 15:48:58",13,"BW-05","BW-05",0,"BW-05","GARN",0,"W1",1,4,2,2,2,0,0
62,"2026-07-26 17:05:23",1,"HL-01","HL-01",0,"HL-01","GANZ",2,"W1",2,4,2,2,1,0,0
63,"2026-07-26 17:41:19",3,"HL-03","HL-03",0,"HL-03","GANZ",3,"W1",1,4,2,2,1,0,0
66,"2026-07-26 18:11:13",10,"BW-02","BW-02",0,"BW-02","GANZ",3,"W1",2,5,2,2,1,0,0
70,"2026-07-26 20:21:43",6,"HL-06","BW-06",1,"BW-06","TEILW",7,"W1",2,4,1,2,2,0,0
71,"2026-07-26 22:04:01",8,"HL-08","HL-08",0,"HL-08","TEILW",4,"W1",2,4,2,2,2,0,0
74,"2026-07-27 09:22:18",16,"BW-08","BW-08",0,"BW-08","GANZ",3,"W2",2,4,1,2,2,0,0
76,"2026-07-27 11:10:20",17,"BW-09","BW-09",0,"BW-09","GANZ",2,"W2",2,4,2,2,1,0,0
78,"2026-07-28 18:17:15",10,"BW-02","BW-02",0,"BW-02","GANZ",2,"W2",3,2,2,2,1,0,0
79,"2026-07-28 19:51:32",3,"HL-03","HL-03",0,"HL-03","GANZ",4,"W2",3,4,2,1,1,0,0
87,"2026-07-30 12:00:14",1,"HL-01","HL-01",0,"HL-01","GANZ",3,"W2",3,4,2,2,1,0,0
88,"2026-07-30 18:23:39",16,"BW-08","BW-08",0,"BW-08","GANZ",3,"W2",3,3,1,2,2,0,0
90,"2026-07-31 08:32:33",10,"BW-02","BW-02",0,"BW-02","GANZ",3,"W2",4,2,2,2,1,0,0
91,"2026-07-31 14:41:35",13,"BW-05","BW-05",0,"BW-05","GANZ",3,"W2",3,4,2,2,2,0,0
94,"2026-08-01 18:15:26",2,"HL-02","HL-02",0,"HL-02","GANZ",3,"W2",3,1,2,2,1,0,0
95,"2026-08-01 19:28:29",7,"HL-07","HL-07",0,"HL-07","GANZ",3,"W2",4,3,2,1,2,0,0
99,"2026-08-01 20:17:49",12,"BW-04","BW-04",0,"BW-04","TEILW",9,"W2",3,4,1,2,2,0,0
101,"2026-08-01 22:29:00",14,"BW-06","BW-06",0,"BW-06","TEILW",4,"W2",3,1,2,2,1,0,0
102,"2026-08-02 03:07:24",18,"BW-10","BW-10",0,"BW-10","GANZ",3,"W2",3,2,2,1,1,0,0
103,"2026-08-02 12:04:03",16,"BW-08","BW-08",0,"BW-08","GANZ",3,"W2",4,4,2,2,2,0,0
107,"2026-08-02 14:22:32",3,"HL-03","HL-03",0,"HL-03","GANZ",2,"W2",3,4,2,1,2,0,0
108,"2026-08-02 15:28:45",18,"BW-10","BW-10",0,"BW-10","GANZ",4,"W2",4,2,2,1,1,0,0
110,"2026-08-02 16:16:56",19,"BW-11","BW-11",0,"BW-11","GANZ",4,"W2",4,1,2,2,1,0,0
114,"2026-08-02 18:12:58",2,"HL-02","HL-02",0,"HL-02","GANZ",3,"W2",4,3,2,2,2,0,0
115,"2026-08-02 19:55:48",1,"HL-01","HL-01",0,"HL-01","GANZ",3,"W2",4,4,2,2,1,0,0
116,"2026-08-02 21:05:56",14,"BW-06","BW-06",0,"BW-06","GARN",0,"W2",4,5,1,2,1,0,0
117,"2026-08-02 21:46:23",13,"BW-05","BW-05",0,"BW-05","GANZ",3,"W2",4,4,2,2,2,0,0
118,"2026-08-02 22:15:31",8,"HL-08","HL-08",0,"HL-08","GANZ",4,"W2",3,4,2,1,2,0,1
119,"2026-08-02 22:16:15",8,"HL-08","HL-08",0,"HL-08","GARN",0,"W2",4,4,2,2,2,0,1
120,"2026-08-02 22:54:42",17,"BW-09","BW-09",0,"BW-09","GANZ",2,"W2",3,4,2,2,1,0,0
122,"2026-08-04 04:52:53",17,"BW-09","BW-09",0,"BW-09","GANZ",3,"W3",4,4,2,2,1,0,0
126,"2026-08-04 19:15:30",10,"BW-02","BW-02",0,"BW-02","GANZ",3,"W3",5,1,2,2,1,0,0
128,"2026-08-05 09:21:32",7,"HL-07","HL-07",0,"HL-07","GANZ",2,"W3",5,3,2,1,2,0,0
133,"2026-08-06 22:12:08",10,"BW-02","BW-02",0,"BW-02","GANZ",3,"W3",6,2,2,2,1,0,0
134,"2026-08-07 09:50:34",7,"HL-07","HL-07",0,"HL-07","GANZ",2,"W3",6,3,2,1,2,0,0
136,"2026-08-07 11:00:16",16,"BW-08","BW-08",0,"BW-08","GANZ",3,"W3",5,4,2,2,1,0,0
137,"2026-08-07 16:20:39",8,"HL-08","HL-08",0,"HL-08","GANZ",2,"W3",5,4,1,2,2,0,0
138,"2026-08-07 17:10:56",1,"HL-01","HL-01",0,"HL-01","GANZ",3,"W3",5,4,2,2,1,0,0
140,"2026-08-07 17:25:33",4,"HL-04","BW-04",1,"BW-04","GANZ",2,"W3",3,4,2,2,1,0,0
144,"2026-08-08 20:08:58",13,"BW-05","BW-05",0,"BW-05","GANZ",3,"W3",5,4,2,2,2,0,0
147,"2026-08-09 17:53:13",13,"BW-05","BW-05",0,"BW-05","GANZ",2,"W3",6,4,2,2,2,0,0
149,"2026-08-09 18:31:07",1,"HL-01","HL-01",0,"HL-01","GANZ",3,"W3",6,4,2,2,1,0,0
150,"2026-08-09 18:34:00",16,"BW-08","BW-08",0,"BW-08","GANZ",3,"W3",6,3,2,2,2,0,0
151,"2026-08-09 18:36:44",2,"HL-02","HL-02",0,"HL-02","GANZ",3,"W3",5,1,2,2,2,0,0
152,"2026-08-09 18:38:04",8,"HL-08","HL-08",0,"HL-08","GANZ",2,"W3",6,4,2,2,1,0,0
153,"2026-08-09 20:40:07",3,"HL-03","HL-03",0,"HL-03","GANZ",3,"W3",5,1,2,2,2,0,1
154,"2026-08-09 20:41:09",3,"HL-03","HL-03",0,"HL-03","GARN",0,"W3",5,5,2,2,2,0,1
158,"2026-08-10 08:09:07",4,"HL-04","BW-04",1,"BW-04","GANZ",2,"W4",1,4,2,2,1,0,0
159,"2026-08-10 14:37:14",18,"BW-10","BW-10",0,"BW-10","GANZ",5,"W4",8,3,2,2,1,0,0
165,"2026-08-11 18:03:09",4,"HL-04","BW-04",1,"BW-04","GANZ",0,"W4",7,1,2,2,2,0,0
167,"2026-08-11 20:35:14",10,"BW-02","BW-02",0,"BW-02","GANZ",2,"W4",7,2,2,2,1,0,0
171,"2026-08-14 07:50:06",7,"HL-07","HL-07",0,"HL-07","GANZ",2,"W4",7,4,2,1,1,0,1
172,"2026-08-14 07:51:14",7,"HL-07","HL-07",0,"HL-07","GANZ",3,"W4",10,4,2,1,2,0,1
181,"2026-08-15 17:09:07",13,"BW-05","BW-05",0,"BW-05","GANZ",2,"W4",7,4,2,2,2,0,0
182,"2026-08-15 22:09:01",3,"HL-03","HL-03",0,"HL-03","GANZ",4,"W4",5,1,2,1,1,0,0
185,"2026-08-16 13:33:12",1,"HL-01","HL-01",0,"HL-01","GANZ",4,"W4",8,4,2,2,2,0,0
187,"2026-08-16 13:34:04",14,"BW-06","BW-06",0,"BW-06","GANZ",4,"W4",7,4,2,1,1,0,0
188,"2026-08-16 13:36:24",15,"BW-07","BW-07",0,"BW-07","GANZ",3,"W4",7,4,2,1,1,0,1
189,"2026-08-16 13:40:20",15,"BW-07","BW-07",0,"BW-07","GANZ",4,"W4",8,4,2,1,1,0,1
190,"2026-08-16 15:12:03",4,"HL-04","BW-04",1,"BW-04","GANZ",2,"W4",8,1,2,2,1,0,0
191,"2026-08-16 18:28:53",16,"BW-08","BW-08",0,"BW-08","GANZ",3,"W4",5,4,2,2,2,0,0
194,"2026-08-16 19:28:53",2,"HL-02","HL-02",0,"HL-02","GANZ",4,"W4",9,2,2,2,2,0,0
195,"2026-08-16 19:45:42",3,"HL-03","HL-03",0,"HL-03","GANZ",3,"W4",7,1,2,1,2,0,0
197,"2026-08-16 19:53:33",10,"BW-02","BW-02",0,"BW-02","GANZ",1,"W4",8,1,2,2,1,0,0
198,"2026-08-16 20:13:44",13,"BW-05","BW-05",0,"BW-05","GANZ",3,"W4",8,4,2,2,2,0,0
201,"2026-08-17 19:23:43",2,"HL-02","HL-02",0,"HL-02","GANZ",4,"W5",9,1,2,2,2,0,0
204,"2026-08-18 08:13:02",3,"HL-03","HL-03",0,"HL-03","GANZ",4,"W5",9,1,2,1,1,0,0
205,"2026-08-18 08:24:07",7,"HL-07","HL-07",0,"HL-07","GANZ",4,"W5",9,4,2,2,1,0,0
206,"2026-08-18 14:20:11",4,"HL-04","BW-04",1,"BW-04","GANZ",1,"W5",9,1,2,1,2,0,0
209,"2026-08-19 11:35:14",10,"BW-02","BW-02",0,"BW-02","GANZ",1,"W5",9,2,2,2,1,0,0
214,"2026-08-21 15:15:28",2,"HL-02","HL-02",0,"HL-02","GANZ",4,"W5",10,4,2,2,2,0,0
216,"2026-08-21 20:27:22",17,"BW-09","BW-09",0,"BW-09","GANZ",3,"W5",9,4,2,2,1,0,0
217,"2026-08-21 20:30:24",15,"BW-07","BW-07",0,"BW-07","GANZ",4,"W5",9,4,2,1,1,0,0
219,"2026-08-22 18:34:03",7,"HL-07","HL-07",0,"HL-07","GARN",0,"W5",10,5,2,2,2,0,0
222,"2026-08-23 10:52:57",16,"BW-08","BW-08",0,"BW-08","GANZ",3,"W5",9,2,2,2,2,0,1
223,"2026-08-23 10:53:34",16,"BW-08","BW-08",0,"BW-08","GANZ",3,"W5",10,4,2,2,2,0,1
224,"2026-08-23 11:24:30",18,"BW-10","BW-10",0,"BW-10","GANZ",5,"W5",10,4,2,2,2,0,0
228,"2026-08-23 21:04:01",3,"HL-03","HL-03",0,"HL-03","GANZ",4,"W5",9,4,2,2,1,0,0
229,"2026-08-23 21:07:19",17,"BW-09","BW-09",0,"BW-09","GANZ",4,"W5",10,4,1,2,1,0,0
230,"2026-08-23 21:14:46",10,"BW-02","BW-02",0,"BW-02","GANZ",2,"W5",10,1,2,2,1,0,0
232,"2026-08-23 21:16:45",1,"HL-01","HL-01",0,"HL-01","GANZ",3,"W5",10,4,2,2,1,0,0
246,"2026-08-28 13:21:33",15,"BW-07","BW-07",0,"BW-07","GANZ",4,"W6",11,4,2,1,1,0,0
250,"2026-08-29 19:17:14",7,"HL-07","HL-07",0,"HL-07","GARN",0,"W6",11,5,2,2,2,0,1
251,"2026-08-29 19:17:54",7,"HL-07","HL-07",0,"HL-07","GARN",0,"W6",12,1,2,2,2,0,1
252,"2026-08-30 11:39:43",1,"HL-01","HL-01",0,"HL-01","GANZ",4,"W6",12,4,2,2,1,0,0
253,"2026-08-30 11:39:57",3,"HL-03","HL-03",0,"HL-03","GARN",0,"W6",11,5,2,2,1,1,0
254,"2026-08-30 11:40:46",3,"HL-03","HL-03",0,"HL-03","GARN",0,"W6",11,5,2,2,1,1,0
255,"2026-08-30 12:09:09",2,"HL-02","HL-02",0,"HL-02","GANZ",4,"W6",11,2,2,2,2,0,0
256,"2026-08-30 12:11:35",12,"BW-04","BW-04",0,"BW-04","GANZ",1,"W6",11,1,2,2,1,0,0
257,"2026-08-30 14:30:20",10,"BW-02","BW-02",0,"BW-02","GANZ",2,"W6",11,4,2,2,2,0,0
258,"2026-08-30 16:54:40",10,"BW-02","BW-02",0,"BW-02","GANZ",2,"W6",12,5,2,2,1,0,0
260,"2026-08-30 21:51:58",17,"BW-09","BW-09",0,"BW-09","GANZ",3,"W6",11,4,2,2,1,0,1
261,"2026-08-30 21:53:04",17,"BW-09","BW-09",0,"BW-09","GARN",0,"W6",12,5,2,2,2,0,1
