"Code","kein_Listenplatz","NMELD","GANZ","GT","WOCAP","DIST","Grund"
"BW-01",FALSE,0,0,0,0,0,""
"BW-02",FALSE,12,12,12,12,12,""
"BW-04",FALSE,7,6,7,5,6,""
"BW-05",FALSE,8,7,7,7,7,""
"BW-06",FALSE,5,2,4,2,2,""
"BW-07",FALSE,6,6,6,6,6,""
"BW-08",FALSE,9,9,9,8,8,""
"BW-09",FALSE,8,7,7,7,7,""
"BW-10",FALSE,5,5,5,5,5,""
"BW-11",FALSE,2,2,2,2,2,""
"BW-21",TRUE,0,0,0,0,0,"nicht erhebbar"
"HL-01",FALSE,10,8,9,8,8,""
"HL-02",FALSE,9,8,8,8,7,""
"HL-03",FALSE,12,9,9,9,5,""
"HL-05",FALSE,0,0,0,0,0,""
"HL-06",FALSE,1,0,0,0,0,""
"HL-07",FALSE,11,7,8,7,7,""
"HL-08",FALSE,6,4,5,4,4,""
