"Code","ITT_Z05","ITT_Z10","ITT_Z30","ITT_SBJ","ITT_CL","ITT_CR","ITT_CM","PP5_Z30","PP6_Z30","PP7_Z30","AK9_Z30","FAMS_Z30","PP5_CM","PP6_CM","PP7_CM","AK9_CM","FAMS_CM","PP5_SBJ","PP6_SBJ","PP7_SBJ","AK9_SBJ","FAMS_SBJ"
"BW-01",1,0,1,1,1,1,1,0,0,0,0,1,0,0,0,0,1,0,0,0,0,1
"BW-02",1,0,1,1,1,1,1,1,1,1,1,1,1,1,1,1,1,1,1,1,1,1
"BW-04",1,0,1,1,1,1,1,1,1,0,0,1,1,1,0,0,1,1,1,0,0,1
"BW-05",1,0,1,1,1,0,0,1,1,1,0,1,0,0,0,0,0,1,1,1,0,1
"BW-06",1,0,1,1,1,1,1,0,0,0,0,1,0,0,0,0,1,0,0,0,0,1
"BW-07",0,0,0,0,0,0,0,0,0,0,0,0,0,0,0,0,0,0,0,0,0,0
"BW-08",1,0,1,1,1,1,1,1,1,1,1,1,1,1,1,1,1,1,1,1,1,1
"BW-09",1,0,1,1,1,1,1,1,1,1,0,1,1,1,1,0,1,1,1,1,0,1
"BW-10",1,0,1,1,1,1,1,1,0,0,0,1,1,0,0,0,1,1,0,0,0,1
"BW-11",1,0,1,1,1,0,0,0,0,0,0,1,0,0,0,0,0,0,0,0,0,1
"BW-21",0,0,0,0,0,0,0,0,0,0,0,0,0,0,0,0,0,0,0,0,0,0
"HL-01",1,1,1,1,1,1,1,1,1,1,0,1,1,1,1,0,1,1,1,1,0,1
"HL-02",1,1,1,1,1,1,1,1,1,1,0,1,1,1,1,0,1,1,1,1,0,1
"HL-03",1,1,1,1,1,1,1,1,1,1,1,1,1,1,1,1,1,1,1,1,1,1
"HL-05",1,1,1,1,1,1,1,0,0,0,0,1,0,0,0,0,1,0,0,0,0,1
"HL-06",1,1,1,1,1,1,1,0,0,0,0,1,0,0,0,0,1,0,0,0,0,1
"HL-07",1,1,1,1,0,1,0,1,1,1,0,1,0,0,0,0,0,1,1,1,0,1
"HL-08",1,1,1,1,1,1,1,0,0,0,0,1,0,0,0,0,1,0,0,0,0,1
"VS-01",1,1,1,1,1,1,1,1,1,1,0,1,1,1,1,0,1,1,1,1,0,1
"VS-02",1,1,1,1,1,1,1,1,1,1,0,1,1,1,1,0,1,1,1,1,0,1
"VS-03",1,1,1,1,1,1,1,1,1,1,0,1,1,1,1,0,1,1,1,1,0,1
"VS-04",1,1,1,1,1,1,1,1,1,1,0,1,1,1,1,0,1,1,1,1,0,1
"VS-05",1,1,1,1,1,1,1,1,1,1,0,1,1,1,1,0,1,1,1,1,0,1
"VS-06",0,1,1,1,1,1,1,1,1,1,0,1,1,1,1,0,1,1,1,1,0,1
"VS-07",0,0,0,0,0,0,0,0,0,0,0,0,0,0,0,0,0,0,0,0,0,0
"VS-08",0,1,1,1,1,1,1,1,1,1,0,1,1,1,1,0,1,1,1,1,0,1
"VS-10",1,1,1,1,1,1,1,1,1,1,0,1,1,1,1,0,1,1,1,1,0,1
"VS-16",0,0,0,0,0,0,0,0,0,0,0,0,0,0,0,0,0,0,0,0,0,0
"VS-17",0,1,1,1,1,1,1,1,1,1,0,1,1,1,1,0,1,1,1,1,0,1
"VS-18",0,0,0,0,0,0,0,0,0,0,0,0,0,0,0,0,0,0,0,0,0,0
"VS-11",1,1,1,1,1,1,1,1,1,1,0,1,1,1,1,0,1,1,1,1,0,1
